{"name":"t:sections.header.name","type":"header","sections":{"announcement-bar":{"type":"announcement-bar","settings":{"color_scheme":"scheme-2","content":"<p><strong>Make an Announcement Here! 📣<\/strong><\/p>"}},"header":{"type":"header","settings":{"expanded_width":false,"sticky_header":true,"show_line_separator":false,"color_scheme":"scheme-1","logo":"shopify:\/\/shop_images\/Flavory.png","logo_width":180,"logo_width_mobile":100,"menu":"header-menu","menu_position":"menu-center","menu_type_desktop":"mega","mega_color_scheme":"scheme-2","collection_featured_image":true,"hide_cart_text":false,"active_menu_color_scheme":"#ff6628","box_shadow":true,"enable_language_selector":true,"enable_country_selector":true,"enable_country_flags":true,"enable_country_name":false,"padding_top":30,"padding_bottom":30}}},"order":["announcement-bar","header"]}