{"name":"t:sections.footer.name","type":"footer","sections":{"footer":{"type":"footer","blocks":{"image":{"type":"image","settings":{"image_width":180,"alignment":"left"}},"link_list-1":{"type":"link_list","settings":{"heading":"Our Store","menu":"main-menu"}},"link_list-2":{"type":"link_list","settings":{"heading":"My Account","menu":"footer"}},"text":{"type":"text","settings":{"heading":"About us","subtext":"<p>Welcome to Igloo Fashion Store, where style meets sustainability in a unique...<\/p><p>Read More<\/p>"}},"brand_information":{"type":"brand_information","settings":{"heading":"Follow Us","brand_image_width":100,"brand_description":"","show_social":true}},"newsletter":{"type":"newsletter","settings":{"heading":"Sign up and save","description":""}}},"block_order":["image","link_list-1","link_list-2","text","brand_information","newsletter"],"settings":{"full_width":false,"blocks_accordion":true,"color_scheme":"light","newsletter_enable":false,"newsletter_heading":"Subscribe to our emails","newsletter_description":"<p>Subscribe to get special offers, free giveaways, and once-in-a-lifetime deals.<\/p>","heading_size":"h3","enable_follow_on_shop":true,"enable_country_selector":true,"enable_language_selector":true,"payment_enable":true,"show_policy":true,"copyright_text":"All rights reserved","show_powered_by":true}}},"order":["footer"]}