{"name":"t:sections.header.name","type":"header","sections":{"announcement-bar":{"type":"announcement-bar","blocks":{"announcement-bar-0":{"type":"announcement","settings":{"text":"⚡️ Free Shipping On All Orders Over $100","link":""}}},"block_order":["announcement-bar-0"],"settings":{"full_width":true,"color_scheme":"primary","enable_scroll":true,"scrolling_speed":2}},"header":{"type":"header","settings":{"full_width":true,"color_scheme":"light","sticky_header":false,"transparent_header":false,"logo_width":120,"logo_width_mobile":100,"logo_position":"top-center","mobile_logo_position":"left","menu":"main-menu","menu_type_desktop":"mega","show_mega_menu_image":true,"navigation_position":"inline-with-logo","enable_overlay_navigation":true,"information_links":"main-menu","promo_heading":"Fashion Finds for Every Occasion","promo_description":"<p>Explore a curated collection of fashion essentials, perfect for diverse occasions. From casual chic to formal elegance, find your style here<\/p>","show_social_links":true,"collection":[],"collection_style":"standard","enable_country_selector":true,"enable_language_selector":true,"enable_account_popup":true}}},"order":["announcement-bar","header"]}