{"sections":{"slideshow":{"type":"slideshow","blocks":{"slide_1":{"type":"slide","settings":{"image_overlay_opacity":0,"subheading":"","heading":"Enhance Grooming, Exude Confidence","heading_size":"h2","description":"<p>Refine your grooming routine, exude unparalleled <br\/>confidence effortlessly every day!<\/p>","primary_button_label":"Shop Now","primary_button_link":"","primary_button_style":"primary","secondary_button_label":"","secondary_button_link":"","secondary_button_style":"secondary","box_align":"middle-center","text_alignment":"center","show_text_box":false,"color_scheme":"","text_alignment_mobile":"center"}}},"block_order":["slide_1"],"settings":{"expanded_width":true,"slide_height":"original","auto_rotate":true,"change_slides_speed":5,"image_animation":false,"show_text_below":true}},"collection_list":{"type":"collection-list","blocks":{"featured_collection_1":{"type":"featured_collection","settings":{"collection":"","color_scheme":"","title":"","link":"","description":""}},"featured_collection_2":{"type":"featured_collection","settings":{"collection":"","color_scheme":"","title":"","link":"","description":""}},"featured_collection_3":{"type":"featured_collection","settings":{"collection":"","color_scheme":"","title":"","link":"","description":""}},"featured_collection_4":{"type":"featured_collection","settings":{"collection":"","color_scheme":"scheme-1","title":"","link":"","description":""}},"featured_collection_5":{"type":"featured_collection","settings":{"collection":"","color_scheme":"scheme-1","title":"","link":"","description":""}},"featured_collection_6":{"type":"featured_collection","settings":{"collection":"","color_scheme":"scheme-1","title":"","link":"","description":""}}},"block_order":["featured_collection_1","featured_collection_2","featured_collection_3","featured_collection_4","featured_collection_5","featured_collection_6"],"settings":{"title":"Helping Live Confidently","heading_size":"h3","heading_alignment":"center","color_scheme":"","collections_per_row":6,"enable_slider_scrollbar":false,"show_view_all":false,"style":"simple","image_width":"small","image_ratio":"original","custom_ratio":1,"title_size":"h5","grid_alignment":"left","show_product_count":true,"collections_per_row_mobile":"1","swipe_on_mobile":true,"padding_top":80,"padding_bottom":80}},"rich_text":{"type":"rich-text","blocks":{"heading":{"type":"heading","settings":{"subheading":"","heading":"Consult With Our Experts","heading_size":"h2","autoslide":""}},"text":{"type":"text","settings":{"text":"<p>Consult with our expert online and get answers to all your healthcare-related queries.<\/p>"}},"button":{"type":"button","settings":{"button_label":"Available Now","button_suggestions":"Consult Now","button_link":"","button_style_primary":"primary","button_label_2":"","button_suggestions_2":"","button_link_2":"","button_style_secondary":"outline"}}},"block_order":["heading","text","button"],"settings":{"expanded_width":true,"color_scheme":"scheme-3","padding_top":100,"padding_bottom":100}},"featured_collection":{"type":"featured-collection","blocks":{"featured_collection1":{"type":"featured_collection","settings":{"collection":"","title":""}},"featured_collection2":{"type":"featured_collection","settings":{"collection":"","title":""}},"featured_collection3":{"type":"featured_collection","settings":{"collection":"","title":""}},"featured_collection4":{"type":"featured_collection","settings":{"collection":"","title":""}}},"block_order":["featured_collection1","featured_collection2","featured_collection3","featured_collection4"],"settings":{"title":"Our Products","heading_size":"h2","heading_alignment":"center","color_scheme":"scheme-1","products_to_show":8,"products_per_row":4,"enable_slider_scrollbar":true,"show_view_all":true,"grid_color_scheme":"scheme-2","grid_style":"classic","image_ratio":"original","show_secondary_image":false,"show_vendor":true,"show_rating":true,"enable_quick_add":true,"show_color_swatches":true,"grid_text_alignment":"center","products_per_row_mobile":"2","swipe_on_mobile":true,"padding_top":100,"padding_bottom":100}},"image_banner":{"type":"image-banner","settings":{"image_height":"original","image_overlay_opacity":0,"fixed_background_image":false,"subheading":"<strong>Revitalizing Scalp Benefits<\/strong>","heading":"The Power Of Olive Oil For Stimulating Hair","heading_size":"h1","description":"<p>Harness the rejuvenating prowess of Olive Oil. Nourish your strands with this elixir, promoting a revitalized scalp and vibrant, resilient hair.<\/p>","button_label":"Shop Now","button_link":"shopify:\/\/collections\/all","button_style":"primary","desktop_content_position":"middle-left","show_text_box":false,"desktop_content_alignment":"left","color_scheme":"","mobile_content_alignment":"center","show_text_below":false}},"text_columns_with_icons":{"type":"text-columns-with-icons","blocks":{"column_0":{"type":"column","settings":{"color_scheme":"scheme-3","icon":"icon-truck-svg","title":"Free Shipping","text":"<p>We deliver in 48 hours max!<\/p>"}},"column_1":{"type":"column","settings":{"color_scheme":"","icon":"icon-package","title":"100% Original Protein","text":"<p>Purity for Optimal Muscle Growth<\/p>"}},"column_2":{"type":"column","settings":{"color_scheme":"","icon":"icon-user","title":"We Are Available 24\/7","text":"<p>Contact us by chat, mail, phone<\/p>"}},"column_3":{"type":"column","settings":{"color_scheme":"","icon":"icon-secure","title":"Secure Payment","text":"<p>Visa, Mastercard, Amex, PayPal<\/p>"}}},"block_order":["column_0","column_1","column_2","column_3"],"settings":{"title":"","heading_size":"h2","heading_alignment":"center","color_scheme":"scheme-3","style":"simple","column_per_row":4,"title_size":"h5","text_alignment":"center","column_per_row_mobile":"2","padding_top":100,"padding_bottom":100}},"multicolumn":{"type":"multicolumn","blocks":{"content":{"type":"content","settings":{"subheading":"","title":"Meet Our Experts","title_size":"h2","description":"<p>Meet our experts: a dedicated team of professionals committed to delivering unparalleled knowledge, guidance, and solutions tailored to your needs.<\/p>","button_label":"Contact Us","button_link":"","button_style":"primary","text_alignment":"left"}},"column_1":{"type":"column","settings":{"color_scheme":"scheme-2","active_color_scheme":"","title":"Dr. Alexander Beck","heading_size":"h3","description":"<p>Dr. Amy Jones is an esteemed clinical psychologist renowned for her expertise in mental health advocacy and therapeutic interventions. With a doctoral degree in Clinical Psychology from a prestigious university, Dr. Jones has dedicated her career to improving the lives of individuals struggling with psychological challenges.<\/p><p>Her professional journey encompasses extensive experience working with diverse populations, ranging from children and adolescents to adults and seniors. Dr. Jones is deeply committed to providing compassionate and evidence-based care, tailoring her approach to meet the unique needs of each client.<\/p><p>In addition to her clinical work, Dr. Jones is a passionate advocate for mental health awareness and destigmatization. She actively engages in community outreach initiatives, delivering educational seminars and workshops to promote mental wellness and foster understanding.<\/p><p>Dr. Jones's contributions to the field extend beyond her clinical practice. She is a respected researcher, authoring numerous publications in esteemed journals, and a sought-after speaker, sharing her insights at conferences and symposiums.<\/p><p>Through her dedication to advancing the field of psychology and her unwavering commitment to empowering individuals on their journey toward healing, Dr. Amy Jones has earned recognition as a leading figure in mental health advocacy and clinical practice.<\/p>","button_label":"Consult Now","button_link":"","button_style":"outline"}},"column_2":{"type":"column","settings":{"color_scheme":"scheme-2","active_color_scheme":"","title":"Dr. Amy Jones","heading_size":"h3","description":"<p>Ignite your endurance with iEnergy's Endurance Catalyst, a revolutionary supplement designed for those who push their limits. This cutting-edge formula is a fusion of performance-enhancing ingredients that support stamina, endurance, and recovery. Endurance Catalyst is engineered to optimize your physical capabilities, enabling you to go the extra mile in your fitness journey. Our carefully selected ingredients contribute to improved oxygen utilization, muscle recovery, and reduced exercise-induced fatigue. Whether you're an athlete training for a competition or a fitness enthusiast aiming to surpass personal records, Endurance Catalyst is your key to unlocking peak performance.<\/p>","button_label":"Consult Now","button_link":"","button_style":"outline"}}},"block_order":["content","column_1","column_2"],"settings":{"title":"","heading_size":"h2","heading_alignment":"center","color_scheme":"scheme-1","columns_per_row":3,"counter":false,"image_ratio":"original","custom_ratio":1,"padding_top":100,"padding_bottom":50}},"featured_collection1":{"type":"featured-collection","blocks":{"featured_collection":{"type":"featured_collection","settings":{"collection":"","title":""}}},"block_order":["featured_collection"],"settings":{"title":"Best Sellers","heading_size":"h2","heading_alignment":"center","color_scheme":"scheme-1","products_to_show":8,"products_per_row":4,"enable_slider_scrollbar":true,"show_view_all":true,"grid_color_scheme":"scheme-2","grid_style":"classic","image_ratio":"portrait","show_secondary_image":false,"show_vendor":true,"show_rating":true,"enable_quick_add":true,"show_color_swatches":false,"grid_text_alignment":"center","products_per_row_mobile":"2","swipe_on_mobile":true,"padding_top":50,"padding_bottom":100}},"masonry-grid":{"type":"masonry-grid","blocks":{"image1":{"type":"image","settings":{"color_scheme":"","image_height":50,"subheading":"Thicker & Stronger hair","title":"Just $0.2 Per Day 🔥","heading_size":"h2","description":"","button_label":"Order Now","button_link":"","button_style":"primary","text_alignment":"left","scrolling_color_scheme":"scheme-3","scrolling_text":""}},"image2":{"type":"image","settings":{"color_scheme":"","image_height":50,"subheading":"Energizing Formulas","title":"Dynamic Men's Hair Solutions","heading_size":"h2","description":"","button_label":"Explore Now","button_link":"","button_style":"primary","text_alignment":"center","scrolling_color_scheme":"scheme-3","scrolling_text":"Exclusive Savings Event"}}},"block_order":["image1","image2"],"settings":{"title":"","heading_size":"h2","heading_alignment":"center","color_scheme":"","padding_top":50,"padding_bottom":50}},"image-with-text":{"type":"image-with-text","blocks":{"heading":{"type":"heading","settings":{"subheading":"","heading":"30% Cashback Awaits 🤯","heading_size":"h2"}},"text":{"type":"text","settings":{"text":"<p>Rewards for building habits 💸 <\/p><p>Text doctors & fellow users 💬 <\/p><p>Unlimited Doctor Consultations 🩺<\/p>"}},"promotion":{"type":"promotion","settings":{"title":"What Are You Waiting For? Download Now!!","heading_size":"h6","apple_store":"https:\/\/www.apple.com\/in\/app-store\/","google_store":"https:\/\/play.google.com\/store\/games?hl=en&gl=US&pli=1"}}},"block_order":["heading","text","promotion"],"settings":{"section_color_scheme":"","image_position_right":false,"height":"original","color_scheme":"scheme-1","desktop_content_position":"middle","desktop_content_alignment":"left","image_animation":false,"mobile_content_alignment":"center","padding_top":100,"padding_bottom":100}},"text_columns_with_icons1":{"type":"text-columns-with-icons","blocks":{"column1":{"type":"column","settings":{"color_scheme":"","icon":"icon-package","title":"Vegan","text":""}},"column2":{"type":"column","settings":{"color_scheme":"","icon":"icon-shopping-cart","title":"ECO Friendly","text":""}},"column3":{"type":"column","settings":{"color_scheme":"","icon":"icon-user","title":"Non Toxic","text":""}},"column4":{"type":"column","settings":{"color_scheme":"","icon":"icon-lock","title":"No Animal Testing","text":""}},"column5":{"type":"column","settings":{"color_scheme":"scheme-1","icon":"icon-package","title":"Cruelty Free","text":""}},"column6":{"type":"column","settings":{"color_scheme":"scheme-1","icon":"icon-package","title":"Gluten Free","text":""}}},"block_order":["column1","column2","column3","column4","column5","column6"],"settings":{"title":"Take Care, Have Fun!","heading_size":"h2","heading_alignment":"center","color_scheme":"scheme-4","style":"simple","column_per_row":6,"title_size":"h5","text_alignment":"center","column_per_row_mobile":"2","padding_top":100,"padding_bottom":100}},"progress_ticker":{"type":"progress-ticker","blocks":{"content":{"type":"content","settings":{"badge_width":50,"outside_rotate_text":"PHENOMENA PHENOMENA  PHENOMENA","subheading":"<strong>Add the subheading here!<\/strong>","heading":"Revitalize Skin, Hair.","heading_size":"h2","description":"<p>Revitalize your skin and hair with our rejuvenating blend of natural ingredients, specially crafted to nourish, hydrate, and restore your youthful glow and luster. Experience radiance redefined.<\/p>","button_label":"View All","button_link":"","button_style":"primary","content_alignment":"left"}},"image":{"type":"image","settings":{}},"progress":{"type":"progress","settings":{"color_scheme":"scheme-4","heading":"How Do People Use Phenomena  Products","heading_size":"h3","description":"","heading_1":"Fortifying Shampoo for Hair Resilience","progress_1":70,"heading_2":"Daily Moisturizer for Skin Hydration","progress_2":40,"heading_3":"Grooming Essentials for Men's Confidence","progress_3":80,"heading_4":"Skin-Clearing Face Wash for Men","progress_4":30,"heading_5":"Beard Oil for Taming and Nourishing","progress_5":45,"heading_6":"All-in-One Body Wash for Efficiency","progress_6":90}}},"block_order":["content","image","progress"],"settings":{"title":"","heading_size":"h2","heading_alignment":"center","color_scheme":"scheme-3","padding_top":100,"padding_bottom":100}},"testimonials":{"type":"testimonials","blocks":{"testimonial1":{"type":"testimonial","settings":{"quote":"<h3>High-quality products, great deals, prompt service. I like how you always stay in contact. I was kept abreast of each step of the process.<\/h3>","author_designation":"Wellness Wonderland","author_name":"Anna P","varified_customer":true}},"testimonial2":{"type":"testimonial","settings":{"quote":"<h3>Very responsive and available! They communicate quickly and clearly. Even without seeing proof in person, I knew the order would be correct.<\/h3>","author_designation":"Fast Response","author_name":"Stevon E","varified_customer":true}},"testimonial3":{"type":"testimonial","settings":{"quote":"<h3>High-quality products, great deals, prompt service. I like how you always stay in contact. I was kept abreast of each step of the process.<\/h3>","author_designation":"Best Product","author_name":"Jenks L","varified_customer":true}}},"block_order":["testimonial1","testimonial2","testimonial3"],"settings":{"color_scheme":"","padding_top":50,"padding_bottom":80}},"image-comparison":{"type":"image-comparison","blocks":{"content":{"type":"content","settings":{"color_scheme":"scheme-4","subheading":"","heading":"Result After 3 Month","heading_size":"h2","description":"<p>Experience the phenomenal transformation after 3 months, as our products reveal , lush hair, and newfound confidence. Beauty redefined.<\/p>","button_label":"Shop Now","button_link":"shopify:\/\/products\/hair-growth-accelerator-tonic","button_style":"outline","content_position":"middle","content_alignment":"center"}}},"block_order":["content"],"settings":{"title":"","heading_size":"h2","heading_alignment":"center","color_scheme":"","primary_text":"Before","secondary_text":"After","image_height":"medium","padding_top":0,"padding_bottom":80}},"scrolling_text":{"type":"scrolling-text","blocks":{"scrolling_text1":{"type":"scrolling_text","settings":{"text":"👩🏼‍⚕️ Consult To Doctor","link":"","text_stroke":false}},"scrolling_text2":{"type":"scrolling_text","settings":{"text":"🧑🏼‍⚕️ Expert Advice That Works","link":"","text_stroke":true}}},"block_order":["scrolling_text1","scrolling_text2"],"settings":{"expanded_width":true,"color_scheme":"scheme-4","text_size":"h0","scrolling_speed":"0.75","enable_sticky":false,"padding_top":50,"padding_bottom":50}},"featured_blog":{"type":"featured-blog","settings":{"heading":"Blog posts","heading_size":"h2","heading_alignment":"center","color_scheme":"scheme-1","post_limit":3,"show_view_all":true,"color_scheme_blog":"scheme-3","blog":"","image_ratio":"original","custom_ratio":2.2,"image_second":false,"show_date":true,"show_author":true,"padding_top":50,"padding_bottom":100}},"newsletter":{"type":"newsletter","blocks":{"rotating_badge":{"type":"rotating_badge","settings":{"badge_width":70,"outside_rotate_text":"AETHER AETHER AETHER AETHER AETHER"}},"heading":{"type":"heading","settings":{"heading":"Let's Keep In Touch!","heading_size":"h2"}},"paragraph":{"type":"paragraph","settings":{"text":"<p>Get monthly newsletter updates and exclusive offers on your favourite products by subscribing!<\/p>"}},"email_form":{"type":"email_form","settings":{}}},"block_order":["rotating_badge","heading","paragraph","email_form"],"disabled":true,"settings":{"expanded_width":false,"text_alignment":"left","color_scheme":"scheme-4","padding_top":50,"padding_bottom":50}}},"order":["slideshow","collection_list","rich_text","featured_collection","image_banner","text_columns_with_icons","multicolumn","featured_collection1","masonry-grid","image-with-text","text_columns_with_icons1","progress_ticker","testimonials","image-comparison","scrolling_text","featured_blog","newsletter"]}