{"sections":{"rich_text":{"type":"rich-text","blocks":{"heading":{"type":"heading","settings":{"subheading":"","heading":"Curated Grooming Selection","heading_size":"h1","autoslide":""}},"text":{"type":"text","settings":{"text":"<p>Discover our carefully curated grooming selection, featuring top-quality products for hair, beard, and skin care needs<br\/>Elevate your grooming routine today<\/p>"}}},"block_order":["heading","text"],"settings":{"expanded_width":true,"color_scheme":"","padding_top":100,"padding_bottom":100}},"collection_list":{"type":"collection-list","blocks":{"featured_collection_1":{"type":"featured_collection","settings":{"collection":"","color_scheme":"","title":"","link":"","description":""}},"featured_collection_2":{"type":"featured_collection","settings":{"collection":"","color_scheme":"scheme-3","title":"","link":"","description":""}},"featured_collection_3":{"type":"featured_collection","settings":{"collection":"","color_scheme":"","title":"","link":"","description":""}},"featured_collection_4":{"type":"featured_collection","settings":{"collection":"","color_scheme":"scheme-1","title":"","link":"","description":""}},"featured_collection_5":{"type":"featured_collection","settings":{"collection":"","color_scheme":"scheme-1","title":"","link":"","description":""}},"featured_collection_6":{"type":"featured_collection","settings":{"collection":"","color_scheme":"scheme-1","title":"","link":"","description":""}}},"block_order":["featured_collection_1","featured_collection_2","featured_collection_3","featured_collection_4","featured_collection_5","featured_collection_6"],"settings":{"title":"","heading_size":"h2","heading_alignment":"center","color_scheme":"","collections_per_row":6,"enable_slider_scrollbar":false,"show_view_all":false,"style":"simple","image_width":"large","image_ratio":"original","custom_ratio":1,"title_size":"h5","grid_alignment":"left","show_product_count":true,"collections_per_row_mobile":"1","swipe_on_mobile":true,"padding_top":0,"padding_bottom":0}},"scrolling_text":{"type":"scrolling-text","blocks":{"scrolling_text_1":{"type":"scrolling_text","settings":{"text":"🧑🏼‍⚕️ Expert Advice That Works","link":"","text_stroke":true}},"scrolling_text_2":{"type":"scrolling_text","settings":{"text":"👩🏼‍⚕️ Consult To Doctor","link":"","text_stroke":false}}},"block_order":["scrolling_text_1","scrolling_text_2"],"settings":{"expanded_width":true,"color_scheme":"scheme-1","text_size":"h0","scrolling_speed":"0.75","enable_sticky":false,"padding_top":100,"padding_bottom":100}},"video":{"type":"video","settings":{"title":"","heading_size":"h2","heading_alignment":"center","expanded_width":true,"color_scheme":"","enable_video_looping":false,"enable_video_autoplay":true,"video_url":"https:\/\/www.youtube.com\/watch?v=_9VUPq3SxOc","description":"","padding_top":100,"padding_bottom":100}},"testimonials":{"type":"testimonials","blocks":{"testimonial1":{"type":"testimonial","settings":{"quote":"<h3>High-quality products, great deals, prompt service. I like how you always stay in contact. I was kept abreast of each step of the process.<\/h3>","author_designation":"Wellness Wonderland","author_name":"Anna P","varified_customer":true}},"testimonial2":{"type":"testimonial","settings":{"quote":"<h3>Very responsive and available! They communicate quickly and clearly. Even without seeing proof in person, I knew the order would be correct.<\/h3>","author_designation":"Fast Response","author_name":"Stevon E","varified_customer":true}},"testimonial3":{"type":"testimonial","settings":{"quote":"<h3>You consistently offer top-notch products, fantastic bargains, and prompt service. What impresses me most is your commitment to staying in touch throughout the entire process. I was informed every step of the way, which I truly appreciate.<\/h3>","author_designation":"Best Product","author_name":"Jenks L","varified_customer":true}}},"block_order":["testimonial1","testimonial2","testimonial3"],"settings":{"color_scheme":"","padding_top":100,"padding_bottom":100}},"text_columns_with_icons":{"type":"text-columns-with-icons","blocks":{"column_1":{"type":"column","settings":{"color_scheme":"","icon":"icon-truck-svg","title":"Free Shipping","text":"<p>We deliver in 48 hours max!<\/p>"}},"column_2":{"type":"column","settings":{"color_scheme":"","icon":"icon-package","title":"100% Original Protein","text":"<p>Purity for Optimal Muscle Growth<\/p>"}},"column_3":{"type":"column","settings":{"color_scheme":"","icon":"icon-user","title":"We Are Available 24\/7","text":"<p>Contact us by chat, mail, phone<\/p>"}},"column_4":{"type":"column","settings":{"color_scheme":"","icon":"icon-secure","title":"Secure Payment","text":"<p>Visa, Mastercard, Amex, PayPal<\/p>"}}},"block_order":["column_1","column_2","column_3","column_4"],"settings":{"title":"","heading_size":"h2","heading_alignment":"center","color_scheme":"scheme-4","style":"simple","column_per_row":4,"title_size":"h5","text_alignment":"center","column_per_row_mobile":"2","padding_top":100,"padding_bottom":100}},"main":{"type":"main-list-collections","disabled":true,"settings":{"title":"Collections","heading_size":"h2","heading_alignment":"center","color_scheme":"","collections_per_page":6,"collections_per_row":3,"sort":"alphabetical","style":"simple","image_width":"medium","image_ratio":"original","custom_ratio":2,"title_size":"h6","grid_alignment":"center","show_product_count":true,"collections_per_row_mobile":"1","padding_top":0,"padding_bottom":0}},"divider":{"type":"divider","settings":{"margin_desktop":0,"margin_mobile":50}},"countdown_clock":{"type":"countdown-clock","blocks":{"image":{"type":"image","settings":{"image_placement":true}},"content":{"type":"content","settings":{"heading":"Countdown Deal","heading_size":"h2","text":"<p>Limited-time offers on top products. Grab them before they're gone!<\/p>"}},"clock":{"type":"clock","settings":{"enable_clock":true,"year":"2026","month":"01","day":"1","hour":"00","minute":"00","clock_size":"h0","hide_clock":false,"text":"<p>Insert the complete clock message in this section.<\/p>"}},"button":{"type":"button","settings":{"button":"Shop Now","button_link":"","button_style":"outline"}}},"block_order":["image","content","clock","button"],"settings":{"expanded_width":true,"full_screen":true,"color_scheme":"","padding_top":100,"padding_bottom":100}},"divider2":{"type":"divider","settings":{"margin_desktop":80,"margin_mobile":50}}},"order":["rich_text","collection_list","scrolling_text","video","testimonials","text_columns_with_icons","main","divider","countdown_clock","divider2"]}