{"sections":{"image_banner":{"type":"image-banner","settings":{"image_height":"original","image_overlay_opacity":0,"fixed_background_image":false,"subheading":"","heading":"","heading_size":"h1","description":"","button_label":"","button_link":"","button_style":"primary","desktop_content_position":"middle-center","show_text_box":false,"desktop_content_alignment":"center","color_scheme":"","mobile_content_alignment":"center","show_text_below":false}},"main":{"type":"main-page","settings":{"padding_top":80,"padding_bottom":100}}},"order":["image_banner","main"]}