{"sections":{"main":{"type":"main-product","blocks":{"vendor":{"type":"vendor","settings":{}},"title":{"type":"title","settings":{"heading_size":"h3"}},"offer":{"type":"offer","settings":{"color_scheme":"scheme-4","content":"<p>🔥 Congratulations! Secure 5% Off Your Order Today<\/p>"}},"sku":{"type":"sku","settings":{}},"price":{"type":"price","settings":{}},"variant_picker":{"type":"variant_picker","settings":{"picker_type":"button","color_swatch":true}},"inventory":{"type":"inventory","settings":{"inventory_threshold":10,"low_inventory_notice":"Hurry, limited stock available! Only ||count|| left in stock.","available_message":"In stock, and ready to ship"}},"buy_buttons":{"type":"buy_buttons","settings":{"show_dynamic_checkout":true,"button_suggestions":"Order now","position_top":70,"show_gift_card_recipient":true}},"icon-with-text":{"type":"icon-with-text","settings":{"icon_1":"icon-award","heading_1":"<strong>100% Authentic<\/strong>","icon_2":"icon-return","heading_2":"<strong>10 Day Return<\/strong>","icon_3":"icon-package","heading_3":"<strong>Free Shipping<\/strong>"}},"share":{"type":"share","settings":{}},"complementary":{"type":"complementary","settings":{"block_heading":"Complementary products","product_list_limit":5,"image_ratio":"portrait","enable_quick_add":true}}},"block_order":["vendor","title","offer","sku","price","variant_picker","inventory","buy_buttons","icon-with-text","share","complementary"],"settings":{"expanded_width":true,"color_scheme":"","gallery_layout":"thumbnail_slider","constrain_to_viewport":false,"media_fit":true,"image_zoom":true,"hide_variants":true,"enable_video_looping":true,"padding_top":50,"padding_bottom":50}},"product_tabs":{"type":"product-tabs","blocks":{"tabs_1":{"type":"tabs","settings":{"heading":"SHIPPING & RETURNS","content":"<p>On the Phenomena website, the shipping and returns policies are designed to ensure customer satisfaction and convenience.<\/p><p>Shipping:<br\/>Phenomena offers fast and reliable shipping options to customers worldwide. Depending on your location and preferences, you can choose from a variety of shipping methods, including standard, expedited, and express delivery. Orders are typically processed promptly upon placement, and customers receive tracking information to monitor the status of their shipments. Additionally, Phenomena may offer free shipping promotions for orders above a certain threshold, providing added value to customers.<\/p><p>Returns:<br\/>Phenomena understands that sometimes products may not meet expectations or may arrive damaged. As such, they have a hassle-free returns policy in place to address such situations. If you're not completely satisfied with your purchase, you can initiate a return within a specified timeframe (typically within 30 days of receipt) for a full refund or exchange. The process is simple and straightforward, requiring customers to fill out a return request form on the website and follow the provided instructions for returning the product. Phenomena strives to process returns quickly and efficiently to ensure a smooth experience for customers.<\/p><p>Overall, Phenomena's shipping and returns policies are designed to prioritize customer convenience and satisfaction, providing peace of mind when shopping for grooming essentials on their website.<\/p>","page":""}},"tabs_2":{"type":"tabs","settings":{"heading":"KEY FEATURES","content":"<ol><li><strong>High-Quality Formulations:<\/strong> Phenomena's products are crafted using premium ingredients carefully selected for their efficacy in promoting healthy hair, skin, and beard growth.<\/li><li><strong>Tailored Solutions:<\/strong> Each product is formulated to address specific concerns related to hair, skin, or beard care, whether it's hydration, nourishment, repair, or styling.<\/li><li><strong>Diverse Product Range:<\/strong> Phenomena offers a diverse range of products, including shampoos, conditioners, serums, oils, balms, creams, and styling products, ensuring that customers can find everything they need for their grooming routines in one place.<\/li><li><strong>Natural Ingredients:<\/strong> Many of Phenomena's products feature natural ingredients such as essential oils, plant extracts, vitamins, and minerals, harnessing the power of nature to enhance hair, skin, and beard health.<\/li><li><strong>Clinically Tested:<\/strong> Products undergo rigorous testing to ensure safety and effectiveness, with many formulations backed by clinical studies and research to validate their claims.<\/li><li><strong>Customizable Solutions:<\/strong> Customers can customize their grooming routines by mixing and matching products tailored to their specific needs, whether they have dry hair, sensitive skin, or a particular beard style.<\/li><li><strong>Gender-Inclusive:<\/strong> Phenomena's products are designed to cater to individuals of all genders and backgrounds, recognizing that everyone deserves access to high-quality grooming solutions.<\/li><li><strong>Sustainable Packaging:<\/strong> Phenomena prioritizes sustainability by using eco-friendly packaging materials whenever possible, minimizing environmental impact without compromising product quality.<\/li><li><strong>Transparent Labeling:<\/strong> Product labels provide clear and transparent information about ingredients, usage instructions, and potential allergens, empowering customers to make informed choices.<\/li><li><strong>Customer Support:<\/strong> Phenomena offers responsive customer support to assist customers with product selection, usage guidelines, and any inquiries or concerns they may have, ensuring a positive shopping experience from start to finish.<\/li><\/ol>","page":""}}},"block_order":["tabs_1","tabs_2"],"settings":{"title":"","heading_size":"h2","heading_alignment":"center","color_scheme":"scheme-1","color_scheme_tab":"scheme-2","tab_heading_size":"h3","description_tab":true,"collapse_content":true,"padding_top":100,"padding_bottom":100}},"text_columns_with_icons_1":{"type":"text-columns-with-icons","blocks":{"column_1":{"type":"column","settings":{"color_scheme":"","icon":"icon-package","title":"Vegan","text":""}},"column_2":{"type":"column","settings":{"color_scheme":"","icon":"icon-shopping-cart","title":"ECO Friendly","text":""}},"column_3":{"type":"column","settings":{"color_scheme":"","icon":"icon-user","title":"Non Toxic","text":""}},"column_4":{"type":"column","settings":{"color_scheme":"","icon":"icon-lock","title":"No Animal Testing","text":""}},"column_5":{"type":"column","settings":{"color_scheme":"scheme-1","icon":"icon-package","title":"Cruelty Free","text":""}},"column_6":{"type":"column","settings":{"color_scheme":"scheme-1","icon":"icon-package","title":"Gluten Free","text":""}}},"block_order":["column_1","column_2","column_3","column_4","column_5","column_6"],"settings":{"title":"Take Care, Have Fun!","heading_size":"h2","heading_alignment":"center","color_scheme":"scheme-4","style":"simple","column_per_row":6,"title_size":"h5","text_alignment":"center","column_per_row_mobile":"2","padding_top":100,"padding_bottom":100}},"testimonials":{"type":"testimonials","blocks":{"testimonial_1":{"type":"testimonial","settings":{"quote":"<h3>High-quality products, great deals, prompt service. I like how you always stay in contact. I was kept abreast of each step of the process.<\/h3>","author_designation":"Wellness Wonderland","author_name":"Anna P","varified_customer":true}},"testimonial_2":{"type":"testimonial","settings":{"quote":"<h3>Very responsive and available! They communicate quickly and clearly. Even without seeing proof in person, I knew the order would be correct.<\/h3>","author_designation":"Fast Response","author_name":"SteVon E","varified_customer":true}},"testimonial_3":{"type":"testimonial","settings":{"quote":"<h3>High-quality products, great deals, prompt service. I like how you always stay in contact. I was kept abreast of each step of the process.<\/h3>","author_designation":"Best Product","author_name":"Jenks L","varified_customer":true}}},"block_order":["testimonial_1","testimonial_2","testimonial_3"],"settings":{"color_scheme":"scheme-1","padding_top":100,"padding_bottom":100}},"faq":{"type":"faq","blocks":{"content":{"type":"content","settings":{"subheading":"","heading":"FAQ's","heading_size":"h2","description":"<p>Explore Phenomena  FAQs to discover essential information about our premium gym facilities and high-quality supplements for holistic fitness support.<\/p>","button_label":"Explore Now","button_link":"","button_style":"primary"}},"faq_1":{"type":"faq","settings":{"heading":"How much time does it typically require before noticing any outcomes?","description":"<p>Include frequently asked questions (FAQs) in this section to provide comprehensive information and address common queries.<\/p>"}},"faq_2":{"type":"faq","settings":{"heading":"What are the potential adverse effects of Minoxidil and Procapil in men?","description":"<p>Include frequently asked questions (FAQs) in this section to provide comprehensive information and address common queries.<\/p>"}},"faq_3":{"type":"faq","settings":{"heading":"How do I know if I am on stage 2 of hair fall? rewrite","description":"<p>Include frequently asked questions (FAQs) in this section to provide comprehensive information and address common queries.<\/p>"}},"faq_4":{"type":"faq","settings":{"heading":"Can I use my oil and other hair products along with this kit?","description":"<p>Include frequently asked questions (FAQs) in this section to provide comprehensive information and address common queries.<\/p>"}},"faq_5":{"type":"faq","settings":{"heading":"Do we get unlimited consultation with doctors?","description":"<p>Include frequently asked questions (FAQs) in this section to provide comprehensive information and address common queries.<\/p>"}},"faq_6":{"type":"faq","settings":{"heading":"Why do we need many products?","description":"<p>Multiple products cater to various aspects of hair care, addressing concerns like cleansing, conditioning, and targeted treatments for optimal results.<\/p>"}}},"block_order":["content","faq_1","faq_2","faq_3","faq_4","faq_5","faq_6"],"settings":{"title":"","heading_size":"h2","heading_alignment":"center","color_scheme":"","vertical_scrolling":true,"padding_top":70,"padding_bottom":100}},"image_with_text":{"type":"image-with-text","blocks":{"heading":{"type":"heading","settings":{"subheading":"Essentials","heading":"Grooming Haven Hub","heading_size":"h2"}},"text":{"type":"text","settings":{"text":"<p>Your go-to destination for premium hair, skin, and beard essentials. Explore our curated collection of high-quality products designed to elevate your grooming routine and enhance your natural beauty<\/p>"}},"button":{"type":"button","settings":{"button_label":"Explore Now","button_link":"","button_style":"primary"}}},"block_order":["heading","text","button"],"settings":{"section_color_scheme":"","image_position_right":false,"height":"original","color_scheme":"scheme-3","desktop_content_position":"middle","desktop_content_alignment":"center","image_animation":false,"mobile_content_alignment":"center","padding_top":0,"padding_bottom":0}},"related-products":{"type":"related-products","settings":{"title":"You may also like","heading_size":"h2","heading_alignment":"center","color_scheme":"scheme-1","products_to_show":4,"products_per_row":4,"enable_slider_scrollbar":true,"grid_color_scheme":"scheme-2","grid_style":"classic","image_ratio":"portrait","show_secondary_image":false,"show_vendor":true,"show_rating":true,"enable_quick_add":true,"show_color_swatches":true,"grid_text_alignment":"center","products_per_row_mobile":"1","swipe_on_mobile":true,"padding_top":100,"padding_bottom":100}},"text_columns_with_icons":{"type":"text-columns-with-icons","blocks":{"column_1":{"type":"column","settings":{"color_scheme":"","icon":"icon-truck-svg","title":"Free Shipping","text":"<p>We deliver in 48 hours max!<\/p>"}},"column_2":{"type":"column","settings":{"color_scheme":"","icon":"icon-package","title":"100% Original Protein","text":"<p>Purity for Optimal Muscle Growth<\/p>"}},"column_3":{"type":"column","settings":{"color_scheme":"","icon":"icon-user","title":"We Are Available 24\/7","text":"<p>Contact us by chat, mail, phone<\/p>"}},"column_4":{"type":"column","settings":{"color_scheme":"","icon":"icon-secure","title":"Secure Payment","text":"<p>Visa, Mastercard, Amex, PayPal<\/p>"}}},"block_order":["column_1","column_2","column_3","column_4"],"settings":{"title":"","heading_size":"h2","heading_alignment":"center","color_scheme":"scheme-3","style":"simple","column_per_row":4,"title_size":"h5","text_alignment":"center","column_per_row_mobile":"2","padding_top":80,"padding_bottom":80}},"divider":{"type":"divider","settings":{"margin_desktop":100,"margin_mobile":50}}},"order":["main","product_tabs","text_columns_with_icons_1","testimonials","faq","image_with_text","related-products","text_columns_with_icons","divider"]}