{
  "current": {
    "theme_radius": "igloo",
    "page_width": 1600,
    "extra_space": true,
    "solid_borders": true,
    "back_to_top": true,
    "back_to_top_only_homepage": true,
    "enable_loader": true,
    "heading_font": "poppins_n6",
    "heading_size_h1": 48,
    "heading_size_h2": 38,
    "heading_size_h3": 30,
    "heading_size_h4": 25,
    "heading_size_h5": 20,
    "mobile_heading_size_h3": 23,
    "heading_font_case": "normal",
    "body_font": "barlow_n5",
    "special_font": "maven_pro_n4",
    "special_font_case": "normal",
    "primary_background": "#eaf3f8",
    "primary_color": "#28282a",
    "secondary_background": "#ffffff",
    "secondary_color": "#28282a",
    "background_accent": "#367bf6",
    "color_accent": "#ffffff",
    "background_dark": "#10254a",
    "color_dark": "#ffffff",
    "background_light": "#dee7ec",
    "color_light": "#28282a",
    "background_gray": "#f7f7f7",
    "color_gray": "#28282a",
    "primary_btn_background": "#367bf6",
    "primary_btn_color": "#ffffff",
    "secondary_btn_background": "#10254a",
    "secondary_btn_color": "#ffffff",
    "star_color": "#f5c142",
    "success_message_background": "#e4f3e9",
    "success_message_color": "#48a14d",
    "error_message_background": "#f4e9ec",
    "error_message_color": "#ca514e",
    "product_grid_show_rating": true,
    "product_grid_show_sale_badge": true,
    "product_grid_show_soldout_badge": true,
    "product_grid_text_alignment": "center",
    "predictive_search_enabled": true,
    "predictive_search_show_vendor": false,
    "search_show_sale_badge": true,
    "search_show_soldout_badge": true,
    "predictive_search_show_price": true,
    "currency_code_enabled": true,
    "badge_position": "top left",
    "sale_badge_color_scheme": "accent",
    "sold_out_badge_color_scheme": "light",
    "recently_show_secondary_image": true,
    "recently_enable_quick_add": true,
    "custom_color_swatch": "",
    "cart_icon_type": "default",
    "cart_type": "popup",
    "show_vendor": false,
    "show_cart_note": true,
    "terms_checkbox": true,
    "spacing_sections": 80,
    "spacing_grid_horizontal": 20,
    "spacing_grid_vertical": 20,
    "checkout_body_background_color": "#EAF3F8",
    "checkout_sidebar_background_color": "#EAF3F8",
    "checkout_accent_color": "#10254a",
    "checkout_button_color": "#3172e4",
    "page_color": "#121212",
    "card_style": "standard",
    "cart_drawer_collection": "",
    "content_for_index": []
  },
  "presets": {
    "Igloo": {
      "theme_radius": "igloo",
      "extra_space": true,
      "solid_borders": true,
      "page_color": "#121212",
      "heading_font": "poppins_n6",
      "body_font": "barlow_n5",
      "special_font": "cabin_n4",
      "primary_background": "#EAF3F8",
      "primary_color": "#28282A",
      "secondary_background": "#ffffff",
      "secondary_color": "#28282A",
      "background_accent": "#367BF6",
      "color_accent": "#FFFFFF",
      "background_dark": "#10254a",
      "color_dark": "#ffffff",
      "background_light": "#dee7ec",
      "color_light": "#28282A",
      "background_gray": "#F7F7F7",
      "color_gray": "#28282A",
      "primary_btn_background": "#367BF6",
      "primary_btn_color": "#FFFFFF",
      "secondary_btn_background": "#10254a",
      "secondary_btn_color": "#FFFFFF",
      "star_color": "#F5C142",
      "success_message_background": "#E4F3E9",
      "success_message_color": "#48A14D",
      "error_message_background": "#F4E9EC",
      "error_message_color": "#CA514E",
      "page_width": 1340,
      "spacing_sections": 80,
      "spacing_grid_horizontal": 20,
      "spacing_grid_vertical": 20,
      "card_style": "standard",
      "badge_position": "top left",
      "sale_badge_color_scheme": "accent",
      "sold_out_badge_color_scheme": "light",
      "social_facebook_link": "",
      "social_instagram_link": "",
      "social_youtube_link": "",
      "social_tiktok_link": "",
      "social_twitter_link": "",
      "social_snapchat_link": "",
      "social_pinterest_link": "",
      "social_tumblr_link": "",
      "social_vimeo_link": "",
      "predictive_search_enabled": true,
      "predictive_search_show_vendor": false,
      "predictive_search_show_price": true,
      "currency_code_enabled": false,
      "cart_type": "popup",
      "show_vendor": false,
      "show_cart_note": false,
      "cart_drawer_collection": "",
      "checkout_body_background_color": "#eaf3f8",
      "checkout_sidebar_background_color": "#eaf3f8",
      "checkout_accent_color": "#28282A",
      "checkout_button_color": "#367bf6"
    },
    "Drift": {
      "theme_radius": "none",
      "page_width": 1440,
      "extra_space": false,
      "solid_borders": false,
      "page_color": "#121212",
      "heading_font": "playfair_display_n4",
      "body_font": "dm_sans_n4",
      "special_font": "cabin_n4",
      "primary_background": "#FFFFFF",
      "primary_color": "#363937",
      "secondary_background": "#F7F7F7",
      "secondary_color": "#28282A",
      "background_accent": "#28282A",
      "color_accent": "#FFFFFF",
      "background_dark": "#363937",
      "color_dark": "#FFFFFF",
      "background_light": "#F5F8F6",
      "color_light": "#28282A",
      "background_gray": "#EFEFEF",
      "color_gray": "#28282A",
      "primary_btn_background": "#D7E2DA",
      "primary_btn_color": "#363937",
      "secondary_btn_background": "#363937",
      "secondary_btn_color": "#FFFFFF",
      "star_color": "#F5C142",
      "success_message_background": "#E4F3E9",
      "success_message_color": "#48A14D",
      "error_message_background": "#F4E9EC",
      "error_message_color": "#CA514E",
      "predictive_search_enabled": true,
      "predictive_search_show_vendor": true,
      "search_show_sale_badge": true,
      "search_show_soldout_badge": true,
      "predictive_search_show_price": true,
      "currency_code_enabled": false,
      "badge_position": "top left",
      "sale_badge_color_scheme": "accent",
      "sold_out_badge_color_scheme": "light",
      "cart_type": "popup",
      "show_vendor": true,
      "show_cart_note": true,
      "cart_drawer_collection": "",
      "checkout_body_background_color": "#FFFFFF",
      "checkout_sidebar_background_color": "#F5F8F6",
      "checkout_accent_color": "#D7E2DA",
      "checkout_button_color": "#D7E2DA",
      "spacing_sections": 80,
      "spacing_grid_horizontal": 20,
      "spacing_grid_vertical": 20,
      "card_style": "standard"
    },
    "Bella": {
      "theme_radius": "none",
      "extra_space": false,
      "solid_borders": false,
      "page_width": 1440,
      "enable_loader": true,
      "heading_font": "trirong_n4",
      "body_font": "barlow_n5",
      "special_font": "cabin_n4",
      "heading_size_h1": 58,
      "heading_size_h2": 48,
      "heading_size_h3": 38,
      "heading_size_h4": 28,
      "heading_size_h5": 22,
      "mobile_heading_size_h3": 22,
      "heading_font_case": "normal",
      "special_font_case": "normal",
      "primary_background": "#ffffff",
      "primary_color": "#302521",
      "secondary_background": "#f7f6f9",
      "secondary_color": "#302521",
      "background_accent": "#302521",
      "color_accent": "#ffffff",
      "background_dark": "#302521",
      "color_dark": "#ffffff",
      "background_light": "#fdf9f3",
      "color_light": "#302521",
      "background_gray": "#f1f0f2",
      "color_gray": "#302521",
      "primary_btn_background": "#302521",
      "primary_btn_color": "#ffffff",
      "secondary_btn_background": "#be9382",
      "secondary_btn_color": "#ffffff",
      "star_color": "#f5c142",
      "success_message_background": "#e4f3e9",
      "success_message_color": "#48a14d",
      "error_message_background": "#f4e9ec",
      "error_message_color": "#ca514e",
      "product_grid_text_alignment": "center",
      "predictive_search_enabled": true,
      "predictive_search_show_vendor": false,
      "search_show_sale_badge": true,
      "search_show_soldout_badge": true,
      "predictive_search_show_price": true,
      "currency_code_enabled": false,
      "badge_position": "top left",
      "sale_badge_color_scheme": "accent",
      "sold_out_badge_color_scheme": "light",
      "cart_icon_type": "bag",
      "cart_type": "popup",
      "show_vendor": false,
      "show_cart_note": true,
      "spacing_sections": 80,
      "spacing_grid_horizontal": 20,
      "spacing_grid_vertical": 20,
      "page_color": "#121212",
      "card_style": "standard",
      "cart_drawer_collection": "",
      "checkout_body_background_color": "#fdf9f3",
      "checkout_sidebar_background_color": "#fdf9f3",
      "checkout_accent_color": "#171613",
      "checkout_button_color": "#28282a"
    }
  }
}