{"name":"t:sections.footer.name","type":"footer","sections":{"footer":{"type":"footer","blocks":{"footer-0":{"type":"link_list","settings":{"heading":"Our Store","menu":"main-menu"}},"footer-1":{"type":"link_list","settings":{"heading":"Information","menu":"footer"}},"link_list_pVKFYM":{"type":"link_list","settings":{"heading":"Quick links","menu":"footer"}},"footer-3":{"type":"connectivity","settings":{"heading":"We accept","newsletter_enable":false,"show_social":false,"show_payment_icons":true,"enable_language_selector":true,"enable_country_selector":true,"enable_country_flags":true,"enable_country_name":false}}},"block_order":["footer-0","footer-1","link_list_pVKFYM","footer-3"],"settings":{"divider_line":false,"color_scheme":"","contact_info":"<h2>THEMES@ITGEEKS.COM <br\/>+1 0123 456789<\/h2>","badge_width":50,"outside_rotate_text":"ENERGY ENERGY  ENERGY ENERGY  ENERGY ENERGY","copyright_text":"All rights reserved","show_powered_by":true,"show_policy":true,"enable_follow_on_shop":true,"use_accordion":true,"padding_top":100,"padding_bottom":100}},"scrolling_text":{"type":"scrolling-text","blocks":{"social_media":{"type":"social-media","settings":{}}},"block_order":["social_media"],"settings":{"expanded_width":true,"color_scheme":"scheme-4","text_size":"h0","scrolling_speed":"0.75","enable_sticky":true,"padding_top":50,"padding_bottom":50}}},"order":["footer","scrolling_text"]}