{"name":"t:sections.header.name","type":"header","sections":{"announcement-bar":{"type":"announcement-bar","settings":{"color_scheme":"","content":"<p><strong>🏋️️ We Know You Love Free Shipping. <\/strong>Get Free Shipping Above $100<\/p>"}},"header":{"type":"header","settings":{"expanded_width":false,"sticky_header":false,"show_line_separator":true,"color_scheme":"","navigation_hub":true,"logo_width":180,"logo_width_mobile":130,"menu":"main-menu","menu_position":"top-left","menu_type_desktop":"mega","collection_featured_image":true,"menu_as_button":true,"menu_color_scheme":"","inline_search":true,"enable_language_selector":true,"enable_country_selector":true,"enable_country_flags":true,"enable_country_name":false,"padding_top":30,"padding_bottom":30}}},"order":["announcement-bar","header"]}