{"type":"custom.popups","name":"Popups","sections":{"age-verification":{"type":"age-verification","disabled":true,"settings":{"popup_show_again":7,"heading":"Are you 18 or older?","heading_size":"h2","description":"<p>Verification required to ensure security and legitimacy of your identity or information.<\/p>","button_label":"Yes","button_style":"primary","secondary_button_label":"No","secondary_button_link":"","secondary_button_style":"secondary"}},"cart-drawer":{"type":"cart-drawer","settings":{"color_scheme":"","enable_recommendations":true,"title":"Recommendations"}},"cart-reminder":{"type":"cart-reminder","settings":{}},"navigation-hub":{"type":"navigation-hub","settings":{"logo_width":150,"product_heading":"","product_list":[],"image_ratio":"original","enable_product_slider":true,"enable_quick_add":false,"collection_heading":"Popular collections 🔥","collection_list":[],"collection_image_ratio":"original","custom_ratio":2.2,"title_size":"h6","text_alignment":"center","show_product_count":false,"enable_collection_slider":true,"get_in_touch_heading":"Get in touch","show_social_icons":true,"additional_info":"<h3>THEMES@ITGEEKS.COM <br\/>+1 0123 456789<\/h3>"}},"newsletter-popup":{"type":"newsletter-popup","settings":{"popup_show_again":7,"popup_delay_seconds":2,"heading":"Let's keep in touch!","heading_size":"h2","description":"<p>Get monthly newsletter updates and exclusive offers on your favourite products by subscribing!<\/p>"}}},"order":["age-verification","cart-drawer","cart-reminder","navigation-hub","newsletter-popup"]}