{"sections":{"banner":{"type":"main-collection-banner","settings":{"full_width":false,"show_collection_description":false,"show_collection_image":false,"text_alignment":"center"}},"divider":{"type":"divider","settings":{"margin_desktop":-40,"margin_mobile":-20}},"collection-list":{"type":"collection-list","blocks":{"featured_collection-1":{"type":"featured_collection","settings":{"collection":"","custom_title":"","custom_link":""}},"featured_collection-2":{"type":"featured_collection","settings":{"collection":"","custom_title":"","custom_link":""}},"featured_collection-3":{"type":"featured_collection","settings":{"collection":"","custom_title":"","custom_link":""}},"ce8ee2be-76df-4933-9c10-ac84a22db9c4":{"type":"featured_collection","settings":{"collection":"","custom_title":"","custom_link":""}}},"block_order":["featured_collection-1","featured_collection-2","featured_collection-3","ce8ee2be-76df-4933-9c10-ac84a22db9c4"],"settings":{"full_width":false,"columns_desktop":4,"columns_mobile":"1","swipe_on_mobile":true,"enable_mobile_autorotate":true,"change_mobile_slides_speed":5,"subheading":"","title":"","heading_size":"h3","heading_alignment":"center","color_scheme":"secondary","collection_style":"standard","image_ratio":"square","enable_badge":true,"text_alignment":"center","show_view_all":false,"show_view_all_link":""}},"product-grid":{"type":"main-collection-product-grid","settings":{"full_width":false,"products_per_page":12,"columns_desktop":3,"infinite_scroll":false,"columns_mobile":"2","grid_style":"standard","color_scheme":"secondary","image_ratio":"adapt","show_color_swatch":false,"show_secondary_image":true,"enable_quick_add":true,"enable_filtering":true,"filter_type":"vertical","color_filter":true,"enable_sorting":true}},"image-banner":{"type":"image-banner","blocks":{"banner-1":{"type":"banner","settings":{"image_overlay_opacity":0,"subheading":"Best Care with Personalised","heading":"Expert Advice!","heading_size":"h3","description":"","primary_button_label":"Contact Now","primary_button_link":"","primary_button_style":"primary","secondary_button_label":"","secondary_button_link":"","secondary_button_style":"secondary","content_position":"middle-left","content_alignment":"left","show_text_box":false,"background_opacity":100,"color_scheme":"secondary","content_color":"#28282a","mobile_content_alignment":"center","show_text_below":true}},"banner-2":{"type":"banner","settings":{"image_overlay_opacity":0,"subheading":"Flash Deals","heading":"Last Chance Sale","heading_size":"h3","description":"","primary_button_label":"Don’t Miss","primary_button_link":"","primary_button_style":"outline","secondary_button_label":"","secondary_button_link":"","secondary_button_style":"secondary","content_position":"middle-left","content_alignment":"left","show_text_box":false,"background_opacity":100,"color_scheme":"secondary","content_color":"#28282a","mobile_content_alignment":"center","show_text_below":true}}},"block_order":["banner-1","banner-2"],"settings":{"full_width":false,"image_height":"adapt"}}},"order":["banner","divider","collection-list","product-grid","image-banner"]}