{"sections":{"countdown-timer":{"type":"countdown-timer","blocks":{"content":{"type":"content","settings":{"heading":"End of season sale","text":"<p>Trending Today In (Sets, Serums, Moisturizers, Lipstick Etc.)<\/p>","heading_size":"h3"}},"timer":{"type":"timer","settings":{"enable_timer":true,"year":"2026","month":"01","day":"01","hour":"00","minute":"00","hide_timer":false,"text":""}},"button":{"type":"button","settings":{"button":"Get Your","button_link":"","button_style":"outline"}}},"block_order":["content","timer","button"],"settings":{"full_width":false,"reduce_margins":false,"color_scheme":"secondary"}},"main":{"type":"main-list-collections","settings":{"full_width":false,"pagination":8,"columns_desktop":4,"columns_mobile":"1","subheading":"","title":"I’m looking for..","heading_size":"h2","heading_alignment":"center","color_scheme":"secondary","collection_style":"standard","sort":"alphabetical","image_ratio":"portrait","enable_badge":true,"text_alignment":"center"}},"image-banner":{"type":"image-banner","blocks":{"banner1":{"type":"banner","settings":{"image_overlay_opacity":0,"subheading":"Revitalize Your Skin with our Masks","heading":"Indulge in Radiance","heading_size":"h3","description":"","primary_button_label":"Try It Today","primary_button_link":"","primary_button_style":"outline","secondary_button_label":"","secondary_button_link":"","secondary_button_style":"outline","content_position":"middle-left","content_alignment":"left","show_text_box":false,"background_opacity":100,"color_scheme":"secondary","content_color":"#ffffff","mobile_content_alignment":"center","show_text_below":true}},"banner2":{"type":"banner","settings":{"image_overlay_opacity":0,"subheading":"Nature's Bounty for Beautiful Skin","heading":"Plant-Based Beauty","heading_size":"h3","description":"","primary_button_label":"Shop All","primary_button_link":"","primary_button_style":"outline","secondary_button_label":"","secondary_button_link":"","secondary_button_style":"secondary","content_position":"middle-left","content_alignment":"left","show_text_box":false,"background_opacity":100,"color_scheme":"secondary","content_color":"#171613","mobile_content_alignment":"center","show_text_below":true}}},"block_order":["banner1","banner2"],"settings":{"full_width":false,"image_height":"adapt"}},"rich-text":{"type":"rich-text","blocks":{"heading":{"type":"heading","settings":{"subheading":"","heading":"Radiant Skin, Essential Care.","heading_size":"h2"}},"text":{"type":"text","settings":{"text":"<p>Unleash luminosity with our skincare essentials, promoting a radiant, healthy glow for effortlessly beautiful and revitalized skin every day.<\/p>"}}},"block_order":["heading","text"],"settings":{"full_width":false,"content_alignment":"center","color_scheme":"secondary"}},"slideshow":{"type":"slideshow","blocks":{"video":{"type":"video","settings":{"subheading":"Indulge in Luxurious Eye Spa Care","heading":"Glowing Eyes, Rejuvenated","description":"","heading_size":62,"button_label":"View All","link":"","button_style":"primary","button_label_second":"","link_second":"","button_style_second":"secondary","box_align":"middle-center","show_text_box":true,"background_opacity":40,"color_scheme":"secondary","content_width":55,"text_alignment":"center","text_alignment_mobile":"center","heading_size_mobile":28}}},"block_order":["video"],"settings":{"full_width":true,"transparent_header":false,"slide_height":"medium","auto_rotate":false,"change_slides_speed":5,"slide_height_mobile":"medium","show_text_below":true}},"image-with-text":{"type":"image-with-text","blocks":{"heading":{"type":"heading","settings":{"subheading":"Unlock the Secrets to Radiant Skin","heading":"Elevate Your Daily Routine","heading_size":"h2"}},"text":{"type":"text","settings":{"text":"<p>Discover the art of self-care with our curated skin care tips. From revitalizing masks to essential serums, embrace the journey to a radiant complexion. Dive into skincare wisdom for healthy, nourished skin and newfound confidence. Your path to luminosity begins here.<\/p>"}},"button":{"type":"button","settings":{"button_label":"Shop Now","button_link":"","button_style":"outline"}}},"block_order":["heading","text","button"],"settings":{"full_width":false,"height":"adapt","desktop_image_width":"medium","layout":"image_first","desktop_content_position":"middle","desktop_content_alignment":"left","content_layout":"no-overlap","color_scheme":"secondary","mobile_content_alignment":"left"}},"newsletter":{"type":"newsletter","blocks":{"heading":{"type":"heading","settings":{"heading":"Join Our Newsletter","heading_size":"h2"}},"paragraph":{"type":"paragraph","settings":{"text":"<p>Join our list and get 15% off your first purchase! Don’t worry we don’t spam<\/p>"}},"email_form":{"type":"email_form","settings":{}}},"block_order":["heading","paragraph","email_form"],"settings":{"full_width":false,"color_scheme":"secondary"}}},"order":["countdown-timer","main","image-banner","rich-text","slideshow","image-with-text","newsletter"]}