{"sections":{"main":{"type":"main-page","disabled":true,"settings":{"full_width":false,"heading_size":"h2","heading_alignment":"center"}},"rich-text":{"type":"rich-text","blocks":{"heading":{"type":"heading","settings":{"subheading":"","heading":"Frequently Asked Questions (FAQ)","heading_size":"h3"}},"text":{"type":"text","settings":{"text":"<p>Got questions about skincare? We've got you covered. Explore our FAQ section for answers to common queries. Whether you're a skincare novice or a seasoned enthusiast, you'll find information on topics like product selection, skincare routines, ingredient tips, and more. Our goal is to equip you with the knowledge you need to enhance your skincare experience. If your question isn't addressed here, don't hesitate to contact our customer support team for personalized assistance. Get ready to achieve glowing skin with confidence!<\/p>"}}},"block_order":["heading","text"],"settings":{"full_width":false,"content_alignment":"center","color_scheme":"secondary"}},"collapsible-panel":{"type":"collapsible-panel","blocks":{"collapsible_row1":{"type":"collapsible_row","settings":{"heading":"How often should I use skincare products?","row_content":"<p>It depends on the specific product and your skin type. Generally, cleansers and moisturizers are used daily, while treatments like exfoliants or masks may be used 1-3 times per week. Always follow the instructions on the product for the best results.<\/p>","page":""}},"collapsible_row2":{"type":"collapsible_row","settings":{"heading":"Can I use multiple skincare products together?","row_content":"<p>Yes, you can use multiple skincare products, but it's essential to layer them correctly. Start with lighter products like serums and proceed to heavier ones like creams. Pay attention to the ingredients to ensure compatibility, and introduce new products gradually to monitor how your skin reacts.<\/p>","page":""}},"collapsible_row3":{"type":"collapsible_row","settings":{"heading":"Do skincare products expire?","row_content":"<p>Yes, skincare products have an expiration date. Check the packaging for the period-after-opening (PAO) symbol, which indicates how many months the product remains usable after being opened. Using expired products can be less effective and may cause skin irritation.<\/p>","page":""}},"collapsible_row4":{"type":"collapsible_row","settings":{"heading":"How do I choose the right skincare products for my skin type?","row_content":"<p>Identify your skin type (dry, oily, combination, sensitive) and specific concerns (acne, aging, hydration). Look for products with ingredients suitable for your skin needs. Consider doing patch tests before incorporating new products into your routine to avoid adverse reactions. If in doubt, consult with a dermatologist for personalized recommendations.<\/p>","page":""}}},"block_order":["collapsible_row1","collapsible_row2","collapsible_row3","collapsible_row4"],"settings":{"full_width":false,"color_scheme":"primary","subheading":"","title":"","heading_size":"h3","heading_alignment":"center","collapsible_color_scheme":"secondary","open_first_collapsible_row":false,"image_ratio":"adapt"}}},"order":["main","rich-text","collapsible-panel"]}