{"sections":{"main":{"type":"main-page","disabled":true,"settings":{"full_width":false,"heading_size":"h2","heading_alignment":"center"}},"image-banner":{"type":"image-banner","blocks":{"banner":{"type":"banner","settings":{"image_overlay_opacity":0,"subheading":"","heading":"","heading_size":"h3","description":"","primary_button_label":"","primary_button_link":"","primary_button_style":"primary","secondary_button_label":"","secondary_button_link":"","secondary_button_style":"secondary","content_position":"middle-center","content_alignment":"center","show_text_box":false,"background_opacity":100,"color_scheme":"secondary","content_color":"#28282a","mobile_content_alignment":"center","show_text_below":true}}},"block_order":["banner"],"settings":{"full_width":false,"image_height":"adapt"}},"divider":{"type":"divider","settings":{"margin_desktop":-40,"margin_mobile":-20}},"rich-text":{"type":"rich-text","blocks":{"heading":{"type":"heading","settings":{"subheading":"","heading":"About Us","heading_size":"h2"}},"text":{"type":"text","settings":{"text":"<p>Welcome to Igloo, your premier destination for a radiant and rejuvenated skincare experience. As an online skincare store, we pride ourselves on curating a collection of high-quality products that cater to your unique beauty needs. Our mission is to empower you to achieve glowing, healthy skin from the comfort of your home.<br\/><br\/><strong>**Our Story:**<\/strong><br\/>Igloo was born out of a passion for skincare and a commitment to providing accessible, effective products for individuals seeking a radiant complexion. We understand that everyone's skin is unique, and our journey began with the vision to create a one-stop destination for skincare enthusiasts, novices, and everyone in between.<br\/><br\/><strong>**Curated Selection:**<\/strong><br\/>At Igloo, we believe in the transformative power of skincare. Our product selection is carefully curated, featuring brands and formulations that prioritize quality ingredients and proven results. Whether you're addressing specific concerns or simply indulging in a self-care routine, our online store offers a diverse range of products to suit your preferences.<br\/><br\/><strong>**Empowering Your Beauty Ritual:**<\/strong><br\/>Skincare is not just about products; it's a ritual that allows you to embrace and care for your unique beauty. Igloo is committed to empowering you on your skincare journey. Our website provides resources, tips, and expert advice to help you make informed choices about the products that will best enhance your routine.<br\/><br\/><strong>**Quality Assurance:**<\/strong><br\/>We understand that your skin deserves the best, and that's why we prioritize quality assurance in every product we offer. From cleansers to serums, each item undergoes rigorous testing to ensure efficacy, safety, and a luxurious experience. We partner with reputable brands and stay informed about the latest advancements in skincare to bring you the most innovative and effective products.<br\/><strong><br\/>**Customer-Centric Approach:**<\/strong><br\/>At Igloo, our customers are at the heart of everything we do. We strive to provide a seamless online shopping experience, with user-friendly navigation and detailed product information. Our customer support team is ready to assist you, offering personalized recommendations and guidance to help you achieve your skincare goals.<br\/><br\/><strong>**Commitment to Sustainability:**<\/strong><br\/>We are not only dedicated to the well-being of your skin but also to the health of the planet. Igloo is committed to sustainability, and we actively seek out eco-friendly brands and packaging options. We believe in beauty that cares for both you and the environment.<br\/><br\/><strong>**Join the Igloo Community:**<\/strong><br\/>As you explore our online skincare store, we invite you to join the Igloo community. Connect with us on social media, share your skincare journey, and be part of a community that celebrates diverse beauty. We believe that skincare is more than a routine – it's a shared experience that brings people together.<br\/><br\/>Thank you for choosing Igloo as your trusted skincare destination. We look forward to being a part of your skincare journey and helping you achieve the radiant and healthy skin you deserve. Explore our collection, indulge in self-care, and let your glow shine through with Igloo.<\/p>"}}},"block_order":["heading","text"],"settings":{"full_width":false,"content_alignment":"left","color_scheme":"secondary"}},"column-grid":{"type":"column-grid","blocks":{"column-1":{"type":"column","settings":{"title":"Olivia Parker","heading_size":"h4","text":"<p>Founder<\/p>","link_label":"","link":""}},"column-2":{"type":"column","settings":{"title":"Jackson Anderson","heading_size":"h4","text":"<p>Co-Founder<\/p>","link_label":"","link":""}},"column-3":{"type":"column","settings":{"title":"Ava Mitchell","heading_size":"h4","text":"<p>Creative Director<\/p>","link_label":"","link":""}},"column-4":{"type":"column","settings":{"title":"Ethan Carter","heading_size":"h4","text":"<p>Content Manager<\/p>","link_label":"","link":""}}},"block_order":["column-1","column-2","column-3","column-4"],"settings":{"full_width":false,"columns_desktop":4,"color_scheme":"primary","columns_mobile":"2","swipe_on_mobile":false,"enable_mobile_autorotate":false,"change_mobile_slides_speed":5,"subheading":"","title":"Our Team","heading_size":"h2","heading_alignment":"center","column_with_background":false,"color_scheme_secondary":"primary","show_image":true,"image_width":"full","image_ratio":"adapt","column_alignment":"center"}}},"order":["main","image-banner","divider","rich-text","column-grid"]}