{"sections":{"main":{"type":"main-product","blocks":{"vendor-sku":{"type":"vendor-sku","settings":{}},"title":{"type":"title","settings":{"heading_size":"h3"}},"offer":{"type":"offer","settings":{"color_scheme":"light","heading":"Super Deals","offer_info":"<p>Ends: Feb 9, 11:59 PM PT<\/p>"}},"price":{"type":"price","settings":{}},"divider":{"type":"divider","settings":{}},"variant_picker":{"type":"variant_picker","settings":{"picker_type":"button"}},"inventory":{"type":"inventory","settings":{"inventory_threshold":10,"low_inventory_notice":"Hurry, limited stock available! Only ||count|| left in stock.","available_message":"Ready for prompt delivery! Only ||count|| left in stock."}},"quantity_selector":{"type":"quantity_selector","settings":{"enable_share":false}},"buy_buttons":{"type":"buy_buttons","settings":{"show_dynamic_checkout":true,"show_gift_card_recipient":false}},"collapsible-row-0":{"type":"collapsible_tab","settings":{"by_default_open":false,"heading":"Description","content":"","product_description":true,"page":""}},"collapsible-row-1":{"type":"collapsible_tab","settings":{"by_default_open":false,"heading":"Shipping Information","content":"<p>We offer fast and reliable shipping to customers across the globe. Here are the details you need to know:<br\/><br\/>Shipping Destinations: We ship to most countries worldwide. Please check the shipping options during checkout for availability in your area.<br\/>Shipping Times: Your order will be processed within 2-5 business days.<br\/>Shipping Costs: We provide competitive shipping rates based on your location and the weight of your order. The exact shipping cost will be calculated during checkout.<\/p>","product_description":false,"page":""}},"collapsible-row-2":{"type":"collapsible_tab","settings":{"by_default_open":false,"heading":"Return policy","content":"<p>Your satisfaction is our priority, and we want you to be completely happy with the products. If you're not satisfied for any reason, our return policy ensures a hassle-free experience:<br\/><br\/>Return: You may initiate a return within 30 days of receiving your order. To be eligible for a return, the product must be unused, in its original packaging, and in the same condition as when you received it.<br\/><br\/>Refund Once we receive and inspect the returned product, we will process your refund within 5 business days. Refunds will be issued to the original payment method used for the purchase.<\/p>","product_description":false,"page":""}},"text":{"type":"text","settings":{"text":"All Products are displayed with the kind permission of Shutterstock."}},"share":{"type":"share","settings":{"share_label":"Share"}},"complementary":{"type":"complementary","settings":{"block_heading":"Complements nicely with","product_list_limit":3,"image_ratio":"square","enable_quick_add":false}}},"block_order":["vendor-sku","title","offer","price","divider","variant_picker","inventory","quantity_selector","buy_buttons","collapsible-row-0","collapsible-row-1","collapsible-row-2","text","share","complementary"],"settings":{"full_width":false,"color_scheme":"primary","layout_style":"standard","product_visibility":true,"media_fit":"contain","gallery_layout":"thumbnail","thumbnail_slider":true,"image_zoom":true,"mobile_thumbnails":true,"enable_video_looping":true}},"related-products":{"type":"related-products","settings":{"full_width":false,"products_to_show":4,"columns_desktop":4,"columns_mobile":"2","subheading":"","heading":"You may also like","heading_size":"h2","heading_alignment":"center","grid_style":"standard","color_scheme":"secondary","image_ratio":"square","show_color_swatch":false,"show_secondary_image":true,"enable_quick_add":true}},"column-grid":{"type":"column-grid","blocks":{"column-1":{"type":"column","settings":{"title":"Cruelty-Free Certification","heading_size":"h4","text":"<p>No Animal Testing for Products and Ingredients<\/p>","link_label":"","link":""}},"column-2":{"type":"column","settings":{"title":"Pure Ingredients Blend","heading_size":"h4","text":"<p>Crafted with an ideal balance of wholesome and safe components.<\/p>","link_label":"","link":""}},"column-3":{"type":"column","settings":{"title":"Environmentally Responsible","heading_size":"h4","text":"<p>Reef-Safe Formulas for a Climate-Positive Impact.<\/p>","link_label":"","link":""}}},"block_order":["column-1","column-2","column-3"],"settings":{"full_width":true,"columns_desktop":3,"color_scheme":"dark","columns_mobile":"1","swipe_on_mobile":true,"enable_mobile_autorotate":true,"change_mobile_slides_speed":5,"subheading":"","title":"Our standard, your excellence—Unrivaled.","heading_size":"h2","heading_alignment":"center","column_with_background":false,"color_scheme_secondary":"gray","show_image":true,"image_width":"third","image_ratio":"square","column_alignment":"center"}},"image-with-text":{"type":"image-with-text","blocks":{"heading":{"type":"heading","settings":{"subheading":"Arctic Elegance for Radiant Skin","heading":"Igloo Skincare Delight","heading_size":"h2"}},"text":{"type":"text","settings":{"text":"<p>Discover joy as women radiate happiness with our igloo-inspired skincare mask. Unlock radiant, happy skin with our Arctic touch formula. Experience the invigorating icy freshness that leaves you beautifully refreshed. Find happiness in your skincare routine.<\/p>"}}},"block_order":["heading","text"],"settings":{"full_width":false,"height":"small","desktop_image_width":"large","layout":"image_first","desktop_content_position":"middle","desktop_content_alignment":"left","content_layout":"overlap","color_scheme":"secondary","mobile_content_alignment":"left"}},"customer-reviews":{"type":"customer-reviews","blocks":{"review-1":{"type":"review","settings":{"title":"Hydration Hero","review_star":"5","description":"<p>My dry skin found its hero! This skincare gem provides intense hydration. It's like a drink of water for my face. Say goodbye to dry patches!<\/p>","author":"William I"}},"review-2":{"type":"review","settings":{"title":"Age-Defying Magic","review_star":"5","description":"<p>Unbelievable! This product erased years from my face. Fine lines? Gone! My skin looks firmer and more youthful. I'm in awe of the age-defying magic it worked.<\/p>","author":"Tatiana J"}},"review-3":{"type":"review","settings":{"title":"Acne Banished!","review_star":"5","description":"<p>Finally, a solution to my acne struggles. This product not only cleared my skin but also prevented new breakouts. Confidence restored, and I'm loving it!<\/p>","author":"Ruby G"}},"review-4":{"type":"review","settings":{"title":"Soothing Sensation","review_star":"5","description":"<p>Sensitive skin? Meet your match. This product is a soothing sensation. Redness disappeared, and my skin feels calm and nourished. A game-changer for sensitive souls!<\/p>","author":"Thai R"}},"review-5":{"type":"review","settings":{"title":"Radiant Glow Delivered","review_star":"5","description":"<p>This skincare product transformed my dull complexion into a radiant glow. The lightweight formula feels heavenly, and the results speak for themselves. A must-have for luminous skin!<\/p>","author":"Jenks L"}}},"block_order":["review-1","review-2","review-3","review-4","review-5"],"settings":{"full_width":true,"reviews_per_row":3,"color_scheme":"secondary","enable_desktop_slider":true,"enable_desktop_autorotate":false,"change_desktop_slides_speed":5,"swipe_on_mobile":true,"enable_mobile_autorotate":false,"change_mobile_slides_speed":5,"subheading":"","title":"Our Lovely Customers","heading_size":"h2","heading_alignment":"center","title_size":"h4","content_alignment":"left","color_scheme_secondary":"primary"}},"image-with-text1":{"type":"image-with-text","blocks":{"heading":{"type":"heading","settings":{"subheading":"Radiance Unleashed","heading":"Joyful Transformation with Our Skin Care","heading_size":"h2"}},"text":{"type":"text","settings":{"text":"<p>Witness the glow of happiness as women embrace the magic of our skincare products. Experience the joy of radiant and healthy skin, boosting confidence and smiles. Discover the secret to a happy, glowing you.<\/p>"}}},"block_order":["heading","text"],"settings":{"full_width":false,"height":"small","desktop_image_width":"large","layout":"text_first","desktop_content_position":"middle","desktop_content_alignment":"left","content_layout":"overlap","color_scheme":"secondary","mobile_content_alignment":"left"}}},"order":["main","related-products","column-grid","image-with-text","customer-reviews","image-with-text1"]}