{"sections":{"rich_text":{"type":"rich-text","blocks":{"heading":{"type":"heading","settings":{"subheading":"<strong>Add the subheading here!<\/strong>","heading":"Heading","heading_size":"h0","autoslide":"Here\nHere\nHere\nHere"}},"text":{"type":"text","settings":{"text":"<p>Share a vivid description about your store that brings out its unique features and benefits.<\/p>"}},"button":{"type":"button","settings":{"button_label":"Button label","button_suggestions":"Suggestion","button_link":"","button_style_primary":"primary","button_label_2":"Button label","button_suggestions_2":"","button_link_2":"","button_style_secondary":"outline"}}},"block_order":["heading","text","button"],"settings":{"expanded_width":true,"color_scheme":"","padding_top":50,"padding_bottom":100}},"slideshow":{"type":"slideshow","blocks":{"slide_1":{"type":"slide","settings":{"image_overlay_opacity":0,"subheading":"<strong>Add the subheading here!<\/strong>","heading":"Heading here","heading_size":"h1","description":"<p>Enhance your slideshow by incorporating a detailed description of your brand right here in this section.<\/p>","primary_button_label":"Button label","primary_button_link":"","primary_button_style":"primary","secondary_button_label":"Button label","secondary_button_link":"","secondary_button_style":"secondary","box_align":"middle-center","text_alignment":"center","show_text_box":false,"color_scheme":"","text_alignment_mobile":"center"}},"slide_2":{"type":"slide","settings":{"image_overlay_opacity":0,"subheading":"<strong>Add the subheading here!<\/strong>","heading":"Heading here","heading_size":"h1","description":"<p>Enhance your slideshow by incorporating a detailed description of your brand right here in this section.<\/p>","primary_button_label":"Button label","primary_button_link":"","primary_button_style":"primary","secondary_button_label":"Button label","secondary_button_link":"","secondary_button_style":"secondary","box_align":"middle-center","text_alignment":"center","show_text_box":false,"color_scheme":"","text_alignment_mobile":"center"}}},"block_order":["slide_1","slide_2"],"settings":{"expanded_width":false,"slide_height":"medium","auto_rotate":true,"change_slides_speed":5,"image_animation":false,"show_text_below":true}},"collection_list":{"type":"collection-list","blocks":{"featured_collection_1":{"type":"featured_collection","settings":{"collection":"","color_scheme":"","title":"","link":"","description":""}},"featured_collection_2":{"type":"featured_collection","settings":{"collection":"","color_scheme":"","title":"","link":"","description":""}},"featured_collection_3":{"type":"featured_collection","settings":{"collection":"","color_scheme":"","title":"","link":"","description":""}}},"block_order":["featured_collection_1","featured_collection_2","featured_collection_3"],"custom_css":[],"settings":{"title":"Collections","heading_size":"h2","heading_alignment":"center","color_scheme":"","collections_per_row":3,"enable_slider_scrollbar":false,"show_view_all":false,"style":"classic","image_width":"small","image_ratio":"original","custom_ratio":1,"title_size":"h5","grid_alignment":"left","show_product_count":true,"collections_per_row_mobile":"1","swipe_on_mobile":true,"padding_top":100,"padding_bottom":100}},"scrolling_text":{"type":"scrolling-text","blocks":{"scrolling_text_1":{"type":"scrolling_text","settings":{"text":"⚡Scrolling text","link":"","text_stroke":false}},"scrolling_text_2":{"type":"scrolling_text","settings":{"text":"⚡Scrolling text","link":"","text_stroke":true}},"scrolling_text_3":{"type":"scrolling_text","settings":{"text":"⚡Scrolling text","link":"","text_stroke":false}},"scrolling_text_4":{"type":"scrolling_text","settings":{"text":"⚡Scrolling text","link":"","text_stroke":true}}},"block_order":["scrolling_text_1","scrolling_text_2","scrolling_text_3","scrolling_text_4"],"settings":{"expanded_width":true,"color_scheme":"scheme-1","text_size":"h0","scrolling_speed":"0.75","enable_sticky":false,"padding_top":0,"padding_bottom":100}},"featured_collection":{"type":"featured-collection","blocks":{"featured_collection":{"type":"featured_collection","settings":{"collection":"","title":""}}},"block_order":["featured_collection"],"settings":{"title":"Featured collection","heading_size":"h2","heading_alignment":"center","color_scheme":"","products_to_show":8,"products_per_row":4,"enable_slider_scrollbar":true,"show_view_all":true,"grid_color_scheme":"","grid_style":"classic","image_ratio":"portrait","show_secondary_image":true,"show_vendor":false,"show_rating":false,"enable_quick_add":true,"show_color_swatches":false,"grid_text_alignment":"center","products_per_row_mobile":"2","swipe_on_mobile":true,"padding_top":100,"padding_bottom":100}},"logo_list":{"type":"logo-list","blocks":{"logo_1":{"type":"logo","settings":{"title":"Logo title","link":""}},"logo_2":{"type":"logo","settings":{"title":"Logo title","link":""}},"logo_3":{"type":"logo","settings":{"title":"Logo title","link":""}},"logo_4":{"type":"logo","settings":{"title":"Logo title","link":""}},"logo_5":{"type":"logo","settings":{"title":"Logo title","link":""}},"logo_6":{"type":"logo","settings":{"title":"Logo title","link":""}}},"block_order":["logo_1","logo_2","logo_3","logo_4","logo_5","logo_6"],"settings":{"title":"Logo list","heading_size":"h2","heading_alignment":"center","color_scheme":"","logo_per_row":6,"enable_slider_scrollbar":false,"image_ratio":"original","title_size":"h6","text_alignment":"center","logo_per_row_mobile":"2","swipe_on_mobile":true,"padding_top":0,"padding_bottom":100}},"countdown_clock":{"type":"countdown-clock","blocks":{"image":{"type":"image","settings":{"image_placement":true}},"content":{"type":"content","settings":{"heading":"Countdown clock","heading_size":"h2","text":"<p>Increase sales potential with this clock by instilling a sense of urgency.<\/p>"}},"clock":{"type":"clock","settings":{"enable_clock":true,"year":"2026","month":"01","day":"1","hour":"12","minute":"00","clock_size":"h0","hide_clock":false,"text":"<p>Insert the complete clock message in this section.<\/p>"}},"button":{"type":"button","settings":{"button":"Button label","button_link":"","button_style":"outline"}}},"block_order":["image","content","clock","button"],"settings":{"expanded_width":true,"full_screen":true,"color_scheme":"","padding_top":100,"padding_bottom":100}},"text_columns_with_icons":{"type":"text-columns-with-icons","blocks":{"column_1":{"type":"column","settings":{"color_scheme":"","icon":"icon-package","title":"Column","text":"<p>Include a description of the icon, explaining its significance and function.<\/p>"}},"column_2":{"type":"column","settings":{"color_scheme":"","icon":"icon-shopping-cart","title":"Column","text":"<p>Include a description of the icon, explaining its significance and function.<\/p>"}},"column_3":{"type":"column","settings":{"color_scheme":"","icon":"icon-user","title":"Column","text":"<p>Include a description of the icon, explaining its significance and function.<\/p>"}},"column_4":{"type":"column","settings":{"color_scheme":"","icon":"icon-lock","title":"Column","text":"<p>Include a description of the icon, explaining its significance and function.<\/p>"}}},"block_order":["column_1","column_2","column_3","column_4"],"settings":{"title":"","heading_size":"h2","heading_alignment":"center","color_scheme":"","style":"simple","column_per_row":4,"title_size":"h5","text_alignment":"center","column_per_row_mobile":"2","padding_top":100,"padding_bottom":100}},"testimonials":{"type":"testimonials","blocks":{"testimonial_1":{"type":"testimonial","settings":{"quote":"<h3>Exceptional service! Their product surpassed my expectations, offering unparalleled quality and value. Highly recommend!<\/h3>","author_designation":"Specify the author's title or position here.","author_name":"Name of the outhor","varified_customer":true}},"testimonial_2":{"type":"testimonial","settings":{"quote":"<h3>Exceptional service! Their product surpassed my expectations, offering unparalleled quality and value. Highly recommend!<\/h3>","author_designation":"Specify the author's title or position here.","author_name":"Name of the outhor","varified_customer":true}},"testimonial_3":{"type":"testimonial","settings":{"quote":"<h3>Exceptional service! Their product surpassed my expectations, offering unparalleled quality and value. Highly recommend!<\/h3>","author_designation":"Specify the author's title or position here.","author_name":"Name of the outhor","varified_customer":true}}},"block_order":["testimonial_1","testimonial_2","testimonial_3"],"settings":{"color_scheme":"","padding_top":100,"padding_bottom":100}},"multicolumn":{"type":"multicolumn","blocks":{"column_1":{"type":"column","settings":{"color_scheme":"","active_color_scheme":"","title":"Column name","heading_size":"h3","description":"<p>Pair text with an image to focus on your chosen product, collection, or blog post. Add details on availability, style, or even provide a review.<\/p>","button_label":"Button label","button_link":"","button_style":"outline"}},"column_2":{"type":"column","settings":{"color_scheme":"","active_color_scheme":"","title":"Column name","heading_size":"h3","description":"<p>Pair text with an image to focus on your chosen product, collection, or blog post. Add details on availability, style, or even provide a review.<\/p>","button_label":"Button label","button_link":"","button_style":"outline"}},"column_3":{"type":"column","settings":{"color_scheme":"","active_color_scheme":"","title":"Column name","heading_size":"h3","description":"<p>Pair text with an image to focus on your chosen product, collection, or blog post. Add details on availability, style, or even provide a review.<\/p>","button_label":"Button label","button_link":"","button_style":"outline"}}},"block_order":["column_1","column_2","column_3"],"settings":{"title":"","heading_size":"h2","heading_alignment":"center","color_scheme":"","columns_per_row":3,"counter":true,"image_ratio":"original","custom_ratio":1,"padding_top":100,"padding_bottom":100}},"featured_product":{"type":"featured-product","blocks":{"vendor":{"type":"vendor","settings":{}},"title":{"type":"title","settings":{"heading_size":"h2"}},"offer":{"type":"offer","settings":{"color_scheme":"","content":"<p>🔥 Add your promotion title here.<\/p>"}},"sku":{"type":"sku","settings":{}},"price":{"type":"price","settings":{}},"variant_picker":{"type":"variant_picker","settings":{"picker_type":"button","color_swatch":true}},"inventory":{"type":"inventory","settings":{"inventory_threshold":10,"low_inventory_notice":"Hurry, limited stock available! Only ||count|| left in stock.","available_message":"In stock, and ready to ship"}},"buy_buttons":{"type":"buy_buttons","settings":{"show_dynamic_checkout":true,"button_suggestions":"Order now","position_top":70,"show_gift_card_recipient":true}},"icon_with_text":{"type":"icon-with-text","settings":{"icon_1":"icon-award","heading_1":"<strong>Icon<\/strong>","icon_2":"icon-return","heading_2":"<strong>Icon<\/strong>","icon_3":"icon-package","heading_3":"<strong>Icon<\/strong>"}},"discount_eM8TrK":{"type":"discount","settings":{"title":"Grab the discount","discount_code":"A1B2 3C4D 5E6F 7G8H","button_label":"Copy","copied_button_label":"Copied!"}},"share":{"type":"share","settings":{}}},"block_order":["vendor","title","offer","sku","price","variant_picker","inventory","buy_buttons","icon_with_text","discount_eM8TrK","share"],"settings":{"expanded_width":true,"product":"","color_scheme":"","gallery_layout":"thumbnail_slider vertical-scrollbar","constrain_to_viewport":false,"media_fit":false,"image_zoom":true,"hide_variants":false,"enable_video_looping":false,"padding_top":100,"padding_bottom":100}},"masonry_grid":{"type":"masonry-grid","blocks":{"image_1":{"type":"image","settings":{"color_scheme":"","image_height":65,"subheading":"","title":"Masonry grid","heading_size":"h2","description":"<p>Include a detailed description of your product and collection in this section.<\/p>","button_label":"Button label","button_link":"","button_style":"primary","text_alignment":"center","scrolling_color_scheme":"","scrolling_text":""}},"image_2":{"type":"image","settings":{"color_scheme":"","image_height":65,"subheading":"","title":"Masonry grid","heading_size":"h2","description":"<p>Include a detailed description of your product and collection in this section.<\/p>","button_label":"Button label","button_link":"","button_style":"primary","text_alignment":"center","scrolling_color_scheme":"","scrolling_text":""}},"image_3":{"type":"image","settings":{"color_scheme":"","image_height":65,"subheading":"","title":"Masonry grid","heading_size":"h2","description":"<p>Include a detailed description of your product and collection in this section.<\/p>","button_label":"Button label","button_link":"","button_style":"primary","text_alignment":"center","scrolling_color_scheme":"","scrolling_text":""}}},"block_order":["image_1","image_2","image_3"],"settings":{"title":"","heading_size":"h2","heading_alignment":"center","color_scheme":"","padding_top":100,"padding_bottom":100}},"product_comparison":{"type":"product-comparison","blocks":{"content":{"type":"content","settings":{"subheading":"<strong>Add the subheading here!<\/strong>","heading":"Product comparison","heading_size":"h2","description":"<p>Give your customers useful information about your products and showcase differences between them.<\/p>","button_label":"Button label","button_link":"","button_style":"primary"}},"product_1":{"type":"product","settings":{"color_scheme":"scheme-2","heading":"Comparison heading","heading_size":"h4","description":"<p>✅ Your comparison text<\/p><p>✅ Your comparison text<\/p><p>✅ Your comparison text<\/p><p>✅ Your comparison text<\/p><p> ✅ Your comparison text<\/p><p>✅ Your comparison text<\/p>"}},"product_2":{"type":"product","settings":{"color_scheme":"","heading":"Comparison heading","heading_size":"h4","description":"<p>❌ Your comparison text<\/p><p>❌ Your comparison text<\/p><p>❌ Your comparison text<\/p><p>❌ Your comparison text<\/p><p> ❌ Your comparison text<\/p><p>❌ Your comparison text<\/p>"}}},"block_order":["content","product_1","product_2"],"settings":{"title":"","heading_size":"h2","heading_alignment":"center","color_scheme":"","padding_top":100,"padding_bottom":100}},"featured_blog":{"type":"featured-blog","settings":{"heading":"Blog posts","heading_size":"h2","heading_alignment":"center","color_scheme":"","post_limit":3,"show_view_all":true,"color_scheme_blog":"","blog":"","image_ratio":"original","custom_ratio":2.2,"image_second":false,"show_date":true,"show_author":true,"padding_top":100,"padding_bottom":100}},"multirow":{"type":"multirow","blocks":{"content":{"type":"content","settings":{"subheading":"<strong>Add the subheading here!<\/strong>","heading":"Multi Row","heading_size":"h2","description":"<p>Inform your customers about product details and highlight distinctions among them for a well-informed choice here.<\/p>","button_label":"Button label","button_link":"","button_style":"primary"}},"row_1":{"type":"row","settings":{"color_scheme":"scheme-2","heading":"Row","heading_size":"h3","text":"<p>Add description in this section that highlights your product, collection, or blog posts and add additional information about availability, style, and other relevant details.<\/p>","button_label":"Button label","button_link":""}},"row_2":{"type":"row","settings":{"color_scheme":"scheme-3","heading":"Row","heading_size":"h3","text":"<p>Add description in this section that highlights your product, collection, or blog posts and add additional information about availability, style, and other relevant details.<\/p>","button_label":"Button label","button_link":""}},"row_3":{"type":"row","settings":{"color_scheme":"scheme-1","heading":"Row","heading_size":"h3","text":"<p>Add description in this section that highlights your product, collection, or blog posts and add additional information about availability, style, and other relevant details.<\/p>","button_label":"Button label","button_link":""}},"row_4":{"type":"row","settings":{"color_scheme":"scheme-4","heading":"Row","heading_size":"h3","text":"<p>Add description in this section that highlights your product, collection, or blog posts and add additional information about availability, style, and other relevant details.<\/p>","button_label":"Button label","button_link":""}}},"block_order":["content","row_1","row_2","row_3","row_4"],"settings":{"title":"","heading_size":"h2","heading_alignment":"center","color_scheme":"","padding_top":100,"padding_bottom":100}},"newsletter":{"type":"newsletter","blocks":{"heading":{"type":"heading","settings":{"heading":"Subscribe to our emails","heading_size":"h2"}},"paragraph":{"type":"paragraph","settings":{"text":"<p>Be the first to know about new collections and exclusive offers.<\/p>"}},"email_form":{"type":"email_form","settings":{}}},"block_order":["heading","paragraph","email_form"],"settings":{"expanded_width":false,"text_alignment":"left","color_scheme":"","padding_top":50,"padding_bottom":50}},"image_gallery":{"type":"image-gallery","blocks":{"text":{"type":"text","settings":{"title":"Image gallery","title_size":"h4","description":"<p>Add a description about your image gallery here!<\/p>","button_label":"Button label","button_link":""}},"image_1":{"type":"image","settings":{"link":""}},"image_2":{"type":"image","settings":{"link":""}},"image_3":{"type":"image","settings":{"link":""}},"image_4":{"type":"image","settings":{"link":""}},"image_5":{"type":"image","settings":{"link":""}}},"block_order":["text","image_1","image_2","image_3","image_4","image_5"],"settings":{"title":"","heading_size":"h2","heading_alignment":"center","color_scheme":"","column_per_row":6,"enable_slider_scrollbar":true,"image_ratio":"square","circular_style":true,"hover_effect":true,"column_per_row_mobile":"2","swipe_on_mobile":true,"padding_top":100,"padding_bottom":100}}},"order":["rich_text","slideshow","collection_list","scrolling_text","featured_collection","logo_list","countdown_clock","text_columns_with_icons","testimonials","multicolumn","featured_product","masonry_grid","product_comparison","featured_blog","multirow","newsletter","image_gallery"]}