{
  "sections": {
    "progress_ticker": {
      "type": "progress-ticker",
      "blocks": {
        "image": {
          "type": "image",
          "settings": {
          }
        }
      },
      "block_order": [
        "image"
      ],
      "settings": {
        "title": "",
        "heading_size": "h2",
        "heading_alignment": "center",
        "color_scheme": "scheme-1",
        "padding_top": 100,
        "padding_bottom": 50
      }
    },
    "main": {
      "type": "main-page",
      "settings": {
        "padding_top": 0,
        "padding_bottom": 100
      }
    }
  },
  "order": [
    "progress_ticker",
    "main"
  ]
}
