{
  "sections": {
    "main": {
      "type": "main-page",
      "disabled": true,
      "settings": {
        "padding_top": 100,
        "padding_bottom": 100
      }
    },
    "faq": {
      "type": "faq",
      "blocks": {
        "content": {
          "type": "content",
          "settings": {
          }
        },
        "get_in_touch": {
          "type": "get_in_touch",
          "settings": {
          }
        },
        "faq_1": {
          "type": "faq",
          "settings": {
          }
        },
        "faq_2": {
          "type": "faq",
          "settings": {
          }
        },
        "faq_3": {
          "type": "faq",
          "settings": {
          }
        },
        "faq_4": {
          "type": "faq",
          "settings": {
          }
        },
        "faq_5": {
          "type": "faq",
          "settings": {
          }
        }
      },
      "block_order": [
        "content",
        "get_in_touch",
        "faq_1",
        "faq_2",
        "faq_3",
        "faq_4",
        "faq_5"
      ],
      "settings": {
        "title": "",
        "heading_size": "h2",
        "heading_alignment": "center",
        "color_scheme": "",
        "vertical_scrolling": false,
        "padding_top": 100,
        "padding_bottom": 100
      }
    }
  },
  "order": [
    "main",
    "faq"
  ]
}
