{
  "layout": "password",
  "sections": {
    "main": {
      "type": "email-signup-banner",
      "blocks": {
        "heading": {
          "type": "heading",
          "settings": {
            "heading": "Opening soon"
          }
        },
        "paragraph": {
          "type": "paragraph",
          "settings": {
            "text": "<p>Be the first to know when we launch.</p>"
          }
        },
        "clock": {
          "type": "clock",
          "settings": {
            "enable_clock": true,
            "color_scheme": "scheme-2",
            "year": "2025",
            "month": "01",
            "day": "19",
            "hour": "16",
            "minute": "09",
            "hide_clock": false
          }
        },
        "email_form": {
          "type": "email_form",
          "settings": {
          }
        }
      },
      "block_order": [
        "heading",
        "paragraph",
        "clock",
        "email_form"
      ],
      "settings": {
      }
    }
  },
  "order": [
    "main"
  ]
}
