{"sections":{"banner":{"type":"main-collection-banner","settings":{"color_scheme":"","show_collection_description":true,"show_collection_image":false,"collapse_content":true,"padding_top":100,"padding_bottom":50}},"collection_list":{"type":"collection-list","blocks":{"featured_collection_1":{"type":"featured_collection","settings":{"collection":"","color_scheme":"","title":"","link":"","description":""}},"featured_collection_2":{"type":"featured_collection","settings":{"collection":"","color_scheme":"","title":"","link":"","description":""}},"featured_collection_ciB9AB":{"type":"featured_collection","settings":{"collection":"","color_scheme":"scheme-1","title":"","link":"","description":""}},"featured_collection_4":{"type":"featured_collection","settings":{"collection":"","color_scheme":"","title":"","link":"","description":""}},"featured_collection_3":{"type":"featured_collection","settings":{"collection":"","color_scheme":"","title":"","link":"","description":""}},"featured_collection_5":{"type":"featured_collection","settings":{"collection":"","color_scheme":"","title":"","link":"","description":""}}},"block_order":["featured_collection_1","featured_collection_2","featured_collection_ciB9AB","featured_collection_4","featured_collection_3","featured_collection_5"],"settings":{"title":"","heading_size":"h2","heading_alignment":"center","color_scheme":"","collections_per_row":6,"enable_slider_scrollbar":false,"show_view_all":false,"style":"simple","image_width":"medium","image_ratio":"square","custom_ratio":1,"title_size":"h5","grid_alignment":"center","show_product_count":false,"collections_per_row_mobile":"2","swipe_on_mobile":true,"padding_top":0,"padding_bottom":100}},"product-grid":{"type":"main-collection-product-grid","settings":{"products_per_page":15,"products_per_row":3,"infinite_scroll":false,"grid_color_scheme":"","grid_style":"classic","image_ratio":"portrait","show_secondary_image":true,"show_vendor":false,"show_rating":false,"enable_quick_add":true,"show_color_swatches":false,"grid_text_alignment":"center","enable_filtering":true,"color_filter":true,"enable_sorting":true,"products_per_row_mobile":"1","padding_top":0,"padding_bottom":100}}},"order":["banner","collection_list","product-grid"]}