{"sections":{"slideshow":{"type":"slideshow","blocks":{"slide_1":{"type":"slide","settings":{"image_overlay_opacity":0,"subheading":"<strong>Cardio Power Surge<\/strong>","heading":"Sustainable workshop","heading_size":"h1","description":"","primary_button_label":"Get started","primary_button_link":"","primary_button_style":"primary","secondary_button_label":"Book A Class","secondary_button_link":"","secondary_button_style":"secondary","box_align":"middle-left","text_alignment":"left","show_text_box":false,"color_scheme":"","text_alignment_mobile":"center"}}},"block_order":["slide_1"],"settings":{"expanded_width":true,"slide_height":"original","auto_rotate":false,"change_slides_speed":5,"image_animation":false,"show_text_below":true}},"text_columns_with_icons":{"type":"text-columns-with-icons","blocks":{"column1":{"type":"column","settings":{"color_scheme":"","icon":"icon-package","title":"Body & mind","text":"<p>Our yoga trainers will build your perfect body workout ever and physique professionals.<\/p>"}},"column2":{"type":"column","settings":{"color_scheme":"","icon":"icon-shopping-cart","title":"Healthy life","text":"<p>Specializing in The class based sessions are challenging innov ative workout ever.<\/p>"}},"column3":{"type":"column","settings":{"color_scheme":"","icon":"icon-user","title":"Strategies","text":"<p>Levate fitness with expert strategies for optimal gym training results<\/p>"}},"column4":{"type":"column","settings":{"color_scheme":"","icon":"icon-lock","title":"Workout","text":"<p>Specializing in The class based sessions are challenging innov ative workout ever.<\/p>"}}},"block_order":["column1","column2","column3","column4"],"settings":{"title":"","heading_size":"h2","heading_alignment":"center","color_scheme":"scheme-3","style":"simple","column_per_row":4,"title_size":"h5","text_alignment":"left","column_per_row_mobile":"2","padding_top":100,"padding_bottom":100}},"scrolling_text":{"type":"scrolling-text","blocks":{"scrolling_text1":{"type":"scrolling_text","settings":{"text":"Personal skilled trainers","link":"","text_stroke":false}},"scrolling_text2":{"type":"scrolling_text","settings":{"text":"Outdoor & online trainings","link":"","text_stroke":true}}},"block_order":["scrolling_text1","scrolling_text2"],"settings":{"expanded_width":true,"color_scheme":"","text_size":"h1","scrolling_speed":"0.75","enable_sticky":false,"padding_top":50,"padding_bottom":50}},"image_with_text":{"type":"image-with-text","blocks":{"heading":{"type":"heading","settings":{"subheading":"Meet Our Expert Trainer","heading":"Hi, I’m emily","heading_size":"h2"}},"text":{"type":"text","settings":{"text":"<p>Hello, I'm Emily, a certified gym trainer committed to helping you achieve your fitness goals. With personalized plans, motivation, and expertise, I'll guide you on a transformative journey to optimal health.<\/p>"}},"button":{"type":"button","settings":{"button_label":"Read More","button_link":"","button_style":"primary"}}},"block_order":["heading","text","button"],"settings":{"section_color_scheme":"","image_position_right":false,"height":"original","color_scheme":"scheme-3","desktop_content_position":"middle","desktop_content_alignment":"center","image_animation":false,"mobile_content_alignment":"center","padding_top":100,"padding_bottom":0}},"event":{"type":"event","blocks":{"content":{"type":"content","settings":{"subheading":"","heading":"Our classes","heading_size":"h2","description":"<p>Meet our experts: a dedicated team of professionals committed to delivering unparalleled knowledge, guidance, and solutions tailored to your needs.<\/p>","button_label":"Join Us","button_link":"","button_style":"primary"}},"event1":{"type":"event","settings":{"color_scheme":"","heading":"Hiit blast","heading_size":"h4","subheading":"Intense cardio and strength training.","event_details":"<p><strong>JULY 31TH<br\/>12:00AM - 2:00PM<\/strong><\/p>","button_label":"Book Now","button_link":"","button_style":"primary"}},"event2":{"type":"event","settings":{"color_scheme":"","heading":"Power yoga","heading_size":"h4","subheading":"Dynamic yoga for strength-building flow.","event_details":"<p><strong>JULY 31TH<br\/>12:00AM - 2:00PM<\/strong><\/p>","button_label":"Book Now","button_link":"","button_style":"primary"}},"event3":{"type":"event","settings":{"color_scheme":"","heading":"Zumba dance","heading_size":"h4","subheading":"High-energy dance fitness extravaganza","event_details":"<p><strong>JULY 31TH<br\/>12:00AM - 2:00PM<\/strong><\/p>","button_label":"Book Now","button_link":"","button_style":"primary"}},"event4":{"type":"event","settings":{"color_scheme":"","heading":"Mindful stretch","heading_size":"h4","subheading":"Gentle stretching for relaxation","event_details":"<p><strong>JULY 31TH<br\/>12:00AM - 2:00PM<\/strong><\/p>","button_label":"Book Now","button_link":"","button_style":"primary"}}},"block_order":["content","event1","event2","event3","event4"],"settings":{"title":"","heading_size":"h2","heading_alignment":"center","color_scheme":"","padding_top":100,"padding_bottom":0}},"featured_collection":{"type":"featured-collection","blocks":{"featured_collection":{"type":"featured_collection","settings":{"collection":"","title":""}}},"block_order":["featured_collection"],"settings":{"title":"Class accessories","heading_size":"h2","heading_alignment":"center","color_scheme":"scheme-1","products_to_show":8,"products_per_row":4,"enable_slider_scrollbar":true,"show_view_all":true,"grid_color_scheme":"scheme-2","grid_style":"classic","image_ratio":"portrait","show_secondary_image":true,"show_vendor":false,"show_rating":false,"enable_quick_add":true,"show_color_swatches":false,"grid_text_alignment":"center","products_per_row_mobile":"2","swipe_on_mobile":true,"padding_top":100,"padding_bottom":100}},"multicolumn":{"type":"multicolumn","blocks":{"content":{"type":"content","settings":{"subheading":"","title":"Our team","title_size":"h2","description":"<p>Our team is a dynamic blend of passionate individuals dedicated to empowering you on your fitness journey.<\/p>","button_label":"Contact Us","button_link":"","button_style":"primary","text_alignment":"left"}},"column1":{"type":"column","settings":{"color_scheme":"","active_color_scheme":"","title":"Martin","heading_size":"h3","description":"<p>Introducing Martin, your dedicated fitness trainer committed to guiding you on your journey to optimal health and strength. With years of experience and a passion for helping others achieve their fitness goals, Martin provides personalized training programs tailored to your unique needs and aspirations. As your fitness mentor, Martin brings a wealth of knowledge and expertise to every session, ensuring that you receive the guidance and support necessary to succeed. Whether you're looking to build muscle, lose weight, improve endurance, or enhance overall fitness, Martin will design a comprehensive workout plan that aligns with your objectives and maximizes your results.<\/p><p>Beyond just physical exercise, Martin emphasizes the importance of holistic wellness, incorporating elements of nutrition, mindset, and lifestyle habits into your training program. With his encouraging demeanor and motivational approach, Martin empowers you to overcome challenges, break through barriers, and unleash your full potential. With Martin as your fitness trainer, you'll not only see improvements in your physique and performance but also experience a newfound sense of confidence, energy, and well-being. Take the first step towards a healthier, happier you and embark on your fitness journey with Martin today.<\/p>","button_label":"Button label","button_link":"","button_style":"outline"}},"column2":{"type":"column","settings":{"color_scheme":"scheme-3","active_color_scheme":"","title":"Norton","heading_size":"h3","description":"<p>Meet Norton, your dedicated fitness trainer committed to helping you achieve your health and wellness goals. With a passion for fitness and a wealth of knowledge in exercise science, Norton provides personalized training programs tailored to your individual needs and aspirations. With Norton as your guide, you'll receive expert guidance and support every step of the way. Whether you're aiming to build strength, increase endurance, lose weight, or improve overall fitness, Norton will design a comprehensive workout plan that's challenging, effective, and enjoyable.<\/p><p>Beyond just physical exercise, Norton believes in taking a holistic approach to health and wellness. He'll work with you to develop sustainable lifestyle habits, provide nutrition guidance, and offer strategies for managing stress and enhancing mental well-being. With Norton by your side, you'll not only see improvements in your physical fitness but also experience positive transformations in all areas of your life. His motivating presence and personalized approach will empower you to overcome obstacles, break through plateaus, and achieve your full potential. Embark on your fitness journey with Norton today and discover the strength, vitality, and confidence that come with living a healthy, active lifestyle.<\/p>","button_label":"Contact Us","button_link":"","button_style":"outline"}}},"block_order":["content","column1","column2"],"settings":{"title":"","heading_size":"h2","heading_alignment":"center","color_scheme":"","columns_per_row":3,"counter":false,"image_ratio":"original","custom_ratio":1,"padding_top":100,"padding_bottom":100}},"testimonials":{"type":"testimonials","blocks":{"testimonial1":{"type":"testimonial","settings":{"quote":"<h3>I trainer gym delivers results! Expert trainers, personalized plans, and a supportive community. Transform your body and your life!<\/h3>","author_designation":"Fitness Fanatic","author_name":"DAVID P","varified_customer":true}},"testimonial2":{"type":"testimonial","settings":{"quote":"<h3>I've been working with my personal trainer here for six months now, and I can't believe the progress I've made.<\/h3>","author_designation":"Fitness Seeker","author_name":"EMILY R","varified_customer":true}},"testimonial3":{"type":"testimonial","settings":{"quote":"<h3>I trainer gym rocks! From workouts to nutrition, they've got it covered. Feel stronger, fitter, and happier. Join the community!\"<\/h3>","author_designation":"Workout Lover","author_name":"ALEX C","varified_customer":true}}},"block_order":["testimonial1","testimonial2","testimonial3"],"settings":{"color_scheme":"scheme-3","padding_top":100,"padding_bottom":100}},"multirow":{"type":"multirow","blocks":{"content":{"type":"content","settings":{"subheading":"","heading":"Benefit from training","heading_size":"h2","description":"<p>Explore our Key Statistics section for essential insights, trends, and data, shaping your understanding of pivotal aspects in our domain.<\/p>","button_label":"View All","button_link":"","button_style":"primary"}},"row1":{"type":"row","settings":{"color_scheme":"scheme-2","heading":"Self defense","heading_size":"h3","text":"<p>iEnergy is derived from natural sources, providing a clean and sustainable energy solution free from artificial additives, offering a wholesome boost to your vitality.<\/p>","button_label":"Book Now","button_link":""}},"row2":{"type":"row","settings":{"color_scheme":"scheme-3","heading":"Psycho training","heading_size":"h3","text":"<p>Psycho Training: Elevate your workouts with a high-intensity training program designed to push your limits and maximize results.<\/p>","button_label":"Book Now","button_link":""}},"row3":{"type":"row","settings":{"color_scheme":"scheme-1","heading":"Weight lifting","heading_size":"h3","text":"<p>Weight Lifting: Build strength, muscle, and confidence with our comprehensive lifting program tailored to all fitness levels and goals<\/p>","button_label":"Book Now","button_link":""}},"row4":{"type":"row","settings":{"color_scheme":"scheme-4","heading":"Gym enthusiasts","heading_size":"h3","text":"<p>Gym Enthusiasts: Join our vibrant community of fitness lovers dedicated to achieving their goals and supporting each other's journeys<\/p>","button_label":"Book Now","button_link":""}}},"block_order":["content","row1","row2","row3","row4"],"settings":{"title":"","heading_size":"h2","heading_alignment":"center","color_scheme":"","padding_top":100,"padding_bottom":100}},"map":{"type":"map","settings":{"title":"Our stores","heading_size":"h2","heading_alignment":"center","color_scheme":"scheme-3","image_height":"small","api_key":"","grayscale":true,"color_scheme_location":"","loaction_name":"Trainer classes","location_heading_size":"h3","map_address":"301 Front St W Toronto, Canada","address":"<p>Example hours:<br\/>Mon - Fri, 10am - 9pm<br\/>Saturday, 11am - 9pm<br\/>Sunday, 11am - 5pm<\/p>","button_text":"Get directions","padding_top":100,"padding_bottom":100}},"featured_product":{"type":"featured-product","blocks":{"vendor":{"type":"vendor","settings":{}},"title":{"type":"title","settings":{"heading_size":"h2"}},"sku":{"type":"sku","settings":{}},"price":{"type":"price","settings":{}},"variant_picker":{"type":"variant_picker","settings":{"picker_type":"button","color_swatch":true}},"inventory":{"type":"inventory","settings":{"inventory_threshold":10,"low_inventory_notice":"Hurry, limited stock available! Only ||count|| left in stock.","available_message":"In stock, and ready to ship"}},"buy_buttons":{"type":"buy_buttons","settings":{"show_dynamic_checkout":true,"button_suggestions":"Order now","position_top":70,"show_gift_card_recipient":true}}},"block_order":["vendor","title","sku","price","variant_picker","inventory","buy_buttons"],"settings":{"expanded_width":false,"product":"","color_scheme":"scheme-2","gallery_layout":"thumbnail_slider vertical-scrollbar","constrain_to_viewport":false,"media_fit":false,"image_zoom":true,"hide_variants":false,"enable_video_looping":false,"padding_top":100,"padding_bottom":100}},"progress_ticker":{"type":"progress-ticker","blocks":{"image":{"type":"image","settings":{}},"content":{"type":"content","settings":{"badge_width":50,"outside_rotate_text":"Circle rotating text! Circle rotating text! Circle rotating text!","subheading":"","heading":"Expert guidance","heading_size":"h2","description":"<p>Receive expert guidance from our certified trainers, ensuring precision, effectiveness, and motivation in every workout.<\/p>","button_label":"View All","button_link":"","button_style":"primary","content_alignment":"center"}},"progress":{"type":"progress","settings":{"color_scheme":"","heading":"Fitness coach","heading_size":"h3","description":"","heading_1":"Fitness Transformation Journeys","progress_1":70,"heading_2":"Building Strength and Endurance","progress_2":40,"heading_3":"Weight Management Strategies","progress_3":80,"heading_4":"Stress Relief and Mental Well-being","progress_4":30,"heading_5":"Professional Guidance and Coaching","progress_5":45,"heading_6":"Give customers details about the progress","progress_6":90}}},"block_order":["image","content","progress"],"settings":{"title":"","heading_size":"h2","heading_alignment":"center","color_scheme":"scheme-3","padding_top":100,"padding_bottom":100}},"divider":{"type":"divider","settings":{"margin_desktop":100,"margin_mobile":50}},"newsletter":{"type":"newsletter","blocks":{"heading":{"type":"heading","settings":{"heading":"Let's keep in touch!","heading_size":"h2"}},"paragraph":{"type":"paragraph","settings":{"text":"<p>Get monthly newsletter updates and exclusive offers on your favourite products by subscribing!<\/p>"}},"email_form":{"type":"email_form","settings":{}}},"block_order":["heading","paragraph","email_form"],"settings":{"expanded_width":false,"text_alignment":"center","color_scheme":"","padding_top":50,"padding_bottom":50}},"featured_blog":{"type":"featured-blog","settings":{"heading":"Blog posts","heading_size":"h2","heading_alignment":"center","color_scheme":"scheme-1","post_limit":3,"show_view_all":true,"color_scheme_blog":"scheme-2","blog":"","image_ratio":"original","custom_ratio":2.2,"image_second":false,"show_date":true,"show_author":true,"padding_top":100,"padding_bottom":100}},"image_gallery":{"type":"image-gallery","blocks":{"text":{"type":"text","settings":{"title":"@trainer","title_size":"h4","description":"","button_label":"Follow Us","button_link":""}},"image1":{"type":"image","settings":{"link":""}},"image2":{"type":"image","settings":{"link":""}},"image3":{"type":"image","settings":{"link":""}},"image4":{"type":"image","settings":{"link":""}}},"block_order":["text","image1","image2","image3","image4"],"settings":{"title":"","heading_size":"h2","heading_alignment":"center","color_scheme":"scheme-3","column_per_row":5,"enable_slider_scrollbar":true,"image_ratio":"square","circular_style":true,"hover_effect":true,"column_per_row_mobile":"2","swipe_on_mobile":true,"padding_top":100,"padding_bottom":100}}},"order":["slideshow","text_columns_with_icons","scrolling_text","image_with_text","event","featured_collection","multicolumn","testimonials","multirow","map","featured_product","progress_ticker","divider","newsletter","featured_blog","image_gallery"]}