{"sections":{"rich_text":{"type":"rich-text","blocks":{"heading":{"type":"heading","settings":{"subheading":"","heading":"Fitness gear galore","heading_size":"h1","autoslide":""}},"text":{"type":"text","settings":{"text":"<p>Discover a treasure trove of premium fitness gear at iPower Collections. Elevate your workouts with top-quality accessories<br\/>for every exercise.<\/p>"}}},"block_order":["heading","text"],"settings":{"expanded_width":true,"color_scheme":"","padding_top":100,"padding_bottom":100}},"collection_list":{"type":"collection-list","blocks":{"featured_collection_1":{"type":"featured_collection","settings":{"collection":"","color_scheme":"scheme-2","title":"","link":"","description":""}},"featured_collection_2":{"type":"featured_collection","settings":{"collection":"","color_scheme":"scheme-2","title":"","link":"","description":""}},"featured_collection_3":{"type":"featured_collection","settings":{"collection":"","color_scheme":"scheme-2","title":"","link":"","description":""}},"featured_collection_4":{"type":"featured_collection","settings":{"collection":"","color_scheme":"scheme-2","title":"","link":"","description":""}},"featured_collection_5":{"type":"featured_collection","settings":{"collection":"","color_scheme":"scheme-2","title":"","link":"","description":""}},"featured_collection_6":{"type":"featured_collection","settings":{"collection":"","color_scheme":"scheme-2","title":"","link":"","description":""}}},"block_order":["featured_collection_1","featured_collection_2","featured_collection_3","featured_collection_4","featured_collection_5","featured_collection_6"],"settings":{"title":"","heading_size":"h2","heading_alignment":"center","color_scheme":"","collections_per_row":3,"enable_slider_scrollbar":false,"show_view_all":false,"style":"classic","image_width":"medium","image_ratio":"square","custom_ratio":1,"title_size":"h5","grid_alignment":"left","show_product_count":true,"collections_per_row_mobile":"1","swipe_on_mobile":true,"padding_top":0,"padding_bottom":0}},"main":{"type":"main-list-collections","disabled":true,"settings":{"title":"","heading_size":"h2","heading_alignment":"center","color_scheme":"","collections_per_page":6,"collections_per_row":3,"sort":"alphabetical","style":"simple","image_width":"medium","image_ratio":"original","custom_ratio":2,"title_size":"h6","grid_alignment":"center","show_product_count":true,"collections_per_row_mobile":"1","padding_top":0,"padding_bottom":0}},"image_with_text":{"type":"image-with-text","blocks":{"heading":{"type":"heading","settings":{"subheading":"<strong>Empowerment<\/strong>","heading":"Powerful fitness solutions","heading_size":"h2"}},"text":{"type":"text","settings":{"text":"<p>Experience the ultimate fitness journey with iPower's comprehensive subscription service, offering personalized plans and expert guidance for unparalleled results.<\/p>"}},"button":{"type":"button","settings":{"button_label":"Explore Now","button_link":"","button_style":"primary"}}},"block_order":["heading","text","button"],"settings":{"section_color_scheme":"","image_position_right":false,"height":"original","color_scheme":"","desktop_content_position":"middle","desktop_content_alignment":"center","image_animation":false,"mobile_content_alignment":"center","padding_top":100,"padding_bottom":100}},"scrolling_text":{"type":"scrolling-text","blocks":{"scrolling_text1":{"type":"scrolling_text","settings":{"text":"Outdoor & online trainings","link":"","text_stroke":false}},"scrolling_text2":{"type":"scrolling_text","settings":{"text":"Outdoor & online trainings","link":"","text_stroke":true}}},"block_order":["scrolling_text1","scrolling_text2"],"settings":{"expanded_width":true,"color_scheme":"","text_size":"h0","scrolling_speed":"0.75","enable_sticky":false,"padding_top":50,"padding_bottom":50}}},"order":["rich_text","collection_list","main","image_with_text","scrolling_text"]}