{"layout":"password","sections":{"main":{"type":"email-signup-banner","blocks":{"heading":{"type":"heading","settings":{"heading":"Opening soon"}},"paragraph":{"type":"paragraph","settings":{"text":"<p>Be the first to know when we launch.<\/p>"}},"clock":{"type":"clock","settings":{"enable_clock":true,"color_scheme":"scheme-2","year":"2026","month":"01","day":"1","hour":"00","minute":"00","hide_clock":false}},"email_form":{"type":"email_form","settings":{}}},"block_order":["heading","paragraph","clock","email_form"],"settings":{}}},"order":["main"]}