{"current":{"page_width":1220,"theme_radius":true,"animations_reveal_on_scroll":true,"show_shadow":true,"currency_code_enabled":false,"page_background":"#faf4f2","type_header_font":"syne_n7","heading_base_size":16,"heading_font_type":"large","heading_font_case":"uppercase","type_body_font":"montserrat_n4","body_base_size":16,"sale_badge_color_scheme":"scheme-4","sold_out_badge_color_scheme":"scheme-3","social_facebook_link":"","social_instagram_link":"","social_youtube_link":"","social_tiktok_link":"","social_twitter_link":"","social_snapchat_link":"","social_pinterest_link":"","social_tumblr_link":"","social_vimeo_link":"","suggestions_heading":"Popular collections","suggestions_menu":"main-menu","suggestions_collection":"","search_product_shadow":true,"show_cart_note":true,"scroll_to_top":true,"scroll_to_top_homepage":false,"logo":"","show_box_shadow":true,"enable_shipping":false,"heading_scale":130,"body_scale":100,"checkout_sidebar_background_color":"#ffffff","checkout_accent_color":"#28282a","checkout_button_color":"#baf67c","checkout_error_color":"#CA514E","sections":{"main-password-header":{"type":"main-password-header","settings":{"color_scheme":"scheme-1","logo_width":200}},"main-password-footer":{"type":"main-password-footer","settings":{"color_scheme":"scheme-1"}},"gift-card":{"type":"gift-card","settings":{"color_scheme":"","use_page_background":true,"show_box_shadow":true,"logo_width":205,"logo_width_mobile":100}}},"content_for_index":[],"color_schemes":{"scheme-1":{"settings":{"background":"#ff6628","text":"#ffffff","extra_color":"#ffffff","button":"#ffffff","button_label":"#05070b","primary_button_border":"#05070b","primary_button_shadow":"#05070b","secondary_button_background":"#05070b","secondary_button_label":"#ffffff","secondary_button_border":"#ffffff","secondary_button_shadow":"#ffffff"}},"scheme-2":{"settings":{"background":"#ffffff","text":"#28282a","extra_color":"#ffe0d4","button":"#ff6628","button_label":"#ffffff","primary_button_border":"#ff6628","primary_button_shadow":"#121212","secondary_button_background":"#ffffff","secondary_button_label":"#28282a","secondary_button_border":"#121212","secondary_button_shadow":"#121212"}},"scheme-3":{"settings":{"background":"#ff6628","text":"#05070b","extra_color":"#ffffff","button":"#ff6628","button_label":"#28282a","primary_button_border":"#05070b","primary_button_shadow":"#121212","secondary_button_background":"#ffffff","secondary_button_label":"#28282a","secondary_button_border":"#d1d1d1","secondary_button_shadow":"#121212"}},"scheme-4":{"settings":{"background":"#aa78ff","text":"#28282a","extra_color":"#ffffff","button":"#ffffff","button_label":"#a978fe","primary_button_border":"#28282a","primary_button_shadow":"#121212","secondary_button_background":"#ffffff","secondary_button_label":"#28282a","secondary_button_border":"#d1d1d1","secondary_button_shadow":"#121212"}},"scheme-5":{"settings":{"background":"#e5d6ff","text":"#000000","extra_color":"#fee0d6","button":"#aa78ff","button_label":"#ffffff","primary_button_border":"#ffffff","primary_button_shadow":"#ffffff","secondary_button_background":"#ffffff","secondary_button_label":"#05070b","secondary_button_border":"#ffffff","secondary_button_shadow":"#ffffff"}},"scheme-6":{"settings":{"background":"#ffffff","text":"#121212","extra_color":"#121212","button":"#ffffff","button_label":"#121212","primary_button_border":"#e5d6ff","primary_button_shadow":"#e5d6ff","secondary_button_background":"#e5d6ff","secondary_button_label":"#121212","secondary_button_border":"#e5d6ff","secondary_button_shadow":"#e5d6ff"}},"scheme-7":{"settings":{"background":"#ffe0d4","text":"#121212","extra_color":"#ff6628","button":"#ff6628","button_label":"#ffffff","primary_button_border":"#05070b","primary_button_shadow":"#05070b","secondary_button_background":"#ffe0d4","secondary_button_label":"#000000","secondary_button_border":"#000000","secondary_button_shadow":"#000000"}},"scheme-ecceccbe-5c57-4387-a6e5-a476c74d19e5":{"settings":{"background":"#ffffff","text":"#28282a","extra_color":"#ffe0d4","button":"#ff6628","button_label":"#05070b","primary_button_border":"#05070b","primary_button_shadow":"#05070b","secondary_button_background":"#05070b","secondary_button_label":"#ffffff","secondary_button_border":"#ffffff","secondary_button_shadow":"#ffffff"}},"scheme-a928b8b6-51d8-40d1-abc2-1869c0f3770f":{"settings":{"background":"#ffffff","text":"#05070b","extra_color":"#ffffff","button":"#ffffff","button_label":"#05070b","primary_button_border":"#05070b","primary_button_shadow":"#05070b","secondary_button_background":"#05070b","secondary_button_label":"#ffffff","secondary_button_border":"#ffffff","secondary_button_shadow":"#ffffff"}}}},"presets":{"Flavory":{"page_width":1220,"theme_radius":true,"animations_reveal_on_scroll":true,"show_shadow":true,"currency_code_enabled":false,"page_background":"#FAF4F2","type_header_font":"syne_n7","heading_base_size":16,"heading_font_type":"large","heading_font_case":"uppercase","type_body_font":"montserrat_n4","body_base_size":16,"sale_badge_color_scheme":"scheme-3","sold_out_badge_color_scheme":"scheme-4","show_cart_note":true,"show_box_shadow":true,"enable_shipping":false,"heading_scale":130,"body_scale":100,"checkout_sidebar_background_color":"#ffffff","checkout_accent_color":"#28282a","checkout_button_color":"#baf67c","checkout_error_color":"#CA514E","sections":{"main-password-header":{"type":"main-password-header","settings":{"color_scheme":"scheme-1","logo":"","logo_width":200}},"main-password-footer":{"type":"main-password-footer","settings":{"color_scheme":"scheme-1"}},"gift-card":{"type":"gift-card","settings":{"color_scheme":"","use_page_background":true,"show_box_shadow":false,"logo":"","logo_width":205,"logo_width_mobile":100,"image":""}}},"content_for_index":[],"color_schemes":{"scheme-1":{"settings":{"background":"#ff6628","text":"#ffffff","extra_color":"#ffffff","button":"#ffffff","button_label":"#05070b","primary_button_border":"#05070b","primary_button_shadow":"#05070b","secondary_button_background":"#05070b","secondary_button_label":"#ffffff","secondary_button_border":"#ffffff","secondary_button_shadow":"#ffffff"}},"scheme-2":{"settings":{"background":"#ffffff","text":"#28282a","extra_color":"#ffe0d4","button":"#ff6628","button_label":"#ffffff","primary_button_border":"#ff6628","primary_button_shadow":"#121212","secondary_button_background":"#ffffff","secondary_button_label":"#28282a","secondary_button_border":"#121212","secondary_button_shadow":"#121212"}},"scheme-3":{"settings":{"background":"#ff6628","text":"#05070b","extra_color":"#ffffff","button":"#ff6628","button_label":"#28282a","primary_button_border":"#05070b","primary_button_shadow":"#121212","secondary_button_background":"#ffffff","secondary_button_label":"#28282a","secondary_button_border":"#d1d1d1","secondary_button_shadow":"#121212"}},"scheme-4":{"settings":{"background":"#aa78ff","text":"#28282a","extra_color":"#ffffff","button":"#ffffff","button_label":"#a978fe","primary_button_border":"#28282a","primary_button_shadow":"#121212","secondary_button_background":"#ffffff","secondary_button_label":"#28282a","secondary_button_border":"#d1d1d1","secondary_button_shadow":"#121212"}},"scheme-5":{"settings":{"background":"#e5d6ff","text":"#000000","extra_color":"#fee0d6","button":"#aa78ff","button_label":"#ffffff","primary_button_border":"#ffffff","primary_button_shadow":"#ffffff","secondary_button_background":"#ffffff","secondary_button_label":"#05070b","secondary_button_border":"#ffffff","secondary_button_shadow":"#ffffff"}},"scheme-6":{"settings":{"background":"#ffffff","text":"#121212","extra_color":"#121212","button":"#ffffff","button_label":"#121212","primary_button_border":"#e5d6ff","primary_button_shadow":"#e5d6ff","secondary_button_background":"#e5d6ff","secondary_button_label":"#121212","secondary_button_border":"#e5d6ff","secondary_button_shadow":"#e5d6ff"}},"scheme-7":{"settings":{"background":"#ffe0d4","text":"#121212","extra_color":"#ff6628","button":"#ff6628","button_label":"#ffffff","primary_button_border":"#05070b","primary_button_shadow":"#05070b","secondary_button_background":"#ffe0d4","secondary_button_label":"#000000","secondary_button_border":"#000000","secondary_button_shadow":"#000000"}},"scheme-ecceccbe-5c57-4387-a6e5-a476c74d19e5":{"settings":{"background":"#ffffff","text":"#28282a","extra_color":"#ffe0d4","button":"#ff6628","button_label":"#05070b","primary_button_border":"#05070b","primary_button_shadow":"#05070b","secondary_button_background":"#05070b","secondary_button_label":"#ffffff","secondary_button_border":"#ffffff","secondary_button_shadow":"#ffffff"}},"scheme-a928b8b6-51d8-40d1-abc2-1869c0f3770f":{"settings":{"background":"#ffffff","text":"#05070b","extra_color":"#ffffff","button":"#ffffff","button_label":"#05070b","primary_button_border":"#05070b","primary_button_shadow":"#05070b","secondary_button_background":"#05070b","secondary_button_label":"#ffffff","secondary_button_border":"#ffffff","secondary_button_shadow":"#ffffff"}}}}},"platform_customizations":{"custom_css":[]}}