{"name":"t:sections.footer.name","type":"footer","sections":{"marquee":{"type":"marquee","blocks":{"scrolling_text_1":{"type":"scrolling_text","settings":{"text":"⚡Auto-scrolling text","link":""}},"scrolling_text_2":{"type":"scrolling_text","settings":{"text":"⚡Auto-scrolling text","link":""}},"scrolling_text_3":{"type":"scrolling_text","settings":{"text":"⚡Auto-scrolling text","link":""}},"scrolling_text_4":{"type":"scrolling_text","settings":{"text":"⚡Auto-scrolling text","link":""}}},"block_order":["scrolling_text_1","scrolling_text_2","scrolling_text_3","scrolling_text_4"],"settings":{"color_scheme":"scheme-2","full_width":true,"keep_scrolling_effect":false,"show_border":true,"horizontal_flip":false,"left_to_right":false,"scrolling_speed":"0.75","padding_top":16,"padding_bottom":16}},"footer":{"type":"footer","blocks":{"text_cgfjfD":{"type":"text","settings":{"heading":"About us","brand_image_width":165,"subtext":"<p>Share contact information, store details, and brand content with your customers.<\/p>"}},"link_list_1":{"type":"link_list","settings":{"heading":"menu","menu":"footer"}},"link_list_2":{"type":"link_list","settings":{"heading":"menu","menu":"footer"}},"link_list_3":{"type":"link_list","settings":{"heading":"menu","menu":"footer"}},"email":{"type":"Email","settings":{"newsletter_heading":"Our Newsletter","show_social":true}}},"block_order":["text_cgfjfD","link_list_1","link_list_2","link_list_3","email"],"settings":{"section_width":false,"color_scheme":"","enable_country_selector":true,"enable_country_name":true,"enable_language_selector":true,"enable_follow_on_shop":true,"show_powered_by":true,"copyright_text":"All rights reserved","show_policy":true,"payment_enable":true,"padding_top":40,"padding_bottom":40}}},"order":["marquee","footer"]}