{
  "name": "t:sections.header.name",
  "type": "header",
  "sections": {
    "announcement_bar": {
      "type": "announcement-bar",
      "settings": {
        "color_scheme": "",
        "text": "<p>⚡Use this section to make announcements</p>"
      }
    },
    "header": {
      "type": "header",
      "settings": {
        "sticky_header": true,
        "section_width": true,
        "color_scheme": "scheme-1",
        "logo_width": 125,
        "transparent_header": true,
        "transparent_header_text_color": "#ffffff",
        "menu": "main-menu",
        "menu_position": "middle-center",
        "menu_type_desktop": "mega",
        "link_featured_image": true,
        "enable_country_selector": true,
        "enable_country_name": true,
        "enable_language_selector": true,
        "padding_top": 10,
        "padding_bottom": 10,
        "logo_width_mobile": 150
      }
    }
  },
  "order": [
    "announcement_bar",
    "header"
  ]
}
