{
  "current": {
    "theme_radius": "igloo",
    "heading_font": "century_gothic_n7",
    "body_font": "din_next_n4",
    "special_font": "maven_pro_n4",
    "page_width": 1340,
    "spacing_sections": 80,
    "spacing_grid_horizontal": 20,
    "spacing_grid_vertical": 20,
    "product_grid_show_sale_badge": true,
    "product_grid_show_soldout_badge": true,
    "social_facebook_link": "",
    "social_instagram_link": "",
    "social_youtube_link": "",
    "social_tiktok_link": "",
    "social_twitter_link": "",
    "social_snapchat_link": "",
    "social_pinterest_link": "",
    "social_tumblr_link": "",
    "social_vimeo_link": "",
    "predictive_search_enabled": true,
    "predictive_search_show_vendor": false,
    "predictive_search_show_price": true,
    "currency_code_enabled": false,
    "badge_position": "top left",
    "sale_badge_color_scheme": "accent",
    "sold_out_badge_color_scheme": "light",
    "cart_type": "popup",
    "show_vendor": false,
    "show_cart_note": false,
    "checkout_body_background_color": "#EAF3F8",
    "checkout_sidebar_background_color": "#EAF3F8",
    "checkout_accent_color": "#10254a",
    "checkout_button_color": "#3172e4",
    "page_color": "#121212",
    "card_style": "standard",
    "cart_drawer_collection": ""
  },
  "presets": {
    "Cool": {
      "theme_radius": "igloo",
      "extra_space": true,
      "solid_borders": true,
      "page_color": "#121212",
      "heading_font": "century_gothic_n7",
      "body_font": "din_next_n4",
      "special_font": "maven_pro_n4",
      "primary_background": "#EAF3F8",
      "primary_color": "#28282A",
      "secondary_background": "#ffffff",
      "secondary_color": "#28282A",
      "background_accent": "#367BF6",
      "color_accent": "#FFFFFF",
      "background_dark": "#10254a",
      "color_dark": "#ffffff",
      "background_light": "#dee7ec",
      "color_light": "#28282A",
      "background_gray": "#F7F7F7",
      "color_gray": "#28282A",
      "primary_btn_background": "#367BF6",
      "primary_btn_color": "#FFFFFF",
      "secondary_btn_background": "#10254a",
      "secondary_btn_color": "#FFFFFF",
      "star_color": "#F5C142",
      "success_message_background": "#E4F3E9",
      "success_message_color": "#48A14D",
      "error_message_background": "#F4E9EC",
      "error_message_color": "#CA514E",
      "page_width": 1340,
      "spacing_sections": 80,
      "spacing_grid_horizontal": 20,
      "spacing_grid_vertical": 20,
      "card_style": "standard",
      "badge_position": "top left",
      "sale_badge_color_scheme": "accent",
      "sold_out_badge_color_scheme": "light",
      "social_facebook_link": "",
      "social_instagram_link": "",
      "social_youtube_link": "",
      "social_tiktok_link": "",
      "social_twitter_link": "",
      "social_snapchat_link": "",
      "social_pinterest_link": "",
      "social_tumblr_link": "",
      "social_vimeo_link": "",
      "predictive_search_enabled": true,
      "predictive_search_show_vendor": false,
      "predictive_search_show_price": true,
      "currency_code_enabled": false,
      "cart_type": "popup",
      "show_vendor": false,
      "show_cart_note": false,
      "cart_drawer_collection": "",
      "checkout_body_background_color": "#eaf3f8",
      "checkout_sidebar_background_color": "#eaf3f8",
      "checkout_accent_color": "#28282A",
      "checkout_button_color": "#367bf6"
    },
    "Clean": {
      "theme_radius": "none",
      "extra_space": false,
      "solid_borders": false,
      "page_color": "#121212",
      "heading_font": "itc_stepp_n4",
      "body_font": "dm_sans_n4",
      "special_font": "maven_pro_n4",
      "primary_background": "#ffffff",
      "primary_color": "#363937",
      "secondary_background": "#f7f7f7",
      "secondary_color": "#28282A",
      "background_accent": "#28282A",
      "color_accent": "#FFFFFF",
      "background_dark": "#363937",
      "color_dark": "#ffffff",
      "background_light": "#F5F8F6",
      "color_light": "#28282A",
      "background_gray": "#EFEFEF",
      "color_gray": "#28282A",
      "primary_btn_background": "#D7E2DA",
      "primary_btn_color": "#363937",
      "secondary_btn_background": "#363937",
      "secondary_btn_color": "#FFFFFF",
      "star_color": "#F5C142",
      "success_message_background": "#E4F3E9",
      "success_message_color": "#48A14D",
      "error_message_background": "#F4E9EC",
      "error_message_color": "#CA514E",
      "page_width": 1600,
      "spacing_sections": 80,
      "spacing_grid_horizontal": 20,
      "spacing_grid_vertical": 20,
      "card_style": "standard",
      "badge_position": "top left",
      "sale_badge_color_scheme": "accent",
      "sold_out_badge_color_scheme": "light",
      "social_facebook_link": "",
      "social_instagram_link": "",
      "social_youtube_link": "",
      "social_tiktok_link": "",
      "social_twitter_link": "",
      "social_snapchat_link": "",
      "social_pinterest_link": "",
      "social_tumblr_link": "",
      "social_vimeo_link": "",
      "predictive_search_enabled": true,
      "predictive_search_show_vendor": false,
      "predictive_search_show_price": true,
      "currency_code_enabled": false,
      "cart_type": "popup",
      "show_vendor": false,
      "show_cart_note": false,
      "cart_drawer_collection": "",
      "checkout_body_background_color": "#FFFFFF",
      "checkout_sidebar_background_color": "#f5f8f6",
      "checkout_accent_color": "#d7e2da",
      "checkout_button_color": "#d7e2da"
    },
    "Glow": {
      "theme_radius": "round",
      "extra_space": true,
      "solid_borders": true,
      "page_width": 1600,
      "enable_loader": true,
      "loading_text": "Loading...",
      "heading_font": "americana_n4",
      "heading_size_h1": 56,
      "heading_size_h2": 44,
      "heading_size_h3": 34,
      "heading_size_h4": 24,
      "heading_size_h5": 18,
      "mobile_heading_size_h3": 22,
      "heading_font_case": "normal",
      "body_font": "din_next_n4",
      "special_font": "maven_pro_n4",
      "special_font_case": "normal",
      "primary_background": "#FDF9F3",
      "primary_color": "#28282A",
      "secondary_background": "#ffffff",
      "secondary_color": "#28282A",
      "background_accent": "#171613",
      "color_accent": "#FFFFFF",
      "background_dark": "#171613",
      "color_dark": "#ffffff",
      "background_light": "#F5EDE0",
      "color_light": "#28282A",
      "background_gray": "#F6F6F7",
      "color_gray": "#28282A",
      "primary_btn_background": "#171613",
      "primary_btn_color": "#FFFFFF",
      "secondary_btn_background": "#BE9382",
      "secondary_btn_color": "#FFFFFF",
      "star_color": "#F5C142",
      "success_message_background": "#E4F3E9",
      "success_message_color": "#48A14D",
      "error_message_background": "#F4E9EC",
      "error_message_color": "#CA514E",
      "product_grid_text_alignment": "center",
      "social_instagram_link": "",
      "social_facebook_link": "",
      "social_twitter_link": "",
      "social_vimeo_link": "",
      "social_youtube_link": "",
      "social_tiktok_link": "",
      "social_snapchat_link": "",
      "social_pinterest_link": "",
      "social_tumblr_link": "",
      "predictive_search_enabled": true,
      "predictive_search_show_vendor": false,
      "search_show_sale_badge": true,
      "search_show_soldout_badge": true,
      "predictive_search_show_price": true,
      "currency_code_enabled": false,
      "badge_position": "top left",
      "sale_badge_color_scheme": "accent",
      "sold_out_badge_color_scheme": "light",
      "cart_icon_type": "bag",
      "cart_type": "popup",
      "show_vendor": false,
      "show_cart_note": false,
      "spacing_sections": 80,
      "spacing_grid_horizontal": 20,
      "spacing_grid_vertical": 20,
      "page_color": "#121212",
      "card_style": "standard",
      "cart_drawer_collection": "",
      "checkout_body_background_color": "#fdf9f3",
      "checkout_sidebar_background_color": "#fdf9f3",
      "checkout_accent_color": "#171613",
      "checkout_button_color": "#28282a"
    }
  }
}