{"sections":{"banner":{"type":"main-collection-banner","settings":{"color_scheme":"","show_collection_description":true,"show_collection_image":false,"collapse_content":true,"padding_top":100,"padding_bottom":100}},"collection_list":{"type":"collection-list","blocks":{"featured_collection_1":{"type":"featured_collection","settings":{"collection":"","color_scheme":"","title":"","link":"","description":""}},"featured_collection_2":{"type":"featured_collection","settings":{"collection":"","color_scheme":"","title":"","link":"","description":""}},"featured_collection_3":{"type":"featured_collection","settings":{"collection":"","color_scheme":"","title":"","link":"","description":""}},"featured_collection_4":{"type":"featured_collection","settings":{"collection":"","color_scheme":"","title":"","link":"","description":""}},"featured_collection_5":{"type":"featured_collection","settings":{"collection":"","color_scheme":"","title":"","link":"","description":""}}},"block_order":["featured_collection_1","featured_collection_2","featured_collection_3","featured_collection_4","featured_collection_5"],"settings":{"title":"","heading_size":"h2","heading_alignment":"center","color_scheme":"","collections_per_row":5,"enable_slider_scrollbar":false,"show_view_all":false,"style":"simple","image_width":"medium","image_ratio":"original","custom_ratio":1.8,"title_size":"h5","grid_alignment":"center","show_product_count":false,"collections_per_row_mobile":"2","swipe_on_mobile":true,"padding_top":0,"padding_bottom":100}},"product-grid":{"type":"main-collection-product-grid","blocks":{"image_block_1":{"type":"image_block","settings":{"color_scheme":"","block_position":5,"image_ratio":"normal","image_width":"large","subheading":"Subheading","heading":"Image block","button_label":"Button label","button_link":"","vertical_alignment":"bottom","horizontal_alignment":"left"}},"image_block_2":{"type":"image_block","settings":{"color_scheme":"","block_position":11,"image_ratio":"normal","image_width":"small","subheading":"Subheading","heading":"Image block","button_label":"Button label","button_link":"","vertical_alignment":"middle","horizontal_alignment":"center"}}},"block_order":["image_block_1","image_block_2"],"settings":{"products_per_page":15,"products_per_row":3,"infinite_scroll":false,"grid_color_scheme":"","grid_style":"simple","image_ratio":"portrait","show_secondary_image":true,"show_vendor":false,"show_rating":false,"enable_quick_add":true,"show_color_swatches":true,"grid_text_alignment":"center","enable_filtering":true,"color_filter":true,"enable_sorting":true,"products_per_row_mobile":"2","padding_top":0,"padding_bottom":100}}},"order":["banner","collection_list","product-grid"]}