{"sections":{"slideshow_vertical_QyDFxh":{"type":"slideshow-vertical","blocks":{"slide_AYVTRV":{"type":"slide","settings":{"image":"shopify:\/\/shop_images\/Banner_1.jpg","image_overlay_opacity":0,"heading":"Flavory Oats","heading_size":"h1","description":"<p>Lorem ipsum dolor sit amet consectetur. A placerat urna sed venenatis condimentum etiam nec arcu vitae. Aenean quam maecenas consequat scelerisque.<\/p>","button_label":"Buy","button_link":"shopify:\/\/products\/carbonated-natura-chcolate","button_style":"primary","image_clickable":false,"content_width":580,"box_align":"middle-left","color_scheme":"","show_border":true,"border_style":"solid","border_color":"#05070b","box_align_mobile":"middle-left"}},"slide_myxqWf":{"type":"slide","settings":{"image":"shopify:\/\/shop_images\/Banner_2.jpg","image_overlay_opacity":0,"heading":"Flavory Chocolate","heading_size":"h1","description":"<p>Lorem ipsum dolor sit amet consectetur. A placerat urna sed venenatis condimentum etiam nec arcu vitae. Aenean quam maecenas consequat scelerisque.<\/p>","button_label":"Buy","button_link":"shopify:\/\/products\/carbonated-natural-orange-drink-1","button_style":"primary","image_clickable":false,"content_width":770,"box_align":"middle-left","color_scheme":"","show_border":true,"border_style":"solid","border_color":"#000000","box_align_mobile":"top-left"}},"slide_3LYYPz":{"type":"slide","settings":{"image":"shopify:\/\/shop_images\/Banner_3.jpg","image_overlay_opacity":0,"heading":"Flavory Drinks","heading_size":"h1","description":"<p>Lorem ipsum dolor sit amet consectetur. A placerat urna sed venenatis condimentum etiam nec arcu vitae. Aenean quam maecenas consequat scelerisque.<\/p>","button_label":"Buy","button_link":"shopify:\/\/collections\/all","button_style":"primary","image_clickable":false,"content_width":580,"box_align":"middle-left","color_scheme":"scheme-1","show_border":true,"border_style":"solid","border_color":"#000000","box_align_mobile":"top-left"}}},"block_order":["slide_AYVTRV","slide_myxqWf","slide_3LYYPz"],"settings":{"expanded_width":true,"use_page_background":false,"color_scheme":"scheme-1","aspect_ratio":"1.77","aspect_ratio_mobile":"0.83","logo_width":100,"bottom_spacing":-45,"logo_text":"Flavory","logo_text_case":"uppercase","alignment":"center","logo_text_height_desktop":15,"logo_text_height_mobile":5,"padding_top":20,"padding_bottom":20}},"text_columns_with_icons_gnn7nH":{"type":"text-columns-with-icons","blocks":{"column_JhEKDL":{"type":"column","settings":{"icon":"icon-package","image":"shopify:\/\/shop_images\/test-tubes_2522676_1.png","title":"No artificial flavoring","text":""}},"column_PfHWBJ":{"type":"column","settings":{"icon":"icon-shopping-cart","image":"shopify:\/\/shop_images\/sugar_5029285_1.png","title":"Low Sugar","text":""}},"column_tjEg8e":{"type":"column","settings":{"icon":"icon-user","image":"shopify:\/\/shop_images\/test-tube_2860271_1.png","title":"Chemical Free","text":""}},"column_8BjJbV":{"type":"column","settings":{"icon":"icon-lock","image":"shopify:\/\/shop_images\/nature_16487653_1.png","title":"Organic","text":""}}},"block_order":["column_JhEKDL","column_PfHWBJ","column_tjEg8e","column_8BjJbV"],"settings":{"full_width":true,"use_page_background":false,"color_scheme":"scheme-2","title":"Text columns with icons","heading_size":"h2","description":"","heading_alignment":"center","section_view":"vertical_view","column_per_row":4,"title_size":"h5","text_alignment":"center","show_border":true,"show_box_shadow":true,"column_per_row_mobile":"2","mobile_text_alignment":"left","padding_top":100,"padding_bottom":100}},"category_list_jDeeRe":{"type":"category-list","blocks":{"featured_category_eg7BLx":{"type":"featured_category","settings":{"color_scheme_block":"","container_size_desk":"50","container_size_mbl":"50","image":"shopify:\/\/shop_images\/ea94178c9c2deac97e7f8d8d782099baf4b952e5.png","title":"Veg","link":"shopify:\/\/collections"}},"featured_category_UeedRf":{"type":"featured_category","settings":{"color_scheme_block":"","container_size_desk":"50","container_size_mbl":"50","image":"shopify:\/\/shop_images\/1a00d498d2091afa95a78274594e15cf436c06e7.png","title":"Non-veg","link":""}},"featured_category_WN4bPb":{"type":"featured_category","settings":{"color_scheme_block":"","container_size_desk":"25","container_size_mbl":"50","image":"shopify:\/\/shop_images\/3003258f22adffb6c4fceff07ca8f53f34d08258.png","title":"Snacks","link":""}},"featured_category_WgmKXE":{"type":"featured_category","settings":{"color_scheme_block":"","container_size_desk":"25","container_size_mbl":"50","image":"shopify:\/\/shop_images\/cda24cf6e5784380d696d8b467fe1a0d9d3268f2.png","title":"Drink","link":""}},"featured_category_RCiYME":{"type":"featured_category","settings":{"color_scheme_block":"","container_size_desk":"25","container_size_mbl":"50","image":"shopify:\/\/shop_images\/76431ef6be31cd5b442f170c9c0218d4a479d0f7.png","title":"Health","link":""}},"featured_category_6ctHkY":{"type":"featured_category","settings":{"color_scheme_block":"","container_size_desk":"25","container_size_mbl":"50","image":"shopify:\/\/shop_images\/393d4dd9103acd8c3427347b2083008aaa64e16b.png","title":"Bars","link":""}}},"block_order":["featured_category_eg7BLx","featured_category_UeedRf","featured_category_WN4bPb","featured_category_WgmKXE","featured_category_RCiYME","featured_category_6ctHkY"],"name":"t:sections.category-list.presets.name","settings":{"full_width":true,"use_page_background":false,"color_scheme":"","title":"","heading_size":"h2","description":"","heading_alignment":"center","heaeding_img":"shopify:\/\/shop_images\/CATEGORY.png","height_heaeding_img":100,"title_size":"h4","category_img_style":"left","category_bg_opacity":0.1,"block_height":"medium","show_box_shadow":true,"show_bg_color":true,"padding_top":40,"padding_bottom":100}},"rich_text_NaQJTU":{"type":"rich-text","blocks":{"heading_WXW8aM":{"type":"heading","settings":{"subheading":"<strong>Add the subheading here!<\/strong>","heading":"Heading","heading_size":"h0"}},"text_J7BdJL":{"type":"text","settings":{"text":"Share a vivid description about your store that brings out its unique features and benefits.Share a vivid description about your store that brings out its unique features and benefits.Share a vivid description about your store that brings out its unique features and benefits.Share a vivid description about your store that brings out its unique features and benefits."}},"button_tRYD8x":{"type":"button","settings":{"button_label":"Button label","button_link":"","button_style_primary":"primary","button_label_2":"Button label","button_link_2":"","button_style_secondary":"secondary"}}},"block_order":["heading_WXW8aM","text_J7BdJL","button_tRYD8x"],"name":"t:sections.rich-text.presets.name","settings":{"expanded_width":true,"use_page_background":false,"color_scheme":"","alignment":"center","padding_top":100,"padding_bottom":100}},"featured_collection_DnYfeC":{"type":"featured-collection","blocks":{"featured_collection_BDXNwp":{"type":"featured_collection","settings":{"collection":"popular-bars","title":"efrer"}},"featured_collection_ndXXxp":{"type":"featured_collection","settings":{"collection":"flavour-1","title":""}}},"block_order":["featured_collection_BDXNwp","featured_collection_ndXXxp"],"name":"t:sections.featured-collection.presets.name","settings":{"use_page_background":true,"full_width":true,"color_scheme":"","title":"Featured","heading_size":"h2","sub_heading":"This is featured collection","heading_alignment":"center","image_ratio":"portrait","products_to_show":5,"desktop_products_per_row":3,"enable_slider":true,"show_view_all":true,"show_secondary_image":true,"show_vendor":true,"enable_quick_add":true,"show_box_shadow":true,"grid_text_alignment":"left","products_per_row_mobile":"1","padding_top":50,"padding_bottom":50}},"scrolling_image_rich_text_dmBiGB":{"type":"scrolling-image-rich-text","blocks":{"image_4akXNF":{"type":"image","settings":{"image":"shopify:\/\/shop_images\/image_1_f87dd8fe-0351-4868-8a52-c2d533b8a65d.png","image_width":15,"horizontal_position":2,"vertical_position":5}},"image_jdMr47":{"type":"image","settings":{"image":"shopify:\/\/shop_images\/image_2.png","image_width":15,"horizontal_position":25,"vertical_position":50}},"image_36AkVz":{"type":"image","settings":{"image":"shopify:\/\/shop_images\/image_4.png","image_width":15,"horizontal_position":90,"vertical_position":1}},"image_b8tiXj":{"type":"image","settings":{"image":"shopify:\/\/shop_images\/image_5.png","image_width":15,"horizontal_position":50,"vertical_position":5}},"image_BbrVci":{"type":"image","settings":{"image":"shopify:\/\/shop_images\/image_6.png","image_width":15,"horizontal_position":95,"vertical_position":35}},"image_mkL8K7":{"type":"image","settings":{"image":"shopify:\/\/shop_images\/image_1_f87dd8fe-0351-4868-8a52-c2d533b8a65d.png","image_width":15,"horizontal_position":5,"vertical_position":95}},"image_yzrzzn":{"type":"image","settings":{"image":"shopify:\/\/shop_images\/image_3.png","image_width":15,"horizontal_position":95,"vertical_position":95}},"image_hRyNkR":{"type":"image","settings":{"image":"shopify:\/\/shop_images\/image_3.png","image_width":10,"horizontal_position":20,"vertical_position":30}},"image_WBRjR3":{"type":"image","settings":{"image":"shopify:\/\/shop_images\/image_4.png","image_width":10,"horizontal_position":60,"vertical_position":75}}},"block_order":["image_4akXNF","image_jdMr47","image_36AkVz","image_b8tiXj","image_BbrVci","image_mkL8K7","image_yzrzzn","image_hRyNkR","image_WBRjR3"],"settings":{"expanded_width":true,"use_page_background":true,"color_scheme":"","subheading":"<strong>Add the subheading here!<\/strong>","heading":"Heading","heading_size":"h1","text":"Share a vivid description about your store that brings out its unique features and benefits.","button_label":"Read Blogs","button_link":"shopify:\/\/blogs\/featured","button_style_primary":"primary","button_label_2":"About us","button_link_2":"shopify:\/\/pages\/contact","button_style_secondary":"secondary","padding_top":100,"padding_bottom":100}},"scrolling_text_MU4fEi":{"type":"scrolling-text","blocks":{"scrolling_text_iQygXP":{"type":"scrolling_text","settings":{"text":"⚡Scrolling text","link":""}},"scrolling_text_cQQ99i":{"type":"scrolling_text","settings":{"text":"⚡Scrolling text1","link":""}}},"block_order":["scrolling_text_iQygXP","scrolling_text_cQQ99i"],"settings":{"expanded_width":true,"color_scheme":"scheme-4","text_size":"h6","scrolling_speed":"0.75","left_to_right":false,"scroll_rotate":"-1","padding_top":8,"padding_bottom":12,"margin_top":0,"margin_bottom":-32}},"image_with_text_j6K4fX":{"type":"image-with-text","blocks":{"heading_dNBcQk":{"type":"heading","settings":{"subheading":"","heading":"Hampers","heading_size":"h2"}},"text_HtVyeP":{"type":"text","settings":{"text":"<p>Add description here to highlight your selected product, collection, or blog post. Also, include information about its availability, style, and consider offering a review.<\/p>"}},"button_e6FP3m":{"type":"button","settings":{"button_label":"Button label","button_link":"","button_style":"primary"}}},"block_order":["heading_dNBcQk","text_HtVyeP","button_e6FP3m"],"settings":{"full_width":true,"use_page_background":false,"section_color_scheme":"scheme-5","image":"shopify:\/\/shop_images\/Frame_59207.jpg","height":"original","image_position_right":true,"image_animation":false,"desktop_content_position":"middle","desktop_content_alignment":"left","mobile_content_alignment":"center","padding_top":100,"padding_bottom":100}},"scrolling_text_YwmGUM":{"type":"scrolling-text","blocks":{"scrolling_text_yaWem6":{"type":"scrolling_text","settings":{"text":"⚡Scrolling text","link":""}},"scrolling_text_ytNbp3":{"type":"scrolling_text","settings":{"text":"⚡Scrolling text","link":""}}},"block_order":["scrolling_text_yaWem6","scrolling_text_ytNbp3"],"settings":{"expanded_width":true,"color_scheme":"scheme-4","text_size":"h6","scrolling_speed":"0.75","left_to_right":false,"scroll_rotate":"1","padding_top":8,"padding_bottom":12,"margin_top":-27,"margin_bottom":0}},"rich_text_aHyUUq":{"type":"rich-text","blocks":{"heading_yYGTH4":{"type":"heading","settings":{"subheading":"","heading":"Bestselling  products","heading_size":"h2"}},"text_qJ4YnJ":{"type":"text","settings":{"text":"What people say about flavory"}}},"block_order":["heading_yYGTH4","text_qJ4YnJ"],"settings":{"expanded_width":false,"use_page_background":true,"color_scheme":"scheme-2","alignment":"center","padding_top":100,"padding_bottom":40}},"featured_product_P9b6ay":{"type":"featured-product","blocks":{"vendor_JkjQAK":{"type":"vendor","settings":{}},"title_KGa7mN":{"type":"title","settings":{"heading_size":"h4"}},"sku_9WyAUy":{"type":"sku","settings":{}},"price_UyiQrH":{"type":"price","settings":{}},"variant_picker_pEBEDQ":{"type":"variant_picker","settings":{"picker_type":"button"}},"buy_buttons_TfiLrG":{"type":"buy_buttons","settings":{"show_dynamic_checkout":true,"position_top":70,"show_gift_card_recipient":true}},"inventory_7pinwr":{"type":"inventory","settings":{"inventory_threshold":49,"low_inventory_notice":"Only ||count|| stock left","available_message":"In stock, and ready to ship","show_payment_icons":true}},"icon_with_text_pa9dmq":{"type":"icon-with-text","settings":{"icon_1":"icon-award","heading_1":"<strong>Icon<\/strong>","icon_2":"icon-return","heading_2":"<strong>Icon<\/strong>","icon_3":"icon-package","heading_3":"<strong>Icon<\/strong>","icon_4":"icon-user","heading_4":"<strong>Icon<\/strong>"}},"share_4BGTnB":{"type":"share","settings":{}}},"block_order":["vendor_JkjQAK","title_KGa7mN","sku_9WyAUy","price_UyiQrH","variant_picker_pEBEDQ","buy_buttons_TfiLrG","inventory_7pinwr","icon_with_text_pa9dmq","share_4BGTnB"],"settings":{"expanded_width":true,"color_scheme":"scheme-2","use_page_background":false,"bg_shape":true,"title":"","heading_size":"h2","sub_heading":"","content_alignment":"center","product":"carbonated-natural-orange-drink-1","gallery_layout":"thumbnail_slider","media_fit":"cover","constrain_to_viewport":false,"image_zoom":true,"hide_variants":true,"enable_video_looping":false,"show_box_shadow":true,"padding_top":100,"padding_bottom":100}},"testimonials_rDcMyH":{"type":"testimonials","blocks":{"content_giXiB6":{"type":"content","settings":{"text":"Fantastic","para":"<p>Lorem ipsum dolor sit amet consectetur. A placerat urna sed venenatis condimentum etiam nec arcu vitae. Aenean quam.Lorem ipsum dolor sit amet consectetur. A placerat urna sed venenatis condimentum etiam nec arcu vitae. Aenean quam.Lorem ipsum dolor sit amet consectetur. A placerat urna.<\/p>","author_name":"Alkesh patil","author_designation":"Sr Product desginer"}},"content_XJJcwq":{"type":"content","settings":{"text":"Fantastic","para":"<p>Lorem ipsum dolor sit amet consectetur. A placerat urna sed venenatis condimentum etiam nec arcu vitae. Aenean quam.Lorem ipsum dolor sit amet consectetur. A placerat urna sed venenatis condimentum etiam nec arcu vitae. Aenean quam.Lorem ipsum dolor sit amet consectetur. A placerat urna.<\/p>","author_name":"Alkesh patil","author_designation":"Sr Product desginer"}},"content_prBjVx":{"type":"content","settings":{"text":"Fantastic","para":"<p>Lorem ipsum dolor sit amet consectetur. A placerat urna sed venenatis condimentum etiam nec arcu vitae. Aenean quam.Lorem ipsum dolor sit amet consectetur. A placerat urna sed venenatis condimentum etiam nec arcu vitae. Aenean quam.Lorem ipsum dolor sit amet consectetur. A placerat urna.<\/p>","author_name":"Alkesh patil","author_designation":"Sr Product desginer"}},"content_fK9MKG":{"type":"content","settings":{"text":"Fantastic","para":"<p>Lorem ipsum dolor sit amet consectetur. A placerat urna sed venenatis condimentum etiam nec arcu vitae. Aenean quam.Lorem ipsum dolor sit amet consectetur. A placerat urna sed venenatis condimentum etiam nec arcu vitae. Aenean quam.Lorem ipsum dolor sit amet consectetur. A placerat urna.<\/p>","author_name":"Alkesh patil","author_designation":"Sr Product desginer"}},"content_EFMf9b":{"type":"content","settings":{"text":"Fantastic","para":"<p>Lorem ipsum dolor sit amet consectetur. A placerat urna sed venenatis condimentum etiam nec arcu vitae. Aenean quam.Lorem ipsum dolor sit amet consectetur. A placerat urna sed venenatis condimentum etiam nec arcu vitae. Aenean quam.Lorem ipsum dolor sit amet consectetur. A placerat urna.<\/p>","author_name":"Alkesh patil","author_designation":"Sr Product desginer"}}},"block_order":["content_giXiB6","content_XJJcwq","content_prBjVx","content_fK9MKG","content_EFMf9b"],"name":"t:sections.testimonials.presets.name","settings":{"heading":"Testimonial","heading_size":"h2","para":"What people say about flavory","content_alignment":"center","use_page_background":false,"color_scheme":"scheme-6","full_width":false,"slider_type":"manual","marquee_speed":1,"card_width":310,"mobile_card_width":300,"desktop_slide":4,"padding_top":100,"padding_bottom":100}},"image_with_highlight_PfDJzV":{"type":"image-with-highlight","blocks":{"highlights_URnhVM":{"type":"highlights","settings":{"image":"shopify:\/\/shop_images\/Frame_59261.png","heading":"Heading","description":"<p>We pick the best cocoa out from fresh farms of Africa. After drying in sun to make a crispy roast of cocoa.<\/p>","button_label":"Read More","button_link":"","hover_effect":true}},"highlights_JzgYyr":{"type":"highlights","settings":{"image":"shopify:\/\/shop_images\/Frame_59264.png","heading":"Heading","description":"<p>We pick the best cocoa out from fresh farms of Africa. After drying in sun to make a crispy roast of cocoa.<\/p>","button_label":"Read More","button_link":"","hover_effect":true}},"highlights_P8eUPN":{"type":"highlights","settings":{"image":"shopify:\/\/shop_images\/Frame_59266.png","heading":"Heading","description":"<p>We pick the best cocoa out from fresh farms of Africa. After drying in sun to make a crispy roast of cocoa.<\/p>","button_label":"Read More","button_link":"","hover_effect":true}},"highlights_PPw6jB":{"type":"highlights","settings":{"image":"shopify:\/\/shop_images\/Frame_59263.png","heading":"Heading","description":"<p>We pick the best cocoa out from fresh farms of Africa. After drying in sun to make a crispy roast of cocoa.<\/p>","button_label":"Read More","button_link":"","hover_effect":true}}},"block_order":["highlights_URnhVM","highlights_JzgYyr","highlights_P8eUPN","highlights_PPw6jB"],"settings":{"title":"Image with highlight","heading_size":"h2","sub_heading":"How flavory do it","alignment":"center","full_width":false,"use_page_background":false,"color_scheme":"scheme-2","show_box_shadow":true,"padding_top":76,"padding_bottom":76}},"video_tRKzcG":{"type":"video","name":"t:sections.video.presets.name","settings":{"heading":"Explore Our Video","heading_size":"h2","subheading":"Add the subheading here!","alignment":"center","expanded_width":false,"use_page_background":false,"color_scheme":"","use_shadow":true,"cover_image":"shopify:\/\/shop_images\/Frame_59207_1.png","video_type":"url","video":"shopify:\/\/files\/videos\/Generated File September 25, 2025 - 11_05AM.mp4","video_url":"https:\/\/www.youtube.com\/watch?v=_9VUPq3SxOc","video_alt_text":"","enable_video_autoplay":false,"show_controls":true,"desktop_video_ratio":"adapt","mobile_video_ratio":"landscape","padding_top":100,"padding_bottom":100}},"faq_TMHwLx":{"type":"faq","blocks":{"faq_MhwyTB":{"type":"faq","settings":{"heading":"Heading","description":"<p>Include frequently asked questions (FAQs) in this section to provide comprehensive information and address common queries.<\/p>"}},"faq_YdtMkr":{"type":"faq","settings":{"heading":"Heading","description":"<p>Include frequently asked questions (FAQs) in this section to provide comprehensive information and address common queries.<\/p>"}},"faq_tGnGDC":{"type":"faq","settings":{"heading":"Heading","description":"<p>Include frequently asked questions (FAQs) in this section to provide comprehensive information and address common queries.<\/p>"}},"faq_qYtBbN":{"type":"faq","settings":{"heading":"Heading","description":"<p>Include frequently asked questions (FAQs) in this section to provide comprehensive information and address common queries.<\/p>"}},"faq_Lmb3rp":{"type":"faq","settings":{"heading":"Heading","description":"<p>Include frequently asked questions (FAQs) in this section to provide comprehensive information and address common queries.<\/p>"}}},"block_order":["faq_MhwyTB","faq_YdtMkr","faq_tGnGDC","faq_qYtBbN","faq_Lmb3rp"],"settings":{"color_scheme":"scheme-2","use_page_background":false,"expanded_width":false,"show_box_shadow":true,"title":"FAQ's","heading_size":"h2","sub_heading":"","alignment":"center","button_label":"Button label","button_link":"","button_style":"primary","show_background_shape":true,"background_shape_color":"#e5d6ff","padding_top":76,"padding_bottom":100}},"logo_list_ajEACJ":{"type":"logo-list","blocks":{"logo_QdrXVh":{"type":"logo","disabled":true,"settings":{"image":"shopify:\/\/shop_images\/Group_38152_1.png","link":""}},"logo_jNeVW8":{"type":"logo","settings":{"image":"shopify:\/\/shop_images\/Group_38152_1.png","link":""}},"logo_44Fdxa":{"type":"logo","settings":{"image":"shopify:\/\/shop_images\/Group_38152_2.png","link":""}},"logo_XPCLKD":{"type":"logo","settings":{"image":"shopify:\/\/shop_images\/Group_38152_2.png","link":""}},"logo_YyGd88":{"type":"logo","settings":{"image":"shopify:\/\/shop_images\/Group_38149_1.png","link":""}},"logo_GDqcYw":{"type":"logo","settings":{"image":"shopify:\/\/shop_images\/Group_38149_1.png","link":""}},"logo_ixprEX":{"type":"logo","settings":{"image":"shopify:\/\/shop_images\/Group_38149.png","link":""}}},"block_order":["logo_QdrXVh","logo_jNeVW8","logo_44Fdxa","logo_XPCLKD","logo_YyGd88","logo_GDqcYw","logo_ixprEX"],"settings":{"full_width":true,"title":"Logo list","heading_size":"h2","sub_heading":"How flavory do it","alignment":"center","use_page_background":false,"color_scheme":"scheme-2","logo_width":70,"image_ratio":"original","show_box_border":true,"show_box_shadow":true,"slider_type":"manual","logo_per_row":4,"logo_per_row_mobile":"1","marquee_speed":1,"card_width":200,"mobile_card_width":150,"padding_top":100,"padding_bottom":100}},"product_bundle_HjF4aW":{"type":"product-bundle","blocks":{"product_6xqGxz":{"type":"product","settings":{"product":"carbonated-natural-chocolate-1","custom_product_image":"shopify:\/\/shop_images\/Adobe_Express_-_file_13_1_390eb748-1ab2-49dd-bfb6-7da580e4de15.png","background_image":"shopify:\/\/shop_images\/Frame_59423.png","scrolling_bg_color":"linear-gradient(180deg, rgba(255, 255, 255, 1), rgba(28, 174, 175, 1) 100%)","rotating_image":"shopify:\/\/shop_images\/Excusive_circle.png","badge_width":140}},"product_BydxFb":{"type":"product","settings":{"product":"carbonated-natural-orange-drink-1","custom_product_image":"shopify:\/\/shop_images\/Adobe_Express_-_file_12_1.png","background_image":"shopify:\/\/shop_images\/Frame_59423.png","scrolling_bg_color":"linear-gradient(180deg, rgba(255, 255, 255, 1), rgba(244, 125, 29, 1) 100%)","rotating_image":"shopify:\/\/shop_images\/Excusive_circle.png","badge_width":140}},"product_fLej9c":{"type":"product","settings":{"product":"carbonated-natural-reddrink","custom_product_image":"shopify:\/\/shop_images\/Adobe_Express_-_file_13_1.png","background_image":"shopify:\/\/shop_images\/Frame_59423.png","scrolling_bg_color":"linear-gradient(180deg, rgba(255, 255, 255, 1), rgba(155, 126, 205, 1) 100%)","rotating_image":"shopify:\/\/shop_images\/Excusive_circle.png","badge_width":140}}},"block_order":["product_6xqGxz","product_BydxFb","product_fLej9c"],"settings":{"expanded_width":true,"use_page_background":false,"show_box_shadow":true,"color_scheme":"","title":"Product bundle","heading_size":"h2","sub_heading":"Discover our exclusive product bundles—handpicked combinations that offer great value and seamless style. Perfectly paired, perfectly priced.","alignment":"center","button_label":"Add Selected Product to cart","button_style_primary":"primary","padding_top":50,"padding_bottom":50}},"countdown_clock_NP7GMA":{"type":"countdown-clock","blocks":{"content_ew9X9b":{"type":"content","settings":{"heading":"Sale is live","heading_size":"h3","sale_imgae":"shopify:\/\/shop_images\/Shopping_Bags_Mockup_2_2.png","show_image":true}},"clock_Qzzidg":{"type":"clock","settings":{"enable_clock":true,"year":"2026","month":"01","day":"1","hour":"01","minute":"00","clock_size":"h1","hide_clock":false,"text":"<p>Insert the complete clock message in this section.<\/p>"}},"button_xnTNTf":{"type":"button","settings":{"button":"Button label","button_link":"","button_style":"primary","discount_button_label":"WELCOME10","discount_copy_label":"Copy discount code","discount_copied_label":"Copied!","discount_button_style":"secondary"}}},"block_order":["content_ew9X9b","clock_Qzzidg","button_xnTNTf"],"settings":{"use_page_background":true,"color_scheme":"scheme-2","image":"shopify:\/\/shop_images\/image_1.png","show_container_border":true,"padding_top":100,"padding_bottom":100}},"newsletter_mXFFMG":{"type":"newsletter","blocks":{"heading_pCNYUB":{"type":"heading","settings":{"heading":"Flavory Newsletter","heading_size":"h2"}},"paragraph_B4aQdr":{"type":"paragraph","settings":{"text":"<p>Simple as it may seem, this drink is worth having at your celebration table. Enjoy delectable notes of real grapes. Fun trick: freeze some grapes and let it sink into a glass full of this spritz.<\/p>"}},"email_form_M7taLy":{"type":"email_form","settings":{}},"rotating_badge_8c87RN":{"type":"rotating_badge","settings":{"roating_image":"shopify:\/\/shop_images\/create-flower-image.png"}}},"block_order":["heading_pCNYUB","paragraph_B4aQdr","email_form_M7taLy","rotating_badge_8c87RN"],"settings":{"expanded_width":true,"use_page_background":true,"color_scheme":"scheme-2","background_image":"shopify:\/\/shop_images\/Frame_59291.png","show_background_image":true,"text_alignment":"left","padding_top":100,"padding_bottom":100}},"quick_purchase_rdfCaF":{"type":"quick-purchase","blocks":{"product_NDjAU3":{"type":"product","settings":{"product":"carbonated-natura-chcolate"}},"product_rRWWyV":{"type":"product","settings":{"product":"carbonated-natural-chocolate"}},"product_7NATKn":{"type":"product","disabled":true,"settings":{"product":""}},"product_Liyheg":{"type":"product","disabled":true,"settings":{"product":""}},"product_dHBwMx":{"type":"product","disabled":true,"settings":{"product":""}}},"block_order":["product_NDjAU3","product_rRWWyV","product_7NATKn","product_Liyheg","product_dHBwMx"],"settings":{"expanded_width":true,"use_page_background":true,"color_scheme":"","title":"Qick purchase","heading_size":"h2","sub_heading":"Instantly browse and buy your favorite products with just one click.","alignment":"center","quick_purchse_scheme":"scheme-1","quick_purchase_bg":"shopify:\/\/shop_images\/Frame_59290_1.png","quick_purchase_title":"Click To Purchase","quick_purchase_title_size":"h2","marquee_speed":3,"search_product_shadow":true,"padding_top":50,"padding_bottom":50}},"featured_blog_FcHiy9":{"type":"featured-blog","settings":{"heading":"READ OUR BLOGS","heading_size":"h2","sub_heading":"<p>How flavory do it.<\/p>","alignment":"center","full_width":true,"use_page_background":false,"color_scheme":"scheme-2","post_limit":3,"post_per_row":3,"show_view_all":true,"enable_slider":true,"color_scheme_blog":"scheme-2","blog":"featured","image_ratio":"square","show_tag":true,"show_date":true,"show_author":true,"show_hover_animation":true,"padding_top":100,"padding_bottom":100}}},"order":["slideshow_vertical_QyDFxh","text_columns_with_icons_gnn7nH","category_list_jDeeRe","rich_text_NaQJTU","featured_collection_DnYfeC","scrolling_image_rich_text_dmBiGB","scrolling_text_MU4fEi","image_with_text_j6K4fX","scrolling_text_YwmGUM","rich_text_aHyUUq","featured_product_P9b6ay","testimonials_rDcMyH","image_with_highlight_PfDJzV","video_tRKzcG","faq_TMHwLx","logo_list_ajEACJ","product_bundle_HjF4aW","countdown_clock_NP7GMA","newsletter_mXFFMG","quick_purchase_rdfCaF","featured_blog_FcHiy9"]}