{"sections":{"main":{"type":"main-product","blocks":{"vendor":{"type":"vendor","settings":{}},"title":{"type":"title","settings":{"heading_size":"h3"}},"content_rzkJM4":{"type":"content","settings":{}},"sku":{"type":"sku","settings":{}},"price":{"type":"price","settings":{}},"variant_picker":{"type":"variant_picker","settings":{"picker_type":"button"}},"buy_buttons":{"type":"buy_buttons","settings":{"show_dynamic_checkout":true,"position_top":70,"show_gift_card_recipient":true}},"inventory":{"type":"inventory","settings":{"inventory_threshold":0,"low_inventory_notice":"Hurry, limited stock available! Only ||count|| left in stock.","available_message":"Only ||count|| stock left.","show_payment_icons":true}},"icon-with-text":{"type":"icon-with-text","settings":{"icon_1":"icon-award","image":"shopify:\/\/shop_images\/nature_16487653_1.png","heading_1":"Organic","icon_2":"icon-return","image_2":"shopify:\/\/shop_images\/test-tube_2860271_1.png","heading_2":"No artificial flav","icon_3":"icon-package","image_3":"shopify:\/\/shop_images\/sugar_5029285_1.png","heading_3":"Low Sugar","icon_4":"icon-package","image_4":"shopify:\/\/shop_images\/test-tubes_2522676_1.png","heading_4":"Chemical Free"}},"complementary_nKUVCe":{"type":"complementary","settings":{"block_heading":"Complementary products","product_list_limit":5,"product_per_col":2,"image_ratio":"square","enable_quick_add":true}},"collapsible_tab_87p4B7":{"type":"collapsible_tab","settings":{"enable_description":true,"description_heading":"Description","tab_heading_1":"Privacy Policy","tab_description_1":"<p>Lorem ipsum dolor sit amet consectetur. A placerat urna sed venenatis condimentum etiam nec arcu vitae. Aenean quam.Lorem ipsum dolor sit amet consectetur. A placerat urna sed venenatis condimentum etiam nec arcu vitae. Aenean quam.Lorem ipsum dolor sit amet consectetur. A placerat urna.<\/p>","page_1":"data-sharing-opt-out","tab_heading_2":"Collapsible tab","tab_description_2":"<p>Lorem ipsum dolor sit amet consectetur. A placerat urna sed venenatis condimentum etiam nec arcu vitae. Aenean quam.Lorem ipsum dolor sit amet consectetur. A placerat urna sed venenatis condimentum etiam nec arcu vitae. Aenean quam.Lorem ipsum dolor sit amet consectetur. A placerat urna.<\/p>","page_2":"","tab_heading_3":"","tab_description_3":"","page_3":"","tab_heading_4":"","tab_description_4":"","page_4":""}},"offer_mp9Kxq":{"type":"offer","settings":{"color_scheme":"scheme-2","content":"<p>🔥 Add your promotion title here.<\/p>"}},"popup_rPN9je":{"type":"popup","settings":{"text":"Pop-up link text adsf df s","heading":"Popup heading","image":"shopify:\/\/shop_images\/create-flower-image.png","content":"<p>adsfasd fsad<\/p>"}},"share_iCpaBe":{"type":"share","settings":{}},"discount_9BMzdJ":{"type":"discount","settings":{"title":"Grab the discount","discount_code":"A1B2 3C4D 5E6F 7G8H","button_label":"Copy","copied_button_label":"Copied!"}},"rating_eHRcHe":{"type":"rating","settings":{}}},"block_order":["vendor","title","content_rzkJM4","sku","price","variant_picker","buy_buttons","inventory","icon-with-text","complementary_nKUVCe","collapsible_tab_87p4B7","offer_mp9Kxq","popup_rPN9je","share_iCpaBe","discount_9BMzdJ","rating_eHRcHe"],"settings":{"expanded_width":false,"bg_shape":true,"use_page_background":true,"color_scheme":"scheme-2","gallery_layout":"thumbnail_slider vertical-scrollbar","media_fit":"cover","constrain_to_viewport":true,"image_zoom":true,"hide_variants":true,"enable_video_looping":false,"show_box_shadow":true,"padding_top":50,"padding_bottom":50}},"video_anHVXh":{"type":"video","settings":{"heading":"More About Product","heading_size":"h2","subheading":"","alignment":"center","expanded_width":true,"use_page_background":false,"color_scheme":"scheme-7","use_shadow":true,"cover_image":"shopify:\/\/shop_images\/Frame_59207_1.png","video_type":"url","video":"shopify:\/\/files\/videos\/5b666bd08a664dcba1f46b04ba5ac746.mp4","video_url":"https:\/\/www.youtube.com\/watch?v=_9VUPq3SxOc","video_alt_text":"","enable_video_autoplay":false,"show_controls":true,"desktop_video_ratio":"landscape","mobile_video_ratio":"landscape","padding_top":100,"padding_bottom":100}},"related-products":{"type":"related-products","settings":{"title":"Related Products","heading_size":"h2","heading_alignment":"center","expanded_width":true,"use_page_background":true,"color_scheme":"scheme-2","products_to_show":7,"products_per_row":4,"enable_slider_scrollbar":true,"image_ratio":"square","show_secondary_image":true,"show_vendor":true,"show_rating":true,"enable_quick_add":true,"show_box_shadow":true,"grid_text_alignment":"left","products_per_row_mobile":"2","padding_top":94,"padding_bottom":20}},"testimonials_x9MqaE":{"type":"testimonials","blocks":{"content_Xhn3MG":{"type":"content","settings":{"text":"Fantastic","para":"<p>Lorem ipsum dolor sit amet consectetur. A placerat urna sed venenatis condimentum etiam nec arcu vitae. Aenean quam.Lorem ipsum dolor sit amet consectetur. A placerat urna sed venenatis condimentum etiam nec arcu vitae. Aenean quam.Lorem ipsum dolor sit amet consectetur. A placerat urna.<\/p>","author_name":"Alkesh patil","author_designation":"Sr Product desginer"}},"content_9iktVn":{"type":"content","settings":{"text":"Fantastic","para":"<p>Lorem ipsum dolor sit amet consectetur. A placerat urna sed venenatis condimentum etiam nec arcu vitae. Aenean quam.Lorem ipsum dolor sit amet consectetur. A placerat urna sed venenatis condimentum etiam nec arcu vitae. Aenean quam.Lorem ipsum dolor sit amet consectetur. A placerat urna.<\/p>","author_name":"Alkesh patil","author_designation":"Sr Product desginer"}},"content_p3FXwr":{"type":"content","settings":{"text":"Fantastic","para":"<p>Lorem ipsum dolor sit amet consectetur. A placerat urna sed venenatis condimentum etiam nec arcu vitae. Aenean quam.Lorem ipsum dolor sit amet consectetur. A placerat urna sed venenatis condimentum etiam nec arcu vitae. Aenean quam.Lorem ipsum dolor sit amet consectetur. A placerat urna.<\/p>","author_name":"Alkesh patil","author_designation":"Sr Product desginer"}},"content_Ej36aq":{"type":"content","settings":{"text":"Fantastic","para":"<p>Lorem ipsum dolor sit amet consectetur. A placerat urna sed venenatis condimentum etiam nec arcu vitae. Aenean quam.Lorem ipsum dolor sit amet consectetur. A placerat urna sed venenatis condimentum etiam nec arcu vitae. Aenean quam.Lorem ipsum dolor sit amet consectetur. A placerat urna.<\/p>","author_name":"Alkesh patil","author_designation":"Sr Product desginer"}},"content_JQQFnQ":{"type":"content","settings":{"text":"Fantastic","para":"<p>Lorem ipsum dolor sit amet consectetur. A placerat urna sed venenatis condimentum etiam nec arcu vitae. Aenean quam.Lorem ipsum dolor sit amet consectetur. A placerat urna sed venenatis condimentum etiam nec arcu vitae. Aenean quam.Lorem ipsum dolor sit amet consectetur. A placerat urna.<\/p>","author_name":"Alkesh patil","author_designation":"Sr Product desginer"}}},"block_order":["content_Xhn3MG","content_9iktVn","content_p3FXwr","content_Ej36aq","content_JQQFnQ"],"settings":{"heading":"Testimonial","heading_size":"h2","para":"What people say about flavory","content_alignment":"center","use_page_background":false,"color_scheme":"","full_width":true,"slider_type":"auto","marquee_speed":3,"card_width":310,"mobile_card_width":300,"desktop_slide":4,"padding_top":100,"padding_bottom":100}}},"order":["main","video_anHVXh","related-products","testimonials_x9MqaE"]}