{"sections":{"slideshow":{"type":"slideshow","blocks":{"slide":{"type":"slide","settings":{"image_overlay_opacity":0,"subheading":"Tell your brand's story through images","heading":"Heading goes here","description":"<p>Add optional subtext\/description here to describe more about the brand<\/p>","heading_size":38,"button_label":"Button label","button_style":"primary","box_align":"middle-left","show_text_box":true,"color_scheme":"secondary","content_width":70,"text_alignment":"left","content_color":"#28282A","text_alignment_mobile":"left","heading_size_mobile":28}},"video":{"type":"video","settings":{"subheading":"Tell your brand’s story through video","heading":"Video slide","heading_size":38,"button_label":"Button label","button_style":"primary","box_align":"middle-center","show_text_box":true,"color_scheme":"secondary","content_width":70,"text_alignment":"center","text_alignment_mobile":"center","heading_size_mobile":28}}},"block_order":["slide","video"],"settings":{"full_width":true,"transparent_header":true,"slide_height":"medium","auto_rotate":false,"change_slides_speed":3,"slide_height_mobile":"medium","show_text_below":true}},"countdown_timer":{"type":"countdown-timer","blocks":{"content":{"type":"content","settings":{"heading":"Countdown Timer","text":"<p>Maximize sales with this timer by creating a sense of urgency.<\/p>","heading_size":"h3"}},"timer":{"type":"timer","settings":{"enable_timer":false,"year":"2023","month":"06","day":"1","hour":"01","minute":"00","hide_timer":false}},"button":{"type":"button","settings":{"button":"Button label","button_style":"primary"}}},"block_order":["content","timer","button"],"settings":{"full_width":true,"reduce_margins":true,"color_scheme":"secondary"}},"collection_list":{"type":"collection-list","blocks":{"collection1":{"type":"featured_collection","settings":{}},"collection2":{"type":"featured_collection","settings":{}},"collection3":{"type":"featured_collection","settings":{}}},"block_order":["collection1","collection2","collection3"],"settings":{"full_width":false,"columns_desktop":3,"columns_mobile":"1","swipe_on_mobile":true,"enable_mobile_autorotate":false,"change_mobile_slides_speed":5,"title":"Shop By Category","heading_size":"h3","heading_alignment":"center","color_scheme":"secondary","image_ratio":"adapt","enable_badge":true,"text_alignment":"center","show_view_all":false}},"featured_collection":{"type":"featured-collection","settings":{"full_width":false,"products_to_show":6,"columns_desktop":4,"enable_desktop_slider":true,"enable_desktop_autorotate":false,"change_desktop_slides_speed":5,"columns_mobile":"2","swipe_on_mobile":true,"enable_mobile_autorotate":false,"change_mobile_slides_speed":5,"title":"Our products","heading_size":"h3","show_description":false,"heading_alignment":"center","show_view_all":false,"color_scheme":"secondary","image_ratio":"adapt","show_color_swatch":false,"show_secondary_image":false,"enable_quick_add":false}},"auto-scrolling-text":{"type":"auto-scrolling-text","blocks":{"scrolling_text1":{"type":"scrolling_text","settings":{"text":"⚡Auto-scrolling text","title_size":"h2"}},"scrolling_text2":{"type":"scrolling_text","settings":{"text":"⚡Auto-scrolling text","title_size":"h2"}},"scrolling_text3":{"type":"scrolling_text","settings":{"text":"⚡Auto-scrolling text","title_size":"h2"}}},"block_order":["scrolling_text1","scrolling_text2","scrolling_text3"],"settings":{"full_width":true,"enable_scroll":true,"scrolling_speed":2}},"column-grid":{"type":"column-grid","blocks":{"column1":{"type":"column","settings":{"title":"Column","heading_size":"h6","text":""}},"column2":{"type":"column","settings":{"title":"Column","heading_size":"h6","text":""}},"column3":{"type":"column","settings":{"title":"Column","heading_size":"h6","text":""}},"column4":{"type":"column","settings":{"title":"Column","heading_size":"h6","text":""}},"column5":{"type":"column","settings":{"title":"Column","heading_size":"h6","text":""}},"column6":{"type":"column","settings":{"title":"Column","heading_size":"h6","text":""}}},"block_order":["column1","column2","column3","column4","column5","column6"],"settings":{"full_width":true,"columns_desktop":6,"color_scheme":"secondary","columns_mobile":"2","swipe_on_mobile":true,"enable_mobile_autorotate":false,"change_mobile_slides_speed":5,"subheading":"","title":"Column grid","heading_size":"h3","heading_alignment":"center","column_with_background":true,"color_scheme_secondary":"gray","show_image":true,"image_width":"full","image_ratio":"adapt","column_alignment":"center"}},"image_with_text":{"type":"image-with-text","blocks":{"heading":{"type":"heading","settings":{"subheading":"Subheading","heading":"Image with text","heading_size":"h3"}},"text":{"type":"text","settings":{"text":"<p>Pair text with an image to focus on your chosen product, collection, or blog post. Add details on availability, style, or even provide a review. <\/p>"}},"button":{"type":"button","settings":{"button_label":"Button label","button_style":"primary"}}},"block_order":["heading","text","button"],"settings":{"full_width":false,"height":"adapt","desktop_image_width":"medium","layout":"image_first","desktop_content_position":"middle","desktop_content_alignment":"left","content_layout":"no-overlap","color_scheme":"secondary","mobile_content_alignment":"left"}},"product_shop_the_look":{"type":"product-shop-the-look","blocks":{"product1":{"type":"product","settings":{"horizontal_position":74,"vertical_position":25,"horizontal_position_mobile":30,"vertical_position_mobile":26}},"product2":{"type":"product","settings":{"horizontal_position":50,"vertical_position":30,"horizontal_position_mobile":45,"vertical_position_mobile":38}},"product3":{"type":"product","settings":{"horizontal_position":44,"vertical_position":60,"horizontal_position_mobile":70,"vertical_position_mobile":26}}},"block_order":["product1","product2","product3"],"settings":{"full_width":true,"color_scheme":"secondary","title":"Shop the look","heading_size":"h3","heading_alignment":"center","image_overlay_opacity":20,"image_height":"small","color_scheme_products":"gray","image_ratio":"adapt","show_color_swatch":false,"show_secondary_image":false,"enable_quick_add":false}},"image_banner":{"type":"image-banner","blocks":{"banner1":{"type":"banner","settings":{"image_overlay_opacity":10,"subheading":"Image banner subheading","heading":"Image banner heading","heading_size":"h3","primary_button_label":"Shop Now","primary_button_style":"primary","secondary_button_style":"secondary","content_position":"middle-center","content_alignment":"center","show_text_box":true,"color_scheme":"secondary","content_color":"#28282A","mobile_content_alignment":"center","show_text_below":true}},"banner2":{"type":"banner","settings":{"image_overlay_opacity":10,"subheading":"Image banner subheading","heading":"Image banner heading","heading_size":"h3","primary_button_label":"Button label","primary_button_style":"primary","secondary_button_style":"secondary","content_position":"bottom-center","content_alignment":"center","show_text_box":true,"color_scheme":"secondary","content_color":"#28282A","mobile_content_alignment":"center","show_text_below":true}}},"block_order":["banner1","banner2"],"settings":{"full_width":false,"image_height":"adapt"}},"customer_reviews":{"type":"customer-reviews","blocks":{"review1":{"type":"review","settings":{"title":"Amazing experience!","review_star":"4","description":"<p>Add customer reviews and testimonials to showcase your store’s happy customers.<\/p>","author":"Author's name"}},"review2":{"type":"review","settings":{"title":"Amazing experience!","review_star":"5","description":"<p>Add customer reviews and testimonials to showcase your store’s happy customers.<\/p>","author":"Author's name"}},"review3":{"type":"review","settings":{"title":"Amazing experience!","review_star":"5","description":"<p>Add customer reviews and testimonials to showcase your store’s happy customers.<\/p>","author":"Author's name"}},"review4":{"type":"review","settings":{"title":"Amazing experience!","review_star":"5","description":"<p>Add customer reviews and testimonials to showcase your store’s happy customers.<\/p>","author":"Author's name"}}},"block_order":["review1","review2","review3","review4"],"settings":{"full_width":false,"color_scheme":"secondary","enable_desktop_slider":true,"enable_desktop_autorotate":false,"change_desktop_slides_speed":5,"swipe_on_mobile":true,"enable_mobile_autorotate":false,"change_mobile_slides_speed":5,"title":"Customer Reviews","heading_size":"h3","heading_alignment":"center","title_size":"h4","content_alignment":"left","color_scheme_secondary":"secondary"}},"slideshow1":{"type":"slideshow","blocks":{"video":{"type":"video","settings":{"subheading":"Tell your brand’s story through video","heading":"Video slide","heading_size":38,"button_label":"Button label","button_style":"primary","box_align":"middle-left","show_text_box":true,"color_scheme":"secondary","content_width":70,"text_alignment":"center","text_alignment_mobile":"center","heading_size_mobile":28}}},"block_order":["video"],"settings":{"full_width":true,"transparent_header":false,"slide_height":"medium","auto_rotate":false,"change_slides_speed":5,"slide_height_mobile":"medium","show_text_below":true}},"featured_product":{"type":"featured-product","blocks":{"vendor":{"type":"vendor-sku","settings":{}},"title":{"type":"title","settings":{"heading_size":"h3"}},"offer":{"type":"offer","settings":{}},"price":{"type":"price","settings":{}},"divider":{"type":"divider","settings":{}},"variant_picker":{"type":"variant_picker","settings":{"picker_type":"button"}},"inventory":{"type":"inventory","settings":{"inventory_threshold":8,"low_inventory_notice":"Hurry, limited stock available! Only ||count|| left in stock.","available_message":"Ready for prompt delivery! Only ||count|| left in stock."}},"quantity_selector":{"type":"quantity_selector","settings":{"enable_share":true}},"buy_buttons":{"type":"buy_buttons","settings":{"show_dynamic_checkout":true,"show_gift_card_recipient":false}}},"block_order":["vendor","title","offer","price","divider","inventory","variant_picker","quantity_selector","buy_buttons"],"settings":{"full_width":false,"color_scheme":"secondary","media_fit":"contain","gallery_layout":"stacked","image_zoom":"lightbox","mobile_thumbnails":"show","enable_video_looping":false}},"featured_blog":{"type":"featured-blog","settings":{"full_width":false,"post_limit":3,"blogs_per_row":3,"title":"Blog posts","heading_size":"h3","heading_alignment":"center","blog":"news","color_scheme":"secondary","show_image":true,"image_height":"small","show_date":true,"show_author":false,"text_alignment":"center","show_view_all":false}}},"order":["slideshow","countdown_timer","collection_list","featured_collection","auto-scrolling-text","column-grid","image_with_text","product_shop_the_look","image_banner","customer_reviews","slideshow1","featured_product","featured_blog"]}