{"sections":{"banner":{"type":"main-collection-banner","settings":{"full_width":false,"show_collection_description":false,"show_collection_image":false,"text_alignment":"center"}},"countdown":{"type":"countdown-timer","blocks":{"content":{"type":"content","settings":{"heading":"End of season sale","text":"<p>Sale concludes on February 31th at 11:59 PM PT. Apply the code \"Save\" to avail the discount.<\/p>","heading_size":"h2"}},"timer":{"type":"timer","settings":{"enable_timer":true,"year":"2026","month":"01","day":"1","hour":"00","minute":"00","hide_timer":false,"text":""}},"button":{"type":"button","settings":{"button":"Shop the sale","button_link":"","button_style":"primary"}}},"block_order":["content","timer","button"],"settings":{"full_width":false,"reduce_margins":true,"color_scheme":"dark"}},"product-grid":{"type":"main-collection-product-grid","settings":{"full_width":false,"products_per_page":16,"columns_desktop":4,"infinite_scroll":true,"columns_mobile":"2","grid_style":"normal","color_scheme":"primary","image_ratio":"adapt","show_color_swatch":true,"show_secondary_image":true,"enable_quick_add":true,"enable_filtering":true,"filter_type":"horizontal","color_filter":true,"enable_sorting":true}},"collection-list":{"type":"collection-list","blocks":{"featured_collection-1":{"type":"featured_collection","settings":{"collection":"","custom_title":"","custom_link":""}},"featured_collection-2":{"type":"featured_collection","settings":{"collection":"","custom_title":"","custom_link":""}},"featured_collection-3":{"type":"featured_collection","settings":{"collection":"","custom_title":"","custom_link":""}},"featured_collection-4":{"type":"featured_collection","settings":{"collection":"","custom_title":"","custom_link":""}}},"block_order":["featured_collection-1","featured_collection-2","featured_collection-3","featured_collection-4"],"settings":{"full_width":false,"columns_desktop":4,"columns_mobile":"1","swipe_on_mobile":false,"enable_mobile_autorotate":false,"change_mobile_slides_speed":5,"subheading":"","title":"Shop By Category","heading_size":"h2","heading_alignment":"center","color_scheme":"secondary","collection_style":"standard","image_ratio":"square","enable_badge":true,"text_alignment":"center","show_view_all":false,"show_view_all_link":""}}},"order":["banner","countdown","product-grid","collection-list"]}