{"sections":{"main":{"type":"main-page","disabled":true,"settings":{"full_width":false,"heading_size":"h2","heading_alignment":"center"}},"map":{"type":"map","settings":{"full_width":false,"subheading":"","title":"","heading_size":"h3","heading_alignment":"center","api_key":"","loaction_name":"Our Retail Store","location_heading_size":"h4","address":"<p>123 Fake St. Toronto, Canada<\/p><p>Mon - Fri, 10am - 9pm<br\/>Saturday, 11am - 9pm<br\/>Sunday, 11am - 5pm<\/p>","map_address":"301 Front St W, Toronto","button_text":"Get directions","color_scheme":"secondary","image_height":"small"}},"form":{"type":"contact-form","settings":{"color_scheme":"secondary","title":"We are at your service!","description":"<p>If you have any general inquiries, sales-related questions, or press inquiries, please provide us with <\/p><p>your contact information below. We will promptly get back to you to assist you further.<\/p>","heading_size":"h3","heading_alignment":"center","info_color_scheme":"gray","email":"example@gmail.com","phone":"+1 123-456-7890","address":"<p>United states<\/p>","shop_time":"<p>Monday — Friday, 9am — 5pm ET<\/p>"}}},"order":["main","map","form"]}