{"sections":{"main":{"type":"main-product","blocks":{"vendor-sku":{"type":"vendor-sku","settings":{}},"title":{"type":"title","settings":{"heading_size":"h3"}},"offer":{"type":"offer","settings":{"color_scheme":"secondary","heading":"Super Deals","offer_info":"<p>Ends: 31th at 11:59 PM <\/p>"}},"price":{"type":"price","settings":{}},"divider":{"type":"divider","settings":{}},"variant_picker":{"type":"variant_picker","settings":{"picker_type":"button"}},"size_chart":{"type":"size_chart","settings":{"size_chart_image":"shopify:\/\/shop_images\/568c158e-bdb4-4a11-8d30-9a0652c4e2e5.webp","size_chart_page":"","size_chart_width":"medium"}},"inventory":{"type":"inventory","settings":{"inventory_threshold":10,"low_inventory_notice":"Hurry, limited stock available! Only ||count|| left in stock.","available_message":"Ready for prompt delivery! Only ||count|| left in stock."}},"quantity_selector":{"type":"quantity_selector","settings":{"enable_share":true}},"buy_buttons":{"type":"buy_buttons","settings":{"show_dynamic_checkout":true,"show_gift_card_recipient":false}},"collapsible-row-0":{"type":"collapsible_tab","settings":{"by_default_open":false,"heading":"Description","content":"","product_description":true,"page":""}},"collapsible-row-1":{"type":"collapsible_tab","settings":{"by_default_open":false,"heading":"Shipping Information","content":"<p>Shipping Destinations: We ship to most countries worldwide. Please check the shipping options during checkout for availability in your area.<br\/>Shipping Times: Your order will be processed within 2-5 business days.<br\/>Shipping Costs: We provide competitive shipping rates based on your location and the weight of your order. The exact shipping cost will be calculated during checkout<\/p>","product_description":false,"page":""}},"collapsible-row-2":{"type":"collapsible_tab","settings":{"by_default_open":false,"heading":"Return policy","content":"<p>Your satisfaction is our priority, and we want you to be completely happy with the products. If you're not satisfied for any reason, our return policy ensures a hassle-free experience:<br\/><br\/>Return: You may initiate a return within 30 days of receiving your order. To be eligible for a return, the product must be unused, in its original packaging, and in the same condition as when you received it.<br\/><br\/>Refund Once we receive and inspect the returned product, we will process your refund within 5 business days. Refunds will be issued to the original payment method used for the purchase.<\/p>","product_description":false,"page":""}},"complementary":{"type":"complementary","settings":{"block_heading":"Complements nicely with","product_list_limit":3,"image_ratio":"portrait","enable_quick_add":true}}},"block_order":["vendor-sku","title","offer","price","divider","variant_picker","size_chart","inventory","quantity_selector","buy_buttons","collapsible-row-0","collapsible-row-1","collapsible-row-2","complementary"],"settings":{"full_width":false,"color_scheme":"primary","layout_style":"normal","product_visibility":true,"media_fit":"contain","gallery_layout":"stacked","thumbnail_slider":true,"image_zoom":true,"mobile_thumbnails":true,"enable_video_looping":true}},"column-grid":{"type":"column-grid","blocks":{"column1":{"type":"column","settings":{"title":"Free Shipping","heading_size":"h4","text":"<p>Get free shipping on orders of $100 or more<\/p>","link_label":"","link":""}},"column2":{"type":"column","settings":{"title":"Customer service","heading_size":"h4","text":"<p>Please contact us at 123-456-7890<\/p>","link_label":"","link":""}},"column3":{"type":"column","settings":{"title":"Refer a friend","heading_size":"h4","text":"<p>Refer a friend and get 15% off each other<\/p>","link_label":"","link":""}},"column4":{"type":"column","settings":{"title":"Secure payment","heading_size":"h4","text":"<p>Your payment info is processed securely<\/p>","link_label":"","link":""}}},"block_order":["column1","column2","column3","column4"],"settings":{"full_width":false,"columns_desktop":4,"color_scheme":"primary","columns_mobile":"1","swipe_on_mobile":false,"enable_mobile_autorotate":false,"change_mobile_slides_speed":5,"subheading":"","title":"","heading_size":"h2","heading_alignment":"center","column_with_background":true,"color_scheme_secondary":"primary","show_image":true,"image_width":"third","image_ratio":"adapt","column_alignment":"center"}},"related-products":{"type":"related-products","settings":{"full_width":false,"products_to_show":3,"columns_desktop":3,"columns_mobile":"2","subheading":"","heading":"You may also like","heading_size":"h2","heading_alignment":"center","grid_style":"normal","color_scheme":"primary","image_ratio":"adapt","show_color_swatch":true,"show_secondary_image":true,"enable_quick_add":true}},"auto-scrolling-text":{"type":"auto-scrolling-text","blocks":{"scrolling_text_1":{"type":"scrolling_text","settings":{"text":"Don't Miss Today's Featured Deals","title_size":"h2","link":""}},"scrolling_text_2":{"type":"scrolling_text","settings":{"text":"60% For Fashion","title_size":"h2","link":""}}},"block_order":["scrolling_text_1","scrolling_text_2"],"settings":{"full_width":true,"enable_scroll":true,"scrolling_speed":2}},"customer-reviews":{"type":"customer-reviews","blocks":{"review_1":{"type":"review","settings":{"title":"Amazing experience!","review_star":"5","description":"<p>Chic Oasis! Exclusive styles, stellar service. Glamour personified<\/p>","author":"Emma S."}},"review_2":{"type":"review","settings":{"title":"Unrivaled Elegance","review_star":"5","description":"<p>Style Sanctuary: Unrivaled elegance, diverse selections, impeccable service. A fashion haven.<\/p>","author":"Lily M"}},"review_3":{"type":"review","settings":{"title":"Unique Trends","review_star":"5","description":"<p>Style Oasis: Unique trends, top-notch service. Elevates fashion experience<\/p>","author":"Sarah Thompson"}},"review_4":{"type":"review","settings":{"title":"Trendsetting Discoveries","review_star":"5","description":"<p>Epic Fashion Finds! Trendsetting styles, exceptional service. My go-to spot<\/p>","author":"Olivia Lewis"}}},"block_order":["review_1","review_2","review_3","review_4"],"settings":{"full_width":true,"reviews_per_row":3,"color_scheme":"light","enable_desktop_slider":true,"enable_desktop_autorotate":false,"change_desktop_slides_speed":5,"swipe_on_mobile":true,"enable_mobile_autorotate":false,"change_mobile_slides_speed":5,"subheading":"","title":"Consumer Impressions","heading_size":"h2","heading_alignment":"center","title_size":"h4","content_alignment":"center","color_scheme_secondary":"primary"}},"vertical-showcase":{"type":"vertical-showcase","blocks":{"content":{"type":"content","settings":{"color_scheme":"dark","subheading":"","heading":"Style it together with","heading_size":"h2","content":"<p>Unveil simplicity in style – vertical showcase speaks volumes with products that redefine everyday elegance.<\/p>","button_label":"View All","button_link":"","button_style":"outline"}},"product":{"type":"product","settings":{"color_scheme":"light","product":"","grid_style":"standard","product_color_scheme":"primary","image_ratio":"adapt","show_color_swatch":false,"show_secondary_image":false,"enable_quick_add":false}}},"block_order":["content","product"],"settings":{"full_width":false,"subheading":"","title":"","heading_size":"h3","heading_alignment":"right","position":"left","type":"image","color_scheme":"dark","content_subheading":"","content_heading":"Vertical showcase","content_heading_size":"h3","content":"<p>Unveil simplicity in style – vertical showcase speaks volumes with products that redefine everyday elegance.<\/p>","button_label":"Button label","button_link":"","button_style":"primary"}},"countdown-timer":{"type":"countdown-timer","blocks":{"content":{"type":"content","settings":{"heading":"End of season sale","text":"<p>Sale concludes on February 31th at 11:59 PM PT. Apply the code \"Save\" to avail the discount.<\/p>","heading_size":"h2"}},"timer":{"type":"timer","settings":{"enable_timer":true,"year":"2026","month":"01","day":"1","hour":"00","minute":"00","hide_timer":false,"text":""}},"button":{"type":"button","settings":{"button":"Shop the sale","button_link":"","button_style":"primary"}}},"block_order":["content","timer","button"],"settings":{"full_width":false,"reduce_margins":false,"color_scheme":"dark"}}},"order":["main","column-grid","related-products","auto-scrolling-text","customer-reviews","vertical-showcase","countdown-timer"]}