{"name":"t:sections.header.name","type":"header","sections":{"announcement-bar":{"type":"announcement-bar","blocks":{"announcement-bar-0":{"type":"announcement","settings":{"text":"⚡️Free shipping on all orders over $100","link":"shopify:\/\/collections\/all"}},"224711c4-1afd-48d5-98db-8ea0f4cf9eec":{"type":"announcement","settings":{"text":"⚡️Free shipping on all orders over $100","link":"shopify:\/\/collections\/all"}}},"block_order":["announcement-bar-0","224711c4-1afd-48d5-98db-8ea0f4cf9eec"],"settings":{"full_width":true,"color_scheme":"primary","enable_scroll":true,"scrolling_speed":2}},"header":{"type":"header","settings":{"full_width":true,"color_scheme":"secondary","sticky_header":false,"transparent_header":true,"logo_width":120,"logo_width_mobile":100,"logo_position":"top-center","mobile_logo_position":"left","menu":"main-menu","menu_type_desktop":"mega","show_mega_menu_image":true,"navigation_position":"bottom-fixed","enable_overlay_navigation":true,"information_links":"main-menu","promo_heading":"Essential Gear for Epic Snow Adventures","promo_description":"<p>Snowboards, snow clothes, and snow glasses are crucial gear for winter adventures. These items ensure comfort, protection, and optimal performance while navigating snowy terrains, making your snowboarding experience safe and enjoyable.<\/p>","show_social_links":true,"collection":[],"collection_style":"standard","enable_country_selector":true,"enable_language_selector":true,"enable_account_popup":true}}},"order":["announcement-bar","header"]}