{"type":"custom.popups","name":"Popups","sections":{"cart-popup":{"type":"cart-popup","settings":{"color_scheme":"scheme-2","box_shadow":true,"product_box_shadow":true}},"newsletter-popup":{"type":"newsletter-popup","settings":{"color_scheme":"","box_shadow":true,"popup_show_again":1,"popup_delay_seconds":6,"image":"shopify:\/\/shop_images\/image_18_2.png","heading":"Let's keep in touch!","heading_size":"h2","description":"<p>Get monthly newsletter updates and exclusive offers on your favourite products by subscribing!<\/p>"}}},"order":["cart-popup","newsletter-popup"]}