{"name":"t:sections.footer.name","type":"footer","sections":{"footer":{"type":"footer","blocks":{"footer-0":{"type":"link_list","settings":{"heading":"Our Store","menu":"main-menu"}},"footer-1":{"type":"link_list","settings":{"heading":"Information","menu":"footer"}},"link_list_NNTJLt":{"type":"link_list","settings":{"heading":"My account","menu":"footer"}},"footer-3":{"type":"connectivity","settings":{"heading":"Connectivity","newsletter_enable":false,"show_social":true,"show_payment_icons":false,"enable_language_selector":true,"enable_country_selector":true,"enable_country_flags":true,"enable_country_name":false}}},"block_order":["footer-0","footer-1","link_list_NNTJLt","footer-3"],"settings":{"divider_line":false,"color_scheme":"","contact_info":"","badge_width":50,"outside_rotate_text":"Circle rotating text! Circle rotating text! Circle rotating text!","copyright_text":"All rights reserved","show_powered_by":true,"show_policy":true,"enable_follow_on_shop":true,"use_accordion":true,"padding_top":50,"padding_bottom":100}}},"order":["footer"]}