{"name":"t:sections.header.name","type":"header","sections":{"announcement-bar":{"type":"announcement-bar","settings":{"color_scheme":"scheme-1","content":"<p>10% off online bookings! Use the code iEFT<\/p>"}},"header":{"type":"header","settings":{"expanded_width":true,"sticky_header":false,"show_line_separator":true,"color_scheme":"scheme-2","navigation_hub":false,"logo_width":220,"logo_width_mobile":120,"menu":"main-menu","menu_position":"middle-left","menu_type_desktop":"mega","collection_featured_image":true,"menu_as_button":false,"menu_color_scheme":"","inline_search":false,"enable_language_selector":true,"enable_country_selector":true,"enable_country_flags":true,"enable_country_name":true,"padding_top":30,"padding_bottom":30}}},"order":["announcement-bar","header"]}