{"name":"t:sections.footer.name","type":"footer","sections":{"footer":{"type":"footer","blocks":{"text_6JkGXg":{"type":"text","settings":{"heading":"","brand_image":"shopify:\/\/shop_images\/Elegance_597330f7-9c8c-4aca-a47b-43b31d3335cc.png","brand_image_width":165,"subtext":"<p>At Elegance theme, we believe in offering more than just products — we provide a lifestyle. Our journey began with a passion for quality craftsmanship and unique designs,....<\/p>"}},"link_list_ERMkbY":{"type":"link_list","settings":{"heading":"Our Store","menu":"our-store"}},"link_list_eYWtNr":{"type":"link_list","settings":{"heading":"Information","menu":"information"}},"link_list_ctHwV8":{"type":"link_list","settings":{"heading":"Support","menu":"support"}},"email_k3f6rd":{"type":"Email","settings":{"newsletter_heading":"Our Newsletter","show_social":true}}},"block_order":["text_6JkGXg","link_list_ERMkbY","link_list_eYWtNr","link_list_ctHwV8","email_k3f6rd"],"settings":{"section_width":false,"color_scheme":"","enable_country_selector":true,"enable_country_name":true,"enable_language_selector":true,"enable_follow_on_shop":true,"show_powered_by":true,"copyright_text":"All rights reserved","show_policy":true,"payment_enable":true,"padding_top":40,"padding_bottom":40}}},"order":["footer"]}