{"name":"t:sections.header.name","type":"header","sections":{"announcement_bar":{"type":"announcement-bar","settings":{"color_scheme":"scheme-1","text":"<p>We Know You Love Free Shipping. Get Free Shipping Above $100<\/p><p><\/p>"}},"header":{"type":"header","settings":{"sticky_header":true,"section_width":false,"color_scheme":"scheme-2","logo_image":"shopify:\/\/shop_images\/Elegance.png","logo_width":125,"transparent_header":true,"transparent_header_text_color":"#ffffff","transparent_logo_image":"shopify:\/\/shop_images\/Elegance_transparent.png","menu":"main-menu","menu_position":"middle-center","menu_type_desktop":"mega","collection_featured_image":true,"enable_country_selector":true,"enable_country_name":true,"enable_language_selector":true,"padding_top":10,"padding_bottom":10,"logo_width_mobile":150}},"marquee":{"type":"marquee","blocks":{"scrolling_text_DBJHVL":{"type":"scrolling_text","settings":{"text":"Top & tees up to 40% off","link":"shopify:\/\/collections"}},"scrolling_text_jrCPTm":{"type":"scrolling_text","settings":{"text":"Top & tees up to 40% off","link":""}},"scrolling_text_JBePPB":{"type":"scrolling_text","settings":{"text":"Top & tees up to 40% off","link":""}},"scrolling_text_mUEYwz":{"type":"scrolling_text","settings":{"text":"Top & tees up to 40% off","link":""}}},"block_order":["scrolling_text_DBJHVL","scrolling_text_jrCPTm","scrolling_text_JBePPB","scrolling_text_mUEYwz"],"disabled":true,"settings":{"color_scheme":"scheme-2","full_width":true,"keep_scrolling_effect":false,"show_border":true,"horizontal_flip":false,"left_to_right":false,"scrolling_speed":"0.75","padding_top":16,"padding_bottom":16}}},"order":["announcement_bar","header","marquee"]}