{"sections":{"main":{"type":"main-article","blocks":{"featured_image":{"type":"featured_image","settings":{"full_width":true,"show_radius":false,"image_height":"medium"}},"content":{"type":"content","settings":{"full_width":false,"blog_show_date":true,"blog_show_author":true,"share_icon":true}}},"block_order":["featured_image","content"],"settings":{"use_page_background":true,"color_scheme":"scheme-2","padding_top":0,"padding_bottom":100}},"featured_blog_pxy6zW":{"type":"featured-blog","name":"t:sections.featured-blog.presets.name","settings":{"color_scheme":"","use_page_background":false,"full_width":true,"show_wavy_border":false,"wavy_border_type":"both","heading":"Blog posts","heading_size":"h2","sub_heading":"","alignment":"center","post_limit":5,"post_per_row":3,"show_view_all":true,"enable_slider":true,"color_scheme_blog":"","blog":"featured","image_ratio":"portrait","show_tag":true,"show_date":true,"show_author":true,"show_hover_animation":true,"padding_top":100,"padding_bottom":100}}},"order":["main","featured_blog_pxy6zW"]}