{"sections":{"banner":{"type":"main-collection-banner","settings":{"color_scheme":"scheme-2","expanded_width":false,"use_page_background":false,"show_border":true,"border_type":"dashed","show_wavy_border":false,"wavy_border_type":"both","show_collection_image":true,"image":"{{ collection.metafields.custom.banner_image.value }}","style":"image-top","image_ratio":"original","media_fit":"contain","show_image_border":true,"alignment":"center","show_background_color":true,"show_content_border":true,"show_collection_description":true,"padding_top":50,"padding_bottom":50}},"category_list_eVRjm6":{"type":"category-list","blocks":{"featured_category_Lffdy7":{"type":"featured_category","settings":{"color_scheme_block":"","container_size_desk":"25","container_size_mbl":"50","image":"shopify:\/\/shop_images\/3003258f22adffb6c4fceff07ca8f53f34d08258.png","title":"Snacks","link":"shopify:\/\/collections\/snacks"}},"featured_category_4A8kCk":{"type":"featured_category","settings":{"color_scheme_block":"","container_size_desk":"25","container_size_mbl":"50","image":"shopify:\/\/shop_images\/393d4dd9103acd8c3427347b2083008aaa64e16b.png","title":"Bars","link":"shopify:\/\/collections\/bars"}},"featured_category_Q64rVD":{"type":"featured_category","settings":{"color_scheme_block":"","container_size_desk":"25","container_size_mbl":"50","image":"shopify:\/\/shop_images\/76431ef6be31cd5b442f170c9c0218d4a479d0f7.png","title":"Health","link":"shopify:\/\/collections\/health"}},"featured_category_edqXfp":{"type":"featured_category","settings":{"color_scheme_block":"","container_size_desk":"25","container_size_mbl":"50","image":"shopify:\/\/shop_images\/cda24cf6e5784380d696d8b467fe1a0d9d3268f2.png","title":"Drinks","link":"shopify:\/\/collections\/drinks"}}},"block_order":["featured_category_Lffdy7","featured_category_4A8kCk","featured_category_Q64rVD","featured_category_edqXfp"],"name":"t:sections.category-list.presets.name","settings":{"color_scheme":"scheme-2","full_width":false,"use_page_background":false,"show_wavy_border":false,"wavy_border_type":"both","title":"","heading_size":"h2","description":"","heading_alignment":"center","title_size":"h5","category_img_style":"left","category_bg_opacity":0.1,"block_height":"medium","show_box_shadow":true,"show_bg_color":true,"padding_top":0,"padding_bottom":50}},"product-grid":{"type":"main-collection-product-grid","settings":{"color_scheme":"scheme-2","use_page_background":true,"expanded_width":false,"show_wavy_border":false,"wavy_border_type":"both","image_ratio":"portrait","products_per_page":11,"products_per_row":3,"infinite_scroll":false,"show_secondary_image":true,"show_vendor":false,"enable_quick_add":true,"show_rating":true,"grid_text_alignment":"center","enable_filtering":true,"color_filter":true,"enable_sorting":true,"box_shadow":true,"products_per_row_mobile":"1","padding_top":50,"padding_bottom":100}},"quick_purchase_NDeE63":{"type":"quick-purchase","blocks":{"product_h6NrqQ":{"type":"product","settings":{"product":""}},"product_yMQMdp":{"type":"product","settings":{"product":""}},"product_jAKXyh":{"type":"product","settings":{"product":""}}},"block_order":["product_h6NrqQ","product_yMQMdp","product_jAKXyh"],"name":"t:sections.quick-purchase.presets.name","settings":{"color_scheme":"","use_page_background":true,"expanded_width":false,"show_wavy_border":false,"wavy_border_type":"both","title":"Quick purchase","heading_size":"h2","sub_heading":"Instantly browse and buy your favorite products with just one click.","alignment":"center","quick_purchase_style":"style_1","quick_purchse_scheme":"","quick_purchase_title":"Click to purchase","quick_purchase_title_size":"h2","search_product_shadow":true,"padding_top":50,"padding_bottom":50}},"quick_reels_fFXPtY":{"type":"quick-reels","blocks":{"video_reel_dXGmnG":{"type":"video_reel","settings":{"color_scheme":"","title":"Reel title","link":"","video_type":"url","video_url":"https:\/\/www.youtube.com\/watch?v=_9VUPq3SxOc","video_alt_text":"","enable_video_autoplay":false,"show_controls":true}},"video_reel_h4deXq":{"type":"video_reel","settings":{"color_scheme":"","title":"Reel title","link":"","video_type":"url","video_url":"https:\/\/www.youtube.com\/watch?v=_9VUPq3SxOc","video_alt_text":"","enable_video_autoplay":false,"show_controls":true}},"video_reel_FHd9Ma":{"type":"video_reel","settings":{"color_scheme":"","title":"Reel title","link":"","video_type":"url","video_url":"https:\/\/www.youtube.com\/watch?v=_9VUPq3SxOc","video_alt_text":"","enable_video_autoplay":false,"show_controls":true}},"video_reel_XTCQT4":{"type":"video_reel","settings":{"color_scheme":"","title":"Reel title","link":"","video_type":"url","video_url":"https:\/\/www.youtube.com\/watch?v=_9VUPq3SxOc","video_alt_text":"","enable_video_autoplay":false,"show_controls":true}}},"block_order":["video_reel_dXGmnG","video_reel_h4deXq","video_reel_FHd9Ma","video_reel_XTCQT4"],"name":"t:sections.quick-reels.presets.name","settings":{"color_scheme":"","expanded_width":false,"use_page_background":false,"show_wavy_border":true,"wavy_border_type":"both","heading":"Quick Reels","heading_size":"h2","subheading":"","alignment":"center","desktop_video_ratio":"portrait","mobile_video_ratio":"portrait","show_box_shadow":false,"slider_type":"manual","videos_per_row":4,"videos_per_row_mobile":"1","marquee_speed":3,"card_width":350,"mobile_card_width":250,"padding_top":100,"padding_bottom":100}}},"order":["banner","category_list_eVRjm6","product-grid","quick_purchase_NDeE63","quick_reels_fFXPtY"]}