{"sections":{"main":{"type":"main-page","disabled":true,"settings":{"color_scheme":"","padding_top":100,"padding_bottom":100}},"faq_4CP7z7":{"type":"faq","blocks":{"faq_MQ7EgU":{"type":"faq","settings":{"heading":"Are there any artificial additives?","description":"<p>100 %. Real fruit crush in drinks, real Ghana cocoa + jaggery in bars, real chicken in nuggets. No artificial colors, no fake flavors, no refined sugar where we say “zero”. Check the ingredients – we list everything.<\/p>"}},"faq_WDNAdB":{"type":"faq","settings":{"heading":"How fast do you really deliver?","description":"<p>10–20 minutes in most cities. Yes, seriously. We have dark stores within 2–3 km of you so your Chocolate Crunch or Blackberry Blaze reaches you while it’s still ice-cold.<\/p>"}},"faq_Vzjd9P":{"type":"faq","settings":{"heading":"Are the products vegetarian \/ non-vegetarian?","description":"<p>Drinks & bars – 100 % vegetarian. Nuggets & ramen clearly marked Veg \/ Non-Veg. Protein Oats are vegetarian (whey + plant protein).<\/p>"}},"faq_873xUR":{"type":"faq","settings":{"heading":"Can I order at 2 AM?","description":"<p>Yes! We’re open 8 AM – 4 AM in most cities. Perfect for late-night cravings, study sessions, or post-party munchies.<\/p>"}},"faq_bHCRYe":{"type":"faq","settings":{"heading":"I’m allergic to nuts\/dairy – is it safe?","description":"<p>Every product page shows allergen info. Most drinks are nut-free & dairy-free. Chocolate Crunch contains milk solids. Always check the “Allergen” tag or chat with us before ordering – we reply in seconds.<br\/><\/p><p><\/p>"}}},"block_order":["faq_MQ7EgU","faq_WDNAdB","faq_Vzjd9P","faq_873xUR","faq_bHCRYe"],"settings":{"color_scheme":"scheme-2","use_page_background":false,"expanded_width":false,"show_box_shadow":true,"show_wavy_border":false,"wavy_border_type":"both","title":"Got Questions?","heading_size":"h2","sub_heading":"Everything you need to know before your first (or 50th) Flavory order","alignment":"center","button_label":"Contact Us","button_link":"shopify:\/\/pages\/contact","button_style":"primary","show_background_shape":true,"background_shape_color":"#e5d6ff","padding_top":76,"padding_bottom":100}},"logo_list_bFUmNM":{"type":"logo-list","blocks":{"logo_xDpGTb":{"type":"logo","settings":{"image":"shopify:\/\/shop_images\/Frame_59279_1e05bf68-042b-434d-b62e-d1a4e9c9092d.png","link":""}},"logo_RF39KA":{"type":"logo","settings":{"image":"shopify:\/\/shop_images\/Frame_1707485173_1.png","link":""}},"logo_7bfQeP":{"type":"logo","settings":{"image":"shopify:\/\/shop_images\/Frame_1707485174_1.png","link":""}},"logo_nRR6i3":{"type":"logo","settings":{"image":"shopify:\/\/shop_images\/Frame_1707485175.png","link":""}},"logo_dxCL9q":{"type":"logo","settings":{"image":"shopify:\/\/shop_images\/Frame_1707485176.png","link":""}}},"block_order":["logo_xDpGTb","logo_RF39KA","logo_7bfQeP","logo_nRR6i3","logo_dxCL9q"],"settings":{"color_scheme":"scheme-2","use_page_background":false,"full_width":true,"show_wavy_border":false,"wavy_border_type":"both","title":"Our Trusted Brands","heading_size":"h2","sub_heading":"","alignment":"center","logo_width":70,"image_ratio":"original","show_box_border":true,"show_box_shadow":true,"slider_type":"auto","logo_per_row":4,"logo_per_row_mobile":"1","marquee_speed":1,"card_width":200,"mobile_card_width":150,"padding_top":100,"padding_bottom":100}}},"order":["main","faq_4CP7z7","logo_list_bFUmNM"]}