{"sections":{"main":{"type":"main-page","disabled":true,"settings":{"color_scheme":"","padding_top":100,"padding_bottom":100}},"rich_text_RJGJqF":{"type":"rich-text","blocks":{"heading_4gYrnQ":{"type":"heading","settings":{"subheading":"","heading":"Features","heading_size":"h0"}},"text_CWarVn":{"type":"text","settings":{"text":"Discover our unique flavor features that set us apart from other themes. Explore the diverse options we offer for a distinctive online experience."}}},"block_order":["heading_4gYrnQ","text_CWarVn"],"name":"t:sections.rich-text.presets.name","settings":{"expanded_width":true,"use_page_background":true,"color_scheme":"","alignment":"center","padding_top":100,"padding_bottom":100}},"image_with_text_6c488T":{"type":"image-with-text","blocks":{"heading_DW7FR8":{"type":"heading","settings":{"subheading":"","heading":"Vertical Slideshow","heading_size":"h2"}},"text_4q9C3V":{"type":"text","settings":{"text":"<p>The <strong>Vertical Slideshow<\/strong> is a unique, modern hero section featuring a fixed logo (image or animated jumbo text) on the left\/top, with vertically scrolling full-width slides on the right\/bottom. It’s perfect for bold brand intros, product launches, or storytelling on the homepage. Up to 5 slides, each with optional borders, overlays, text, and buttons.<\/p>"}},"button_ypLYyG":{"type":"button","disabled":true,"settings":{"button_color_scheme":"","button_label":"Button label","button_link":"","button_style":"primary"}}},"block_order":["heading_DW7FR8","text_4q9C3V","button_ypLYyG"],"name":"t:sections.image-with-text.presets.name","settings":{"color_scheme":"","use_page_background":false,"full_width":true,"show_wavy_border":true,"wavy_border_type":"both","image":"shopify:\/\/shop_images\/Screenshot_2025-12-23_at_2.59.26_PM.png","height":"original","image_position_right":false,"desktop_content_position":"middle","desktop_content_alignment":"left","mobile_content_alignment":"center","padding_top":100,"padding_bottom":100}},"image_with_text_hPymjK":{"type":"image-with-text","blocks":{"heading_h6FzHm":{"type":"heading","settings":{"subheading":"","heading":"Scrolling Image with Rich Text","heading_size":"h2"}},"text_E4ApAw":{"type":"text","settings":{"text":"<p>The <strong>Scrolling Image with Rich Text<\/strong> section combines centered rich text (subheading, heading, description, and buttons) with floating, positioned images that appear to \"scroll\" behind the text as the user moves down the page. Up to 15 images can be added and precisely positioned for a dynamic, layered visual effect—perfect for storytelling, brand messages, or creative hero sections.<\/p>"}},"button_w73jdB":{"type":"button","disabled":true,"settings":{"button_color_scheme":"","button_label":"Button label","button_link":"","button_style":"primary"}}},"block_order":["heading_h6FzHm","text_E4ApAw","button_w73jdB"],"name":"t:sections.image-with-text.presets.name","settings":{"color_scheme":"","use_page_background":false,"full_width":true,"show_wavy_border":true,"wavy_border_type":"both","image":"shopify:\/\/shop_images\/Screenshot_2025-12-23_at_3.01.46_PM.png","height":"original","image_position_right":true,"desktop_content_position":"middle","desktop_content_alignment":"left","mobile_content_alignment":"center","padding_top":100,"padding_bottom":100}},"image_with_text_j67KBX":{"type":"image-with-text","blocks":{"heading_NfMftw":{"type":"heading","settings":{"subheading":"","heading":"Product Bundle","heading_size":"h2"}},"text_Ly4HNr":{"type":"text","settings":{"text":"<p>Add description here to highlight your selected product, collection, or blog post. Also, include information about its availability, style, and consider offering a review.<\/p>"}},"button_aCWLYj":{"type":"button","disabled":true,"settings":{"button_color_scheme":"","button_label":"Button label","button_link":"","button_style":"primary"}}},"block_order":["heading_NfMftw","text_Ly4HNr","button_aCWLYj"],"name":"t:sections.image-with-text.presets.name","settings":{"color_scheme":"","use_page_background":false,"full_width":true,"show_wavy_border":true,"wavy_border_type":"both","image":"shopify:\/\/shop_images\/Screenshot_2025-12-23_at_3.30.49_PM.png","height":"original","image_position_right":false,"desktop_content_position":"middle","desktop_content_alignment":"left","mobile_content_alignment":"center","padding_top":100,"padding_bottom":100}},"image_with_text_gQLN9x":{"type":"image-with-text","blocks":{"heading_pG48Yq":{"type":"heading","settings":{"subheading":"","heading":"Quick Reels","heading_size":"h2"}},"text_mbwTaL":{"type":"text","settings":{"text":"<p>The <strong>Quick Reels<\/strong> section displays short videos (YouTube, Vimeo, or uploaded) in an auto-scrolling marquee or manual swipeable slider. Great for engaging content like product demos, unboxings, or customer testimonials.<\/p>"}},"button_ppQ4t4":{"type":"button","disabled":true,"settings":{"button_color_scheme":"","button_label":"Button label","button_link":"","button_style":"primary"}}},"block_order":["heading_pG48Yq","text_mbwTaL","button_ppQ4t4"],"name":"t:sections.image-with-text.presets.name","settings":{"color_scheme":"","use_page_background":false,"full_width":true,"show_wavy_border":true,"wavy_border_type":"both","image":"shopify:\/\/shop_images\/Screenshot_2025-12-23_at_3.12.49_PM.png","height":"original","image_position_right":true,"desktop_content_position":"middle","desktop_content_alignment":"left","mobile_content_alignment":"center","padding_top":100,"padding_bottom":100}},"image_with_text_NBKPyP":{"type":"image-with-text","blocks":{"heading_xAaEyT":{"type":"heading","settings":{"subheading":"","heading":"<strong>Quick Purchase<\/strong>","heading_size":"h2"}},"text_DzTB77":{"type":"text","settings":{"text":"<p>The <strong>Quick Purchase<\/strong> section shows products in a scrolling marquee or detailed view for instant buying. Style 1: Simple scrolling list; Style 2: Click to reveal full card. Encourages impulse buys.<\/p>"}},"button_H6NXqz":{"type":"button","disabled":true,"settings":{"button_color_scheme":"","button_label":"Button label","button_link":"","button_style":"primary"}}},"block_order":["heading_xAaEyT","text_DzTB77","button_H6NXqz"],"name":"t:sections.image-with-text.presets.name","settings":{"color_scheme":"","use_page_background":false,"full_width":true,"show_wavy_border":true,"wavy_border_type":"both","image":"shopify:\/\/shop_images\/Screenshot_2025-12-23_at_3.15.44_PM_1.png","height":"original","image_position_right":false,"desktop_content_position":"middle","desktop_content_alignment":"left","mobile_content_alignment":"center","padding_top":100,"padding_bottom":100}},"image_with_text_3L3eLY":{"type":"image-with-text","blocks":{"heading_f4yFUR":{"type":"heading","settings":{"subheading":"","heading":"Image with Highlight","heading_size":"h2"}},"text_7rbzQb":{"type":"text","settings":{"text":"<p>The <strong>Image with Highlight<\/strong> section features a central image with up to 4 floating highlight cards (text + button) positioned around it. Desktop: Overlapping layout; Mobile: Stacked. Great for \"From Bean to Bar\" style storytelling.<\/p>"}},"button_JwzXBh":{"type":"button","disabled":true,"settings":{"button_color_scheme":"","button_label":"Button label","button_link":"","button_style":"primary"}}},"block_order":["heading_f4yFUR","text_7rbzQb","button_JwzXBh"],"name":"t:sections.image-with-text.presets.name","settings":{"color_scheme":"","use_page_background":false,"full_width":true,"show_wavy_border":true,"wavy_border_type":"both","image":"shopify:\/\/shop_images\/Screenshot_2025-12-23_at_3.23.15_PM.png","height":"original","image_position_right":true,"desktop_content_position":"middle","desktop_content_alignment":"left","mobile_content_alignment":"center","padding_top":100,"padding_bottom":100}}},"order":["main","rich_text_RJGJqF","image_with_text_6c488T","image_with_text_hPymjK","image_with_text_j67KBX","image_with_text_gQLN9x","image_with_text_NBKPyP","image_with_text_3L3eLY"]}