{"name":"t:sections.footer.name","type":"footer","sections":{"footer":{"type":"footer","blocks":{"text_XmX3h3":{"type":"text","settings":{"heading":"Our mission","content_image_width":100,"subtext":"<p>Indulge in naturally sweetened healthy snacks that satisfy your cravings guilt-free. Made with wholesome ingredients for optimal flavor.<\/p>"}},"link_list_eypLKN":{"type":"link_list","settings":{"heading":"Our Store","menu":"footer"}},"footer-0":{"type":"link_list","settings":{"heading":"Information","menu":"footer"}},"footer-1":{"type":"link_list","settings":{"heading":"Support","menu":"footer"}}},"block_order":["text_XmX3h3","link_list_eypLKN","footer-0","footer-1"],"settings":{"color_scheme":"scheme-7","use_page_background":false,"expanded_width":false,"show_footer_logo":true,"show_newsletter":true,"newsletter_color_scheme":"scheme-2","heading":"Newsletter and Updates","text":"<p>Get exclusive deals, new arrivals, and tasty inspiration straight to your inbox!<\/p>","show_social":true,"social_text":"Follow Us","copyright_text":"","show_powered_by":true,"show_policy":true,"enable_follow_on_shop":true,"enable_language_selector":true,"enable_country_selector":true,"enable_country_name":true,"show_payment_icons":true,"use_accordion":true,"padding_top":100,"padding_bottom":100}}},"order":["footer"]}