{"sections":{"slideshow":{"type":"slideshow","blocks":{"slide1":{"type":"slide","settings":{"image_overlay_opacity":0,"subheading":"Stay Warm, Ride Hard","heading":"Winter Adventure Awaits","description":"<p>Shop Winter Sports Gear and Stay Active Outdoors<\/p>","heading_size":38,"button_label":"Explore now","link":"","button_style":"primary","button_label_second":"Shop now","link_second":"","button_style_second":"secondary","box_align":"middle-left","show_text_box":false,"background_opacity":100,"color_scheme":"secondary","content_width":70,"text_alignment":"left","content_color":"#28282a","text_alignment_mobile":"center","heading_size_mobile":28}},"slide2":{"type":"slide","settings":{"image_overlay_opacity":0,"subheading":"Explore the Snowscape","heading":"Fashion Meets Function","description":"<p>Bundle Up in Style with Our Selection of Winter Clothing and Accessories<\/p>","heading_size":38,"button_label":"Shop now","link":"","button_style":"primary","button_label_second":"Explore now","link_second":"","button_style_second":"secondary","box_align":"middle-left","show_text_box":false,"background_opacity":100,"color_scheme":"secondary","content_width":70,"text_alignment":"left","content_color":"#28282a","text_alignment_mobile":"center","heading_size_mobile":28}}},"block_order":["slide1","slide2"],"settings":{"full_width":true,"transparent_header":true,"slide_height":"large","auto_rotate":false,"change_slides_speed":3,"slide_height_mobile":"medium","show_text_below":true}},"countdown_timer":{"type":"countdown-timer","blocks":{"content":{"type":"content","settings":{"heading":"Winter Wonderland Sale","text":"<p>Gear up for the season with our limited-time offers!<\/p>","heading_size":"h3"}},"timer":{"type":"timer","settings":{"enable_timer":true,"year":"2026","month":"01","day":"1","hour":"00","minute":"00","hide_timer":false,"text":""}},"button":{"type":"button","settings":{"button":"Shop now","button_link":"","button_style":"primary"}}},"block_order":["content","timer","button"],"settings":{"full_width":true,"reduce_margins":true,"color_scheme":"secondary"}},"collection_list":{"type":"collection-list","blocks":{"collection1":{"type":"featured_collection","settings":{"collection":"","custom_title":"","custom_link":""}},"collection2":{"type":"featured_collection","settings":{"collection":"","custom_title":"","custom_link":""}},"collection3":{"type":"featured_collection","settings":{"collection":"","custom_title":"","custom_link":""}}},"block_order":["collection1","collection2","collection3"],"settings":{"full_width":false,"columns_desktop":3,"columns_mobile":"1","swipe_on_mobile":true,"enable_mobile_autorotate":false,"change_mobile_slides_speed":5,"subheading":"","title":"Shop By Category","heading_size":"h3","heading_alignment":"center","color_scheme":"secondary","collection_style":"standard","image_ratio":"adapt","enable_badge":true,"text_alignment":"center","show_view_all":false,"show_view_all_link":""}},"featured_collection":{"type":"featured-collection","settings":{"full_width":false,"products_to_show":6,"columns_desktop":4,"enable_desktop_slider":true,"enable_desktop_autorotate":true,"change_desktop_slides_speed":5,"columns_mobile":"2","swipe_on_mobile":true,"enable_mobile_autorotate":true,"change_mobile_slides_speed":5,"subheading":"","title":"Our products","heading_size":"h3","description":"","show_description":false,"heading_alignment":"center","collection":"","show_view_all":false,"show_view_all_link":"","grid_style":"standard","color_scheme":"secondary","image_ratio":"adapt","show_color_swatch":true,"show_secondary_image":true,"enable_quick_add":true}},"auto-scrolling-text":{"type":"auto-scrolling-text","blocks":{"scrolling_text1":{"type":"scrolling_text","settings":{"text":"🏷️ End of the season sale","title_size":"h2","link":""}},"scrolling_text2":{"type":"scrolling_text","settings":{"text":"🏷️ End of the season sale","title_size":"h2","link":""}},"scrolling_text3":{"type":"scrolling_text","settings":{"text":"🏷️ End of the season sale","title_size":"h2","link":""}}},"block_order":["scrolling_text1","scrolling_text2","scrolling_text3"],"settings":{"full_width":true,"enable_scroll":true,"scrolling_speed":2}},"column-grid":{"type":"column-grid","blocks":{"column1":{"type":"column","settings":{"title":"Snow glasses","heading_size":"h6","text":"","link_label":"","link":""}},"column2":{"type":"column","settings":{"title":"Clothes","heading_size":"h6","text":"","link_label":"","link":""}},"column3":{"type":"column","settings":{"title":"Helmets","heading_size":"h6","text":"","link_label":"","link":""}},"column4":{"type":"column","settings":{"title":"Snowshoes","heading_size":"h6","text":"","link_label":"","link":""}},"column5":{"type":"column","settings":{"title":"Snowboards","heading_size":"h6","text":"","link_label":"","link":""}},"column6":{"type":"column","settings":{"title":"Skis","heading_size":"h6","text":"","link_label":"","link":""}}},"block_order":["column1","column2","column3","column4","column5","column6"],"settings":{"full_width":true,"columns_desktop":6,"color_scheme":"secondary","columns_mobile":"2","swipe_on_mobile":true,"enable_mobile_autorotate":false,"change_mobile_slides_speed":5,"subheading":"","title":"I’m looking for..","heading_size":"h3","heading_alignment":"center","column_with_background":true,"color_scheme_secondary":"gray","show_image":true,"image_width":"half","image_ratio":"square","column_alignment":"center"}},"image_with_text":{"type":"image-with-text","blocks":{"heading":{"type":"heading","settings":{"subheading":"Be Winter Ready!","heading":"Apparel & Accessories","heading_size":"h3"}},"text":{"type":"text","settings":{"text":"<p>Our carefully curated collection features high-quality gloves, hats, scarves, goggles, jackets, and more, designed to withstand the harshest winter conditions while enhancing your performance.<\/p>"}},"button":{"type":"button","settings":{"button_label":"Shop Now","button_link":"","button_style":"primary"}}},"block_order":["heading","text","button"],"settings":{"full_width":false,"height":"adapt","desktop_image_width":"medium","layout":"image_first","desktop_content_position":"middle","desktop_content_alignment":"left","content_layout":"no-overlap","color_scheme":"secondary","mobile_content_alignment":"left"}},"product_shop_the_look":{"type":"product-shop-the-look","blocks":{"product1":{"type":"product","settings":{"product":"","horizontal_position":40,"vertical_position":35,"horizontal_position_mobile":44,"vertical_position_mobile":23}},"product2":{"type":"product","settings":{"product":"","horizontal_position":70,"vertical_position":80,"horizontal_position_mobile":67,"vertical_position_mobile":88}},"product3":{"type":"product","settings":{"product":"","horizontal_position":19,"vertical_position":40,"horizontal_position_mobile":18,"vertical_position_mobile":30}}},"block_order":["product1","product2","product3"],"settings":{"full_width":true,"color_scheme":"secondary","subheading":"","title":"Shop the look","heading_size":"h3","heading_alignment":"center","image_overlay_opacity":0,"image_placement":"left","image_height":"medium","color_scheme_products":"secondary","image_ratio":"adapt","show_color_swatch":false,"show_secondary_image":false,"enable_quick_add":false}},"image_banner":{"type":"image-banner","blocks":{"banner1":{"type":"banner","settings":{"image_overlay_opacity":0,"subheading":"Flash Deals","heading":"Snow safety gears","heading_size":"h3","description":"","primary_button_label":"View all","primary_button_link":"","primary_button_style":"primary","secondary_button_label":"","secondary_button_link":"","secondary_button_style":"secondary","content_position":"middle-center","content_alignment":"center","show_text_box":true,"background_opacity":100,"color_scheme":"secondary","content_color":"#28282a","mobile_content_alignment":"center","show_text_below":true}},"banner2":{"type":"banner","settings":{"image_overlay_opacity":0,"subheading":"Flash Deals","heading":"Never stop exploring","heading_size":"h3","description":"","primary_button_label":"View all","primary_button_link":"","primary_button_style":"primary","secondary_button_label":"","secondary_button_link":"","secondary_button_style":"secondary","content_position":"bottom-center","content_alignment":"center","show_text_box":false,"background_opacity":100,"color_scheme":"secondary","content_color":"#28282a","mobile_content_alignment":"center","show_text_below":true}}},"block_order":["banner1","banner2"],"settings":{"full_width":false,"image_height":"large"}},"customer_reviews":{"type":"customer-reviews","blocks":{"review1":{"type":"review","settings":{"title":"Amazing experience!","review_star":"5","description":"<p>I 100% recommend they have affordable everything on their website. Have purchased 3x and every order after gets bigger & bigger.<\/p>","author":"William I"}},"review2":{"type":"review","settings":{"title":"Great for me","review_star":"5","description":"<p>High-quality products, great deals, prompt service. I like how you always stay in contact. I was kept abreast of each step of the process.<\/p>","author":"Andrew D"}},"review3":{"type":"review","settings":{"title":"Great experience","review_star":"5","description":"<p>Great customer service! They are always welcoming. The payment was easy with different options.<\/p>","author":"Efren F"}},"review4":{"type":"review","settings":{"title":"Fast shipping","review_star":"5","description":"<p>I just opened the box and they are outstanding! It was just what I hoped for and expected. Thank you.<\/p>","author":"Rob P"}}},"block_order":["review1","review2","review3","review4"],"settings":{"full_width":false,"reviews_per_row":3,"color_scheme":"secondary","enable_desktop_slider":true,"enable_desktop_autorotate":false,"change_desktop_slides_speed":5,"swipe_on_mobile":true,"enable_mobile_autorotate":false,"change_mobile_slides_speed":5,"subheading":"","title":"Customer Reviews","heading_size":"h3","heading_alignment":"center","title_size":"h4","content_alignment":"left","color_scheme_secondary":"secondary"}},"slideshow1":{"type":"slideshow","blocks":{"video":{"type":"video","settings":{"subheading":"Embrace Cold, Shred Bold","heading":"Winter Thrills Ahead","description":"<p>Explore Gear for Snowy Fun<\/p>","heading_size":38,"button_label":"View all","link":"","button_style":"primary","button_label_second":"","link_second":"","button_style_second":"secondary","box_align":"middle-left","show_text_box":true,"background_opacity":100,"color_scheme":"secondary","content_width":70,"text_alignment":"left","text_alignment_mobile":"center","heading_size_mobile":28}}},"block_order":["video"],"settings":{"full_width":true,"transparent_header":false,"slide_height":"medium","auto_rotate":false,"change_slides_speed":3,"slide_height_mobile":"medium","show_text_below":true}},"featured_product":{"type":"featured-product","blocks":{"vendor":{"type":"vendor-sku","settings":{}},"title":{"type":"title","settings":{"heading_size":"h3"}},"offer":{"type":"offer","settings":{"color_scheme":"primary","heading":"Super Deals","offer_info":"<p>Ends: Jul 9, 11:59 PM PT<\/p>"}},"price":{"type":"price","settings":{}},"divider":{"type":"divider","settings":{}},"inventory":{"type":"inventory","settings":{"inventory_threshold":8,"low_inventory_notice":"Hurry, limited stock available! Only ||count|| left in stock.","available_message":"Ready for prompt delivery! Only ||count|| left in stock."}},"variant_picker":{"type":"variant_picker","settings":{"picker_type":"button"}},"quantity_selector":{"type":"quantity_selector","settings":{"enable_share":true}},"buy_buttons":{"type":"buy_buttons","settings":{"show_dynamic_checkout":true,"show_gift_card_recipient":false}}},"block_order":["vendor","title","offer","price","divider","inventory","variant_picker","quantity_selector","buy_buttons"],"settings":{"full_width":false,"color_scheme":"secondary","product":"","layout_style":"standard","media_fit":"contain","gallery_layout":"hide_variants","thumbnail_slider":false,"image_zoom":false,"mobile_thumbnails":false,"enable_video_looping":true}},"featured_blog":{"type":"featured-blog","settings":{"full_width":false,"post_limit":3,"blogs_per_row":3,"color_scheme_outer":"secondary","subheading":"","title":"Blog posts","heading_size":"h3","heading_alignment":"center","blog":"","color_scheme":"secondary","show_image":true,"image_height":"medium","show_date":true,"show_author":false,"text_alignment":"center","show_view_all":false,"show_view_all_link":""}},"column-grid1":{"type":"column-grid","blocks":{"column-1":{"type":"column","settings":{"title":"Free Shipping","heading_size":"h5","text":"<p>Get free shipping on orders of $100 or more<\/p>","link_label":"","link":""}},"column-2":{"type":"column","settings":{"title":"Customer service","heading_size":"h5","text":"<p>Please contact us at 123-456-7890<\/p>","link_label":"","link":""}},"column-3":{"type":"column","settings":{"title":"Refer a friend","heading_size":"h5","text":"<p>Refer a friend and get 15% off each other<\/p>","link_label":"","link":""}},"column-4":{"type":"column","settings":{"title":"Secure payment","heading_size":"h5","text":"<p>Your payment info is processed securely<\/p>","link_label":"","link":""}}},"block_order":["column-1","column-2","column-3","column-4"],"settings":{"full_width":false,"columns_desktop":4,"color_scheme":"secondary","columns_mobile":"2","swipe_on_mobile":false,"enable_mobile_autorotate":false,"change_mobile_slides_speed":5,"subheading":"","title":"","heading_size":"h3","heading_alignment":"center","column_with_background":false,"color_scheme_secondary":"gray","show_image":true,"image_width":"third","image_ratio":"adapt","column_alignment":"center"}}},"order":["slideshow","countdown_timer","collection_list","featured_collection","auto-scrolling-text","column-grid","image_with_text","product_shop_the_look","image_banner","customer_reviews","slideshow1","featured_product","featured_blog","column-grid1"]}