{"sections":{"main":{"type":"main-page","disabled":true,"settings":{"full_width":false,"heading_size":"h2","heading_alignment":"center"}},"rich-text":{"type":"rich-text","blocks":{"heading":{"type":"heading","settings":{"subheading":"","heading":"Frequently Asked Questions (FAQ's)","heading_size":"h3"}},"text":{"type":"text","settings":{"text":"<p>Got questions about snowboarding? We've got you covered. Check out our FAQ's section for answers to common queries. Whether you're a first-time rider or a seasoned snowboarder, you'll find information on topics like equipment selection, safety tips, riding techniques, and more. Our goal is to provide you with the knowledge you need to make the most of your snowboarding experience. If your question isn't covered here, feel free to reach out to our customer support team for personalized assistance. Get ready to hit the slopes with confidence!<\/p>"}}},"block_order":["heading","text"],"settings":{"full_width":false,"content_alignment":"center","color_scheme":"secondary"}},"collapsible-panel":{"type":"collapsible-panel","blocks":{"collapsible_row1":{"type":"collapsible_row","settings":{"heading":"Essential hiking equipment for snow mountain treks.","row_content":"<p>Essential snow mountain hiking equipment includes crampons, ice axes, waterproof boots, insulated clothing, and a sturdy backpack.<\/p>","page":""}},"collapsible_row2":{"type":"collapsible_row","settings":{"heading":"Are waterproof boots necessary for snow mountain hiking?","row_content":"<p>Yes, waterproof boots are crucial for snow mountain hikes as they provide insulation and protect against cold, wet conditions, ensuring comfort and safety.<\/p>","page":""}},"collapsible_row3":{"type":"collapsible_row","settings":{"heading":"What type of clothing is suitable for snow mountain hiking?","row_content":"<p>Layered clothing is recommended for snow mountain hiking. Opt for moisture-wicking base layers, insulating mid-layers, and a waterproof outer shell to stay warm and dry.<\/p>","page":""}},"collapsible_row4":{"type":"collapsible_row","settings":{"heading":"How do I choose the right backpack for snow mountain hiking?","row_content":"<p>When selecting a backpack, consider its capacity, weight distribution, and comfort. Look for features like adjustable straps, padded back panels, and external attachment points for gear.<\/p>","page":""}}},"block_order":["collapsible_row1","collapsible_row2","collapsible_row3","collapsible_row4"],"settings":{"full_width":false,"color_scheme":"primary","subheading":"","title":"","heading_size":"h3","heading_alignment":"center","collapsible_color_scheme":"gray","open_first_collapsible_row":false,"image_ratio":"adapt"}}},"order":["main","rich-text","collapsible-panel"]}