{
  "current": {
    "page_width": 1600,
    "custom_cursor": false,
    "currency_code_enabled": false,
    "type_header_font": "oswald_n4",
    "heading_base_size": 18,
    "heading_font_case": "uppercase",
    "type_body_font": "dm_sans_n4",
    "sale_badge_color_scheme": "scheme-4",
    "sold_out_badge_color_scheme": "scheme-3",
    "social_facebook_link": "",
    "social_instagram_link": "",
    "social_youtube_link": "",
    "social_tiktok_link": "",
    "social_twitter_link": "",
    "social_snapchat_link": "",
    "social_pinterest_link": "",
    "social_tumblr_link": "",
    "social_vimeo_link": "",
    "predictive_search_enabled": true,
    "show_cart_note": true,
    "enable_shipping": false,
    "cart_type": "drawer",
    "cart_drawer_collection": "",
    "heading_scale": 130,
    "body_scale": 100,
    "checkout_sidebar_background_color": "#ffffff",
    "checkout_accent_color": "#28282a",
    "checkout_button_color": "#baf67c",
    "checkout_error_color": "#CA514E",
    "sections": {
      "main-password-header": {
        "type": "main-password-header",
        "settings": { "color_scheme": "scheme-1" }
      },
      "main-password-footer": {
        "type": "main-password-footer",
        "settings": { "color_scheme": "scheme-1" }
      }
    },
    "content_for_index": [],
    "color_schemes": {
      "scheme-1": {
        "settings": {
          "background": "#ffffff",
          "text": "#28282a",
          "button": "#baf67c",
          "button_label": "#28282a",
          "primary_button_border": "#baf67c",
          "secondary_button_background": "#ffffff",
          "secondary_button_label": "#28282a",
          "secondary_button_border": "#d1d1d1"
        }
      },
      "scheme-2": {
        "settings": {
          "background": "#f1f1f1",
          "text": "#28282a",
          "button": "#baf67c",
          "button_label": "#28282a",
          "primary_button_border": "#baf67c",
          "secondary_button_background": "#ffffff",
          "secondary_button_label": "#28282a",
          "secondary_button_border": "#d1d1d1"
        }
      },
      "scheme-3": {
        "settings": {
          "background": "#28282a",
          "text": "#ffffff",
          "button": "#baf67c",
          "button_label": "#28282a",
          "primary_button_border": "#baf67c",
          "secondary_button_background": "#ffffff",
          "secondary_button_label": "#28282a",
          "secondary_button_border": "#d1d1d1"
        }
      },
      "scheme-4": {
        "settings": {
          "background": "#baf67c",
          "text": "#28282a",
          "button": "#28282a",
          "button_label": "#ffffff",
          "primary_button_border": "#28282a",
          "secondary_button_background": "#ffffff",
          "secondary_button_label": "#28282a",
          "secondary_button_border": "#d1d1d1"
        }
      }
    }
  },
  "presets": {
    "Energy": {
      "page_width": 1600,
      "theme_radius": true,
      "animations_reveal_on_scroll": true,
      "currency_code_enabled": false,
      "type_header_font": "oswald_n4",
      "heading_base_size": 18,
      "heading_font_case": "uppercase",
      "type_body_font": "dm_sans_n4",
      "sale_badge_color_scheme": "scheme-4",
      "sold_out_badge_color_scheme": "scheme-3",
      "predictive_search_enabled": true,
      "show_cart_note": true,
      "heading_scale": 130,
      "body_scale": 100,
      "checkout_sidebar_background_color": "#ffffff",
      "checkout_accent_color": "#28282a",
      "checkout_button_color": "#baf67c",
      "checkout_error_color": "#CA514E",
      "sections": {
        "main-password-header": {
          "type": "main-password-header",
          "settings": { "color_scheme": "scheme-1" }
        },
        "main-password-footer": {
          "type": "main-password-footer",
          "settings": { "color_scheme": "scheme-1" }
        }
      },
      "content_for_index": [],
      "color_schemes": {
        "scheme-1": {
          "settings": {
            "background": "#ffffff",
            "text": "#28282a",
            "button": "#baf67c",
            "button_label": "#28282a",
            "primary_button_border": "#baf67c",
            "secondary_button_background": "#ffffff",
            "secondary_button_label": "#28282a",
            "secondary_button_border": "#d1d1d1"
          }
        },
        "scheme-2": {
          "settings": {
            "background": "#f1f1f1",
            "text": "#28282a",
            "button": "#baf67c",
            "button_label": "#28282a",
            "primary_button_border": "#baf67c",
            "secondary_button_background": "#ffffff",
            "secondary_button_label": "#28282a",
            "secondary_button_border": "#d1d1d1"
          }
        },
        "scheme-3": {
          "settings": {
            "background": "#28282a",
            "text": "#ffffff",
            "button": "#baf67c",
            "button_label": "#28282a",
            "primary_button_border": "#baf67c",
            "secondary_button_background": "#ffffff",
            "secondary_button_label": "#28282a",
            "secondary_button_border": "#d1d1d1"
          }
        },
        "scheme-4": {
          "settings": {
            "background": "#baf67c",
            "text": "#28282a",
            "button": "#28282a",
            "button_label": "#ffffff",
            "primary_button_border": "#28282a",
            "secondary_button_background": "#ffffff",
            "secondary_button_label": "#28282a",
            "secondary_button_border": "#d1d1d1"
          }
        }
      }
    },
    "Aether": {
      "page_width": 1600,
      "theme_radius": false,
      "custom_cursor": false,
      "animations_reveal_on_scroll": true,
      "scroll_to_top": true,
      "currency_code_enabled": false,
      "enable_loader": false,
      "type_header_font": "poppins_n5",
      "heading_base_size": 18,
      "heading_font_type": "medium",
      "heading_font_case": "normal",
      "type_body_font": "dm_sans_n4",
      "sale_badge_color_scheme": "scheme-4",
      "sold_out_badge_color_scheme": "scheme-3",
      "predictive_search_enabled": true,
      "show_cart_note": true,
      "checkout_sidebar_background_color": "#ffffff",
      "checkout_accent_color": "#28282a",
      "checkout_button_color": "#28282a",
      "checkout_error_color": "#CA514E",
      "heading_scale": 130,
      "body_scale": 100,
      "sections": {
        "main-password-header": {
          "type": "main-password-header",
          "settings": { "color_scheme": "scheme-1" }
        },
        "main-password-footer": {
          "type": "main-password-footer",
          "settings": { "color_scheme": "scheme-1" }
        }
      },
      "color_schemes": {
        "scheme-1": {
          "settings": {
            "background": "#ffffff",
            "text": "#0d2249",
            "button": "#0d2249",
            "button_label": "#ffffff",
            "primary_button_border": "#baf67c",
            "secondary_button_background": "#ffffff",
            "secondary_button_label": "#28282a",
            "secondary_button_border": "#d1d1d1"
          }
        },
        "scheme-2": {
          "settings": {
            "background": "#f7f7f7",
            "text": "#28282a",
            "button": "#0d2249",
            "button_label": "#ffffff",
            "primary_button_border": "#baf67c",
            "secondary_button_background": "#ffffff",
            "secondary_button_label": "#28282a",
            "secondary_button_border": "#d1d1d1"
          }
        },
        "scheme-3": {
          "settings": {
            "background": "#0d2249",
            "text": "#ffffff",
            "button": "#ffffff",
            "button_label": "#0d2249",
            "primary_button_border": "#baf67c",
            "secondary_button_background": "#ffffff",
            "secondary_button_label": "#28282a",
            "secondary_button_border": "#d1d1d1"
          }
        },
        "scheme-4": {
          "settings": {
            "background": "#f0f7fa",
            "text": "#0d2349",
            "button": "#28282a",
            "button_label": "#ffffff",
            "primary_button_border": "#28282a",
            "secondary_button_background": "#ffffff",
            "secondary_button_label": "#28282a",
            "secondary_button_border": "#d1d1d1"
          }
        }
      }
    },
    "Titan": {
      "page_width": 1600,
      "theme_radius": false,
      "custom_cursor": true,
      "currency_code_enabled": false,
      "loader_color_scheme": "scheme-4",
      "enable_loader": false,
      "type_header_font": "prompt_n5",
      "heading_base_size": 18,
      "heading_font_type": "large",
      "heading_font_case": "uppercase",
      "type_body_font": "dm_sans_n4",
      "sale_badge_color_scheme": "scheme-4",
      "sold_out_badge_color_scheme": "scheme-3",
      "predictive_search_enabled": true,
      "show_cart_note": true,
      "heading_scale": 130,
      "body_scale": 100,
      "checkout_sidebar_background_color": "#ffffff",
      "checkout_accent_color": "#28282a",
      "checkout_button_color": "#e6f263",
      "checkout_error_color": "#CA514E",
      "sections": {
        "main-password-header": {
          "type": "main-password-header",
          "settings": { "color_scheme": "scheme-1" }
        },
        "main-password-footer": {
          "type": "main-password-footer",
          "settings": { "color_scheme": "scheme-1" }
        }
      },
      "content_for_index": [],
      "color_schemes": {
        "scheme-1": {
          "settings": {
            "background": "#f5f3eb",
            "text": "#283230",
            "button": "#e6f263",
            "button_label": "#283230",
            "primary_button_border": "#baf67c",
            "secondary_button_background": "#ffffff",
            "secondary_button_label": "#28282a",
            "secondary_button_border": "#d1d1d1"
          }
        },
        "scheme-2": {
          "settings": {
            "background": "#ffffff",
            "text": "#283230",
            "button": "#e6f263",
            "button_label": "#28282a",
            "primary_button_border": "#e6f263",
            "secondary_button_background": "#ffffff",
            "secondary_button_label": "#28282a",
            "secondary_button_border": "#d1d1d1"
          }
        },
        "scheme-3": {
          "settings": {
            "background": "#28282a",
            "text": "#ffffff",
            "button": "#e6f263",
            "button_label": "#28282a",
            "primary_button_border": "#baf67c",
            "secondary_button_background": "#ffffff",
            "secondary_button_label": "#28282a",
            "secondary_button_border": "#d1d1d1"
          }
        },
        "scheme-4": {
          "settings": {
            "background": "#e6f263",
            "text": "#28282a",
            "button": "#28282a",
            "button_label": "#ffffff",
            "primary_button_border": "#28282a",
            "secondary_button_background": "#ffffff",
            "secondary_button_label": "#28282a",
            "secondary_button_border": "#d1d1d1"
          }
        }
      }
    }
  }
}