{"name":"t:sections.footer.name","type":"footer","sections":{"newsletter":{"type":"newsletter","blocks":{"rotating_badge":{"type":"rotating_badge","settings":{"badge_width":70,"outside_rotate_text":"AETHER AETHER AETHER AETHER AETHER"}},"heading":{"type":"heading","settings":{"heading":"Subscribe to our emails","heading_size":"h2"}},"paragraph":{"type":"paragraph","settings":{"text":"<p>Be the first to know about new collections and exclusive offers.<\/p>"}},"email_form":{"type":"email_form","settings":{}}},"block_order":["rotating_badge","heading","paragraph","email_form"],"settings":{"expanded_width":false,"text_alignment":"left","color_scheme":"scheme-4","padding_top":50,"padding_bottom":50}},"footer":{"type":"footer","blocks":{"footer-0":{"type":"link_list","settings":{"heading":"Our Store","menu":"footer"}},"footer-1":{"type":"link_list","settings":{"heading":"Information","menu":"footer"}},"footer-2":{"type":"link_list","settings":{"heading":"My Account","menu":"footer"}},"footer-3":{"type":"connectivity","settings":{"heading":"We Accept","newsletter_enable":false,"show_social":false,"show_payment_icons":true,"enable_language_selector":true,"enable_country_selector":true,"enable_country_flags":true,"enable_country_name":false}}},"block_order":["footer-0","footer-1","footer-2","footer-3"],"settings":{"divider_line":false,"color_scheme":"scheme-1","contact_info":"","badge_width":50,"outside_rotate_text":"Circle rotating text! Circle rotating text! Circle rotating text!","copyright_text":"All rights reserved","show_powered_by":true,"show_policy":true,"enable_follow_on_shop":true,"use_accordion":true,"padding_top":100,"padding_bottom":50}}},"order":["newsletter","footer"]}