{"name":"t:sections.header.name","type":"header","sections":{"announcement-bar":{"type":"announcement-bar","settings":{"color_scheme":"scheme-3","content":"<p>Talk to the Doctor on app Consult Now<\/p>"}},"header":{"type":"header","settings":{"expanded_width":true,"sticky_header":false,"show_line_separator":true,"color_scheme":"","navigation_hub":false,"logo_width":180,"logo_width_mobile":100,"menu":"main-menu","menu_position":"middle-left","menu_type_desktop":"mega","collection_featured_image":true,"menu_as_button":false,"menu_color_scheme":"","inline_search":false,"enable_language_selector":true,"enable_country_selector":true,"enable_country_flags":true,"enable_country_name":false,"padding_top":20,"padding_bottom":20}}},"order":["announcement-bar","header"]}