{"current":{"page_width":1400,"theme_radius":true,"animations_reveal_on_scroll":true,"show_shadow":true,"scroll_to_top":true,"scroll_to_top_homepage":false,"currency_code_enabled":false,"page_background":"#FAF4F2","type_header_font":"syne_n7","heading_base_size":16,"heading_font_type":"large","heading_font_case":"uppercase","type_body_font":"montserrat_n4","body_base_size":16,"sale_badge_color_scheme":"scheme-2","sold_out_badge_color_scheme":"scheme-1","custom_badge_color_scheme":"scheme-7","social_facebook_link":"#","social_instagram_link":"#","social_youtube_link":"#","social_tiktok_link":"","social_twitter_link":"#","social_snapchat_link":"","social_pinterest_link":"","social_tumblr_link":"","social_vimeo_link":"","suggestions_heading":"Popular collections","suggestions_menu":"main-menu","suggestions_collection":"drinks","search_product_shadow":true,"show_cart_note":true,"logo":"shopify:\/\/shop_images\/image_18_2.png","show_box_shadow":true,"enable_shipping":false,"custom_cursor":false,"heading_scale":130,"body_scale":100,"checkout_sidebar_background_color":"#ffffff","checkout_accent_color":"#28282a","checkout_button_color":"#baf67c","checkout_error_color":"#CA514E","sections":{"main-password-header":{"type":"main-password-header","settings":{"color_scheme":"scheme-1","logo":"shopify:\/\/shop_images\/Flavory.png","logo_width":200}},"main-password-footer":{"type":"main-password-footer","settings":{"color_scheme":"scheme-1"}},"gift-card":{"type":"gift-card","settings":{"color_scheme":"","use_page_background":true,"show_box_shadow":false,"logo":"shopify:\/\/shop_images\/Flavory_logo_ea5e8ffd-e4da-4565-8163-57c30bfb3479.png","logo_width":205,"logo_width_mobile":100,"image":"shopify:\/\/shop_images\/image_18_2_dd5eaf09-059a-4963-a716-befa1e22cb5e.png"}}},"content_for_index":[],"blocks":{"15683396631634586217":{"type":"shopify:\/\/apps\/inbox\/blocks\/chat\/841fc607-4181-4ad1-842d-e24d7f8bad6b","disabled":true,"settings":{"button_color":"#000000","secondary_color":"#ffffff","ternary_color":"#6a6a6a","button_icon":"chat_bubble","button_text":"chat_with_us","button_horizontal_position":"bottom_right","button_vertical_position":"lowest","greeting_message":""}},"1768834845299682660":{"type":"shopify:\/\/apps\/subscriptions\/blocks\/app-embed-block\/a3bfe9ec-96f8-4508-a003-df608a36d2ad","disabled":true,"settings":{"color_text_title":"#6d7175","color_text_body":"#6d7175","dividers_color":"#8f8d8d","bacgkround_color":"#ffffff","border_thickness":1,"border_radius":0,"subscription_policy_url":""}}},"color_schemes":{"scheme-1":{"settings":{"background":"#ff6628","text":"#ffffff","extra_color":"#ffffff","button":"#ffffff","button_label":"#05070b","primary_button_border":"#05070b","primary_button_shadow":"#05070b","secondary_button_background":"#05070b","secondary_button_label":"#ffffff","secondary_button_border":"#ffffff","secondary_button_shadow":"#ffffff"}},"scheme-2":{"settings":{"background":"#ffffff","text":"#28282a","extra_color":"#ffe0d4","button":"#ff6628","button_label":"#ffffff","primary_button_border":"#ff6628","primary_button_shadow":"#121212","secondary_button_background":"#ffffff","secondary_button_label":"#28282a","secondary_button_border":"#121212","secondary_button_shadow":"#121212"}},"scheme-3":{"settings":{"background":"#ff6628","text":"#05070b","extra_color":"#ffffff","button":"#ff6628","button_label":"#28282a","primary_button_border":"#05070b","primary_button_shadow":"#121212","secondary_button_background":"#ffffff","secondary_button_label":"#28282a","secondary_button_border":"#d1d1d1","secondary_button_shadow":"#121212"}},"scheme-4":{"settings":{"background":"#aa78ff","text":"#28282a","extra_color":"#ffffff","button":"#ffffff","button_label":"#a978fe","primary_button_border":"#28282a","primary_button_shadow":"#121212","secondary_button_background":"#ffffff","secondary_button_label":"#28282a","secondary_button_border":"#d1d1d1","secondary_button_shadow":"#121212"}},"scheme-5":{"settings":{"background":"#e5d6ff","text":"#000000","extra_color":"#fee0d6","button":"#aa78ff","button_label":"#ffffff","primary_button_border":"#ffffff","primary_button_shadow":"#ffffff","secondary_button_background":"#ffffff","secondary_button_label":"#05070b","secondary_button_border":"#ffffff","secondary_button_shadow":"#ffffff"}},"scheme-6":{"settings":{"background":"#ffffff","text":"#121212","extra_color":"#121212","button":"#ffffff","button_label":"#121212","primary_button_border":"#e5d6ff","primary_button_shadow":"#e5d6ff","secondary_button_background":"#e5d6ff","secondary_button_label":"#121212","secondary_button_border":"#e5d6ff","secondary_button_shadow":"#e5d6ff"}},"scheme-7":{"settings":{"background":"#ffe0d4","text":"#121212","extra_color":"#ff6628","button":"#ff6628","button_label":"#ffffff","primary_button_border":"#05070b","primary_button_shadow":"#05070b","secondary_button_background":"#ffe0d4","secondary_button_label":"#000000","secondary_button_border":"#000000","secondary_button_shadow":"#000000"}},"scheme-ecceccbe-5c57-4387-a6e5-a476c74d19e5":{"settings":{"background":"#ffffff","text":"#28282a","extra_color":"#ffe0d4","button":"#ff6628","button_label":"#05070b","primary_button_border":"#05070b","primary_button_shadow":"#05070b","secondary_button_background":"#05070b","secondary_button_label":"#ffffff","secondary_button_border":"#ffffff","secondary_button_shadow":"#ffffff"}},"scheme-a928b8b6-51d8-40d1-abc2-1869c0f3770f":{"settings":{"background":"#ffffff","text":"#05070b","extra_color":"#ffffff","button":"#ffffff","button_label":"#05070b","primary_button_border":"#05070b","primary_button_shadow":"#05070b","secondary_button_background":"#05070b","secondary_button_label":"#ffffff","secondary_button_border":"#ffffff","secondary_button_shadow":"#ffffff"}}}},"presets":{"Flavory":{"page_width":1400,"theme_radius":true,"animations_reveal_on_scroll":true,"currency_code_enabled":false,"type_header_font":"oswald_n4","heading_base_size":18,"heading_font_case":"uppercase","type_body_font":"dm_sans_n4","sale_badge_color_scheme":"scheme-4","sold_out_badge_color_scheme":"scheme-3","social_facebook_link":"","social_instagram_link":"","social_youtube_link":"","social_tiktok_link":"","social_twitter_link":"","social_snapchat_link":"","social_pinterest_link":"","social_tumblr_link":"","social_vimeo_link":"","show_cart_note":true,"heading_scale":130,"body_scale":100,"checkout_sidebar_background_color":"#ffffff","checkout_accent_color":"#28282a","checkout_button_color":"#baf67c","checkout_error_color":"#CA514E","sections":{"main-password-header":{"type":"main-password-header","settings":{"color_scheme":"scheme-1"}},"main-password-footer":{"type":"main-password-footer","settings":{"color_scheme":"scheme-1"}}},"content_for_index":[],"color_schemes":{"scheme-1":{"settings":{"background":"#ffffff","text":"#28282a","button":"#baf67c","button_label":"#28282a","primary_button_border":"#baf67c","secondary_button_background":"#ffffff","secondary_button_label":"#28282a","secondary_button_border":"#d1d1d1"}},"scheme-2":{"settings":{"background":"#f1f1f1","text":"#28282a","button":"#baf67c","button_label":"#28282a","primary_button_border":"#baf67c","secondary_button_background":"#ffffff","secondary_button_label":"#28282a","secondary_button_border":"#d1d1d1"}},"scheme-3":{"settings":{"background":"#28282a","text":"#ffffff","button":"#baf67c","button_label":"#28282a","primary_button_border":"#baf67c","secondary_button_background":"#ffffff","secondary_button_label":"#28282a","secondary_button_border":"#d1d1d1"}},"scheme-4":{"settings":{"background":"#baf67c","text":"#28282a","button":"#28282a","button_label":"#ffffff","primary_button_border":"#28282a","secondary_button_background":"#ffffff","secondary_button_label":"#28282a","secondary_button_border":"#d1d1d1"}}}}}}