{"sections":{"divider1":{"type":"divider","settings":{"margin_desktop":80,"margin_mobile":40}},"rich-text":{"type":"rich-text","blocks":{"heading":{"type":"heading","settings":{"subheading":"Chic Couture Collective","heading":"Elevate Your Style with Unique Fashion Finds.","heading_size":"h2"}},"text":{"type":"text","settings":{"text":"<p>Discover exclusive trends, timeless pieces, and curated styles for fashion aficionados.<\/p>"}},"button":{"type":"button","settings":{"primary_button_label":"Shop Now","primary_button_link":"","primary_button_style":"primary","secondary_button_label":"Explore Now","secondary_button_link":"","secondary_button_style":"outline"}}},"block_order":["heading","text","button"],"settings":{"full_width":false,"content_alignment":"center","color_scheme":"secondary"}},"collection-list":{"type":"collection-list","blocks":{"featured_collection-1":{"type":"featured_collection","settings":{"collection":"","custom_title":"","custom_link":""}},"featured_collection-2":{"type":"featured_collection","settings":{"collection":"","custom_title":"","custom_link":""}},"featured_collection-3":{"type":"featured_collection","settings":{"collection":"","custom_title":"","custom_link":""}},"featured_collection-4":{"type":"featured_collection","settings":{"collection":"","custom_title":"","custom_link":""}},"featured_collection-5":{"type":"featured_collection","settings":{"collection":"","custom_title":"","custom_link":""}},"featured_collection-6":{"type":"featured_collection","settings":{"collection":"","custom_title":"","custom_link":""}}},"block_order":["featured_collection-1","featured_collection-2","featured_collection-3","featured_collection-4","featured_collection-5","featured_collection-6"],"settings":{"full_width":false,"columns_desktop":6,"columns_mobile":"2","swipe_on_mobile":true,"enable_mobile_autorotate":true,"change_mobile_slides_speed":5,"subheading":"","title":"","heading_size":"h2","heading_alignment":"center","color_scheme":"primary","collection_style":"circle","image_ratio":"square","enable_badge":true,"text_alignment":"center","show_view_all":false,"show_view_all_link":""}},"slideshow":{"type":"slideshow","blocks":{"slide":{"type":"slide","settings":{"image_overlay_opacity":0,"subheading":"Elegant Essentials","heading":"Glamour Grove Outlet","description":"","heading_size":68,"button_label":"Shop Now","link":"","button_style":"primary","button_label_second":"Explore Now","link_second":"","button_style_second":"outline","box_align":"middle-left","show_text_box":false,"background_opacity":100,"color_scheme":"secondary","content_width":70,"text_alignment":"left","content_color":"#28282a","text_alignment_mobile":"center","heading_size_mobile":28}}},"block_order":["slide"],"settings":{"full_width":true,"transparent_header":false,"slide_height":"medium","auto_rotate":false,"change_slides_speed":5,"slide_height_mobile":"medium","show_text_below":true}},"auto-scrolling-text":{"type":"auto-scrolling-text","blocks":{"scrolling_text-1":{"type":"scrolling_text","settings":{"text":"Don't Miss Today's Featured Deals","title_size":"h2","link":""}},"scrolling_text-2":{"type":"scrolling_text","settings":{"text":"60% For Fashion","title_size":"h2","link":""}}},"block_order":["scrolling_text-1","scrolling_text-2"],"settings":{"full_width":true,"enable_scroll":true,"scrolling_speed":2}},"image-banner":{"type":"image-banner","blocks":{"banner-1":{"type":"banner","settings":{"image_overlay_opacity":0,"subheading":"Glamour Unleashed","heading":"Couture Corner Showcase","heading_size":"h2","description":"","primary_button_label":"Shop Now","primary_button_link":"","primary_button_style":"outline","secondary_button_label":"","secondary_button_link":"","secondary_button_style":"secondary","content_position":"middle-center","content_alignment":"center","show_text_box":false,"background_opacity":100,"color_scheme":"secondary","content_color":"#ffffff","mobile_content_alignment":"center","show_text_below":false}},"banner-2":{"type":"banner","settings":{"image_overlay_opacity":0,"subheading":"","heading":"","heading_size":"h2","description":"","primary_button_label":"","primary_button_link":"","primary_button_style":"primary","secondary_button_label":"","secondary_button_link":"","secondary_button_style":"secondary","content_position":"middle-center","content_alignment":"center","show_text_box":false,"background_opacity":100,"color_scheme":"secondary","content_color":"#28282a","mobile_content_alignment":"center","show_text_below":true}}},"block_order":["banner-1","banner-2"],"settings":{"full_width":false,"image_height":"small"}},"divider2":{"type":"divider","settings":{"margin_desktop":-60,"margin_mobile":-30}},"image-banner1":{"type":"image-banner","blocks":{"banner-1":{"type":"banner","settings":{"image_overlay_opacity":0,"subheading":"","heading":"","heading_size":"h2","description":"","primary_button_label":"","primary_button_link":"","primary_button_style":"primary","secondary_button_label":"","secondary_button_link":"","secondary_button_style":"secondary","content_position":"middle-center","content_alignment":"center","show_text_box":false,"background_opacity":100,"color_scheme":"secondary","content_color":"#28282a","mobile_content_alignment":"center","show_text_below":true}},"banner-2":{"type":"banner","settings":{"image_overlay_opacity":0,"subheading":"Runway Realities","heading":"Luxury Statement Pieces","heading_size":"h2","description":"","primary_button_label":"Explore Now","primary_button_link":"","primary_button_style":"primary","secondary_button_label":"","secondary_button_link":"","secondary_button_style":"primary","content_position":"middle-center","content_alignment":"center","show_text_box":true,"background_opacity":100,"color_scheme":"secondary","content_color":"#28282a","mobile_content_alignment":"center","show_text_below":true}}},"block_order":["banner-1","banner-2"],"settings":{"full_width":false,"image_height":"adapt"}},"featured-collection":{"type":"featured-collection","settings":{"full_width":false,"products_to_show":25,"columns_desktop":3,"enable_desktop_slider":true,"enable_desktop_autorotate":true,"change_desktop_slides_speed":5,"columns_mobile":"2","swipe_on_mobile":true,"enable_mobile_autorotate":true,"change_mobile_slides_speed":5,"subheading":"","title":"Showcase Collection Favorites","heading_size":"h2","description":"","show_description":false,"heading_alignment":"center","collection":"","show_view_all":true,"show_view_all_link":"","grid_style":"normal","color_scheme":"primary","image_ratio":"adapt","show_color_swatch":false,"show_secondary_image":true,"enable_quick_add":true}},"image-with-text":{"type":"image-with-text","blocks":{"heading":{"type":"heading","settings":{"subheading":"","heading":"A Visual Feast of Fashion Elegance","heading_size":"h2"}},"text":{"type":"text","settings":{"text":"<p>Explore Captivating Imagery, Each Frame a Fashion Story.<\/p>"}},"button":{"type":"button","settings":{"button_label":"Explore Now","button_link":"","button_style":"primary"}}},"block_order":["heading","text","button"],"settings":{"full_width":false,"height":"small","desktop_image_width":"large","layout":"image_first","desktop_content_position":"middle","desktop_content_alignment":"left","content_layout":"overlap","color_scheme":"dark","mobile_content_alignment":"left"}},"slideshow1":{"type":"slideshow","blocks":{"slide":{"type":"slide","settings":{"image_overlay_opacity":0,"subheading":"Modern Glamour","heading":"Trendsetting Elegance","description":"","heading_size":68,"button_label":"Shop Now","link":"shopify:\/\/collections\/all","button_style":"primary","button_label_second":"Explore Now","link_second":"shopify:\/\/collections","button_style_second":"outline","box_align":"middle-left","show_text_box":false,"background_opacity":100,"color_scheme":"secondary","content_width":70,"text_alignment":"left","content_color":"#28282a","text_alignment_mobile":"center","heading_size_mobile":28}}},"block_order":["slide"],"settings":{"full_width":true,"transparent_header":false,"slide_height":"medium","auto_rotate":false,"change_slides_speed":5,"slide_height_mobile":"medium","show_text_below":true}},"quick-links":{"type":"quick-links","blocks":{"links-1":{"type":"links","settings":{"title":"Blouses","link_url":""}},"links-2":{"type":"links","settings":{"title":"Dresses","link_url":""}},"links-3":{"type":"links","settings":{"title":"Pants","link_url":""}},"links-4":{"type":"links","settings":{"title":"Party Wear","link_url":""}},"links-5":{"type":"links","settings":{"title":"🔥 Today's Deals","link_url":""}},"links-6":{"type":"links","settings":{"title":"Sale","link_url":""}},"links-7":{"type":"links","settings":{"title":"Trousers","link_url":""}}},"block_order":["links-1","links-2","links-3","links-4","links-5","links-6","links-7"],"settings":{"full_width":false,"button_style":"outline","subheading":"","title":"This Week's Highlights","heading_size":"h2","heading_alignment":"center"}},"image-with-text1":{"type":"image-with-text","blocks":{"heading":{"type":"heading","settings":{"subheading":"","heading":"Elegance in Frames","heading_size":"h2"}},"text":{"type":"text","settings":{"text":"<p>Graceful timeless refined, sophisticated artistic.<\/p>"}},"button":{"type":"button","settings":{"button_label":"Shop Now","button_link":"","button_style":"primary"}}},"block_order":["heading","text","button"],"settings":{"full_width":false,"height":"small","desktop_image_width":"large","layout":"text_first","desktop_content_position":"middle","desktop_content_alignment":"left","content_layout":"overlap","color_scheme":"dark","mobile_content_alignment":"left"}},"newsletter":{"type":"newsletter","blocks":{"heading":{"type":"heading","settings":{"heading":"Sign up and save","heading_size":"h2"}},"paragraph":{"type":"paragraph","settings":{"text":"<p>Subscribe to get special offers, free giveaways, and once-in-a-lifetime deals.<\/p>"}},"email_form":{"type":"email_form","settings":{}}},"block_order":["heading","paragraph","email_form"],"settings":{"full_width":true,"color_scheme":"secondary"}},"featured-collection1":{"type":"featured-collection","settings":{"full_width":false,"products_to_show":4,"columns_desktop":4,"enable_desktop_slider":true,"enable_desktop_autorotate":true,"change_desktop_slides_speed":5,"columns_mobile":"2","swipe_on_mobile":true,"enable_mobile_autorotate":true,"change_mobile_slides_speed":5,"subheading":"","title":"Elevate Your Look Instantly.","heading_size":"h2","description":"","show_description":false,"heading_alignment":"center","collection":"","show_view_all":true,"show_view_all_link":"","grid_style":"normal","color_scheme":"primary","image_ratio":"adapt","show_color_swatch":false,"show_secondary_image":true,"enable_quick_add":false}},"vertical-showcase":{"type":"vertical-showcase","blocks":{"image-1":{"type":"image","settings":{}},"product-1":{"type":"product","settings":{"color_scheme":"light","product":"","grid_style":"standard","product_color_scheme":"primary","image_ratio":"adapt","show_color_swatch":false,"show_secondary_image":true,"enable_quick_add":true}},"image-2":{"type":"image","settings":{}},"product-2":{"type":"product","settings":{"color_scheme":"light","product":"","grid_style":"standard","product_color_scheme":"primary","image_ratio":"adapt","show_color_swatch":false,"show_secondary_image":true,"enable_quick_add":true}}},"block_order":["image-1","product-1","image-2","product-2"],"settings":{"full_width":true,"subheading":"","title":"","heading_size":"h2","heading_alignment":"center","position":"left","type":"content","color_scheme":"dark","content_subheading":"","content_heading":"Dress to Impress Unleash Your Elegance","content_heading_size":"h3","content":"<p>Dress to impress, unleash elegance: embody style with our curated collection<\/p>","button_label":"Explore All","button_link":"","button_style":"outline"}},"customer-reviews":{"type":"customer-reviews","blocks":{"review":{"type":"review","settings":{"title":"","review_star":"5","description":"<h2>I 100% recommend they have affordable everything on their website. Have purchased 3x and every order after gets bigger & bigger. Thank you<\/h2>","author":"Andrew D"}}},"block_order":["review"],"settings":{"full_width":false,"reviews_per_row":1,"color_scheme":"secondary","enable_desktop_slider":false,"enable_desktop_autorotate":false,"change_desktop_slides_speed":5,"swipe_on_mobile":false,"enable_mobile_autorotate":false,"change_mobile_slides_speed":5,"subheading":"","title":"","heading_size":"h2","heading_alignment":"center","title_size":"h4","content_alignment":"center","color_scheme_secondary":"dark"}},"column-grid":{"type":"column-grid","blocks":{"column-1":{"type":"column","settings":{"title":"Express Your Unique Style Statement","heading_size":"h3","text":"<p>Unleash self-expression with our diverse collection. From bold statements to subtle nuances, find fashion pieces that let you express your unique style.<\/p>","link_label":"","link":""}},"column-2":{"type":"column","settings":{"title":"Discover the Pinnacle of Fashion","heading_size":"h3","text":"<p>Embark on a style journey and explore our curated selection, where you'll discover the pinnacle of fashion, elegance, and sophistication.<\/p>","link_label":"","link":""}},"column-3":{"type":"column","settings":{"title":"Elevate Your Style with Elegance","heading_size":"h3","text":"<p>Transform your look and elevate your style with our curated selection of elegant fashion pieces that embody sophistication and refinement.<\/p>","link_label":"","link":""}}},"block_order":["column-1","column-2","column-3"],"settings":{"full_width":true,"columns_desktop":3,"color_scheme":"secondary","columns_mobile":"1","swipe_on_mobile":true,"enable_mobile_autorotate":true,"change_mobile_slides_speed":5,"subheading":"","title":"","heading_size":"h2","heading_alignment":"center","column_with_background":true,"color_scheme_secondary":"primary","show_image":true,"image_width":"full","image_ratio":"adapt","column_alignment":"center"}},"featured-product":{"type":"featured-product","blocks":{"vendor-sku":{"type":"vendor-sku","settings":{}},"title":{"type":"title","settings":{"heading_size":"h3"}},"offer":{"type":"offer","settings":{"color_scheme":"gray","heading":"Super Deals","offer_info":"<p>Ends: Jul 9, 11:59 PM PT<\/p>"}},"price":{"type":"price","settings":{}},"divider":{"type":"divider","settings":{}},"variant_picker":{"type":"variant_picker","settings":{"picker_type":"button"}},"quantity_selector":{"type":"quantity_selector","settings":{"enable_share":true}},"buy_buttons":{"type":"buy_buttons","settings":{"show_dynamic_checkout":true,"show_gift_card_recipient":false}}},"block_order":["vendor-sku","title","offer","price","divider","variant_picker","quantity_selector","buy_buttons"],"settings":{"full_width":false,"color_scheme":"primary","product":"","layout_style":"normal","media_fit":"contain","gallery_layout":"stacked","thumbnail_slider":false,"image_zoom":true,"mobile_thumbnails":true,"enable_video_looping":true}},"featured-blog":{"type":"featured-blog","settings":{"full_width":false,"post_limit":2,"blogs_per_row":2,"color_scheme_outer":"secondary","subheading":"","title":"Blog posts","heading_size":"h2","heading_alignment":"center","blog":"","color_scheme":"secondary","show_image":true,"image_height":"adapt","show_date":true,"show_author":false,"text_alignment":"center","show_view_all":false,"show_view_all_link":""}},"countdown-timer":{"type":"countdown-timer","blocks":{"content":{"type":"content","settings":{"heading":"End of season sale","text":"<p>Prepare for a style revelation! Countdown to brilliance begins now<\/p>","heading_size":"h2"}},"timer":{"type":"timer","settings":{"enable_timer":true,"year":"2026","month":"01","day":"1","hour":"00","minute":"00","hide_timer":false,"text":""}},"button":{"type":"button","settings":{"button":"Shop the sale","button_link":"","button_style":"primary"}}},"block_order":["content","timer","button"],"settings":{"full_width":false,"reduce_margins":false,"color_scheme":"dark"}}},"order":["divider1","rich-text","collection-list","slideshow","auto-scrolling-text","image-banner","divider2","image-banner1","featured-collection","image-with-text","slideshow1","quick-links","image-with-text1","newsletter","featured-collection1","vertical-showcase","customer-reviews","column-grid","featured-product","featured-blog","countdown-timer"]}