{"sections":{"rich-text":{"type":"rich-text","blocks":{"heading":{"type":"heading","settings":{"subheading":"","heading":"Sustainable Style, Uncompromised Elegance Igloo","heading_size":"h2"}},"text":{"type":"text","settings":{"text":"<p>Igloo epitomizes sustainable style, delivering uncompromised elegance in eco-friendly fashion.<\/p>"}}},"block_order":["heading","text"],"settings":{"full_width":false,"content_alignment":"center","color_scheme":"secondary"}},"main":{"type":"main-list-collections","settings":{"full_width":false,"pagination":6,"columns_desktop":6,"columns_mobile":"1","subheading":"","title":"","heading_size":"h3","heading_alignment":"center","color_scheme":"secondary","collection_style":"circle","sort":"alphabetical","image_ratio":"square","enable_badge":true,"text_alignment":"center"}},"image-banner":{"type":"image-banner","blocks":{"banner1":{"type":"banner","settings":{"image_overlay_opacity":0,"subheading":"Eternal Style","heading":"Timeless Elegance, Modern Flair","heading_size":"h2","description":"","primary_button_label":"Shop Now","primary_button_link":"","primary_button_style":"primary","secondary_button_label":"","secondary_button_link":"","secondary_button_style":"secondary","content_position":"middle-center","content_alignment":"center","show_text_box":false,"background_opacity":100,"color_scheme":"primary","content_color":"#ffffff","mobile_content_alignment":"center","show_text_below":false}},"banner2":{"type":"banner","settings":{"image_overlay_opacity":0,"subheading":"","heading":"","heading_size":"h3","description":"","primary_button_label":"","primary_button_link":"","primary_button_style":"primary","secondary_button_label":"","secondary_button_link":"","secondary_button_style":"secondary","content_position":"bottom-center","content_alignment":"center","show_text_box":false,"background_opacity":100,"color_scheme":"secondary","content_color":"#28282a","mobile_content_alignment":"center","show_text_below":true}}},"block_order":["banner1","banner2"],"settings":{"full_width":false,"image_height":"medium"}},"rich-text-1":{"type":"rich-text","blocks":{"heading1":{"type":"heading","settings":{"subheading":"","heading":"Global Glamour, Ethical Manufacturing Igloo's Promise","heading_size":"h2"}},"text1":{"type":"text","settings":{"text":"<p>Igloo's Promise blends global glamour with ethical manufacturing, embodying sustainable elegance.<\/p>"}}},"block_order":["heading1","text1"],"settings":{"full_width":false,"content_alignment":"center","color_scheme":"secondary"}},"slideshow":{"type":"slideshow","blocks":{"video":{"type":"video","settings":{"subheading":"Embrace Luxury","heading":"Exclusive Collections Await You","description":"","heading_size":38,"button_label":"Explore Now","link":"","button_style":"primary","button_label_second":"","link_second":"","button_style_second":"secondary","box_align":"middle-left","show_text_box":true,"background_opacity":100,"color_scheme":"secondary","content_width":70,"text_alignment":"center","text_alignment_mobile":"center","heading_size_mobile":28}}},"block_order":["video"],"settings":{"full_width":true,"transparent_header":false,"slide_height":"medium","auto_rotate":false,"change_slides_speed":5,"slide_height_mobile":"medium","show_text_below":true}},"collection-list":{"type":"collection-list","blocks":{"featured_collection_1":{"type":"featured_collection","settings":{"collection":"","custom_title":"","custom_link":""}},"featured_collection_2":{"type":"featured_collection","settings":{"collection":"","custom_title":"","custom_link":""}},"featured_collection_3":{"type":"featured_collection","settings":{"collection":"","custom_title":"","custom_link":""}}},"block_order":["featured_collection_1","featured_collection_2","featured_collection_3"],"settings":{"full_width":false,"columns_desktop":3,"columns_mobile":"2","swipe_on_mobile":false,"enable_mobile_autorotate":false,"change_mobile_slides_speed":5,"subheading":"","title":"","heading_size":"h3","heading_alignment":"center","color_scheme":"secondary","collection_style":"standard","image_ratio":"square","enable_badge":true,"text_alignment":"center","show_view_all":false,"show_view_all_link":""}},"countdown-timer":{"type":"countdown-timer","blocks":{"content":{"type":"content","settings":{"heading":"Last Chance Sale","text":"<p>Sale concludes on February 31th at 11:59 PM PT. Apply the code \"Save\" to avail the discount.<\/p>","heading_size":"h2"}},"timer":{"type":"timer","settings":{"enable_timer":true,"year":"2026","month":"01","day":"1","hour":"00","minute":"00","hide_timer":false,"text":""}},"button":{"type":"button","settings":{"button":"Shop the Sale","button_link":"","button_style":"primary"}}},"block_order":["content","timer","button"],"settings":{"full_width":false,"reduce_margins":false,"color_scheme":"dark"}},"customer_reviews":{"type":"customer-reviews","blocks":{"review_1":{"type":"review","settings":{"title":"Amazing experience!","review_star":"5","description":"<p>Chic Oasis! Exclusive styles, stellar service. Glamour personified<\/p>","author":"Emma S"}},"review_2":{"type":"review","settings":{"title":"Diverse Selections","review_star":"5","description":"<p>Style Sanctuary: Unrivaled elegance, diverse selections, impeccable service. A fashion haven.<\/p>","author":"Lily M"}},"review_3":{"type":"review","settings":{"title":"Elevated Experience","review_star":"5","description":"<p>Style Oasis: Unique trends, top-notch service. Elevates fashion experience<\/p>","author":"Sarah Thompson,"}},"review_4":{"type":"review","settings":{"title":"Trendsetting Discoveries","review_star":"5","description":"<p>Epic Fashion Finds! Trendsetting styles, exceptional service. My go-to spot<\/p>","author":"Olivia Lewis"}}},"block_order":["review_1","review_2","review_3","review_4"],"settings":{"full_width":false,"reviews_per_row":2,"color_scheme":"secondary","enable_desktop_slider":true,"enable_desktop_autorotate":false,"change_desktop_slides_speed":5,"swipe_on_mobile":true,"enable_mobile_autorotate":false,"change_mobile_slides_speed":5,"subheading":"","title":"Consumer Impressions","heading_size":"h2","heading_alignment":"center","title_size":"h4","content_alignment":"center","color_scheme_secondary":"light"}}},"order":["rich-text","main","image-banner","rich-text-1","slideshow","collection-list","countdown-timer","customer_reviews"]}