{"sections":{"main":{"type":"main-page","disabled":true,"settings":{"full_width":false,"heading_size":"h2","heading_alignment":"left"}},"image-banner":{"type":"image-banner","blocks":{"banner":{"type":"banner","settings":{"image_overlay_opacity":0,"subheading":"","heading":"","heading_size":"h3","description":"","primary_button_label":"","primary_button_link":"","primary_button_style":"primary","secondary_button_label":"","secondary_button_link":"","secondary_button_style":"secondary","content_position":"middle-center","content_alignment":"center","show_text_box":false,"background_opacity":100,"color_scheme":"secondary","content_color":"#28282a","mobile_content_alignment":"center","show_text_below":true}}},"block_order":["banner"],"settings":{"full_width":false,"image_height":"adapt"}},"divider":{"type":"divider","settings":{"margin_desktop":-40,"margin_mobile":-20}},"rich-text":{"type":"rich-text","blocks":{"heading":{"type":"heading","settings":{"subheading":"","heading":"About Us","heading_size":"h2"}},"text":{"type":"text","settings":{"text":"<p>Welcome to Igloo Fashion Store, where style meets sustainability in a unique blend of chic and eco-friendly fashion. At Igloo, we believe that fashion should not only make a statement but also leave a positive impact on the planet. Our mission is to redefine the fashion industry by offering a curated collection of clothing and accessories that are not only on-trend but also environmentally responsible.<\/p><p>Founded with a passion for both fashion and the environment, Igloo Fashion Store is committed to providing an alternative to conventional fast fashion. We understand the importance of making choices that contribute to a cleaner and greener world. That's why we meticulously curate our collection, ensuring that each piece reflects our commitment to sustainability without compromising on style.<\/p><p>At the heart of Igloo is a dedication to transparency. We believe in giving our customers the power to make informed choices. Our About Us section is more than just words; it's a testament to our values and the journey we're on. We source our materials responsibly, prioritize ethical manufacturing processes, and work with suppliers who share our commitment to sustainability.<\/p><p>Our collection boasts a wide range of fashion-forward pieces, from casual wear to elegant evening ensembles. Whether you're looking for the perfect outfit for a night out or sustainable basics for everyday wear, Igloo has you covered. Each item in our store is carefully selected to reflect the latest trends while adhering to our high standards of environmental and ethical responsibility.<\/p><p>We take pride in the fact that our garments are made from eco-friendly materials such as organic cotton, recycled polyester, and sustainable blends. By choosing Igloo, you're not just buying clothes; you're investing in a more sustainable future. We believe that fashion should not be disposable, and our timeless pieces are designed to withstand the test of time, both in terms of style and durability.<\/p><p>At Igloo, we understand that true beauty goes beyond the surface. That's why we are committed to fostering a positive and inclusive community. Our fashion is for everyone, regardless of age, size, or background. We strive to celebrate diversity and individuality, encouraging our customers to express themselves through their unique style choices.<\/p><p>Customer satisfaction is at the core of our values. Our team is dedicated to providing exceptional service, from the moment you browse our website to the day your Igloo package arrives at your doorstep. We believe in creating a seamless and enjoyable shopping experience for our customers, reflecting the same care and attention to detail that goes into our sustainable fashion.<\/p><p>Join us at Igloo Fashion Store and be a part of the movement towards a cleaner, greener, and more stylish future. Explore our collection, embrace sustainability, and make a statement with fashion that not only looks good but also does good. Together, we can redefine the world of fashion and create a positive impact on the planet, one stylish choice at a time.<\/p>"}}},"block_order":["heading","text"],"settings":{"full_width":false,"content_alignment":"left","color_scheme":"secondary"}}},"order":["main","image-banner","divider","rich-text"]}