{"sections":{"banner":{"type":"main-collection-banner","settings":{"full_width":false,"show_collection_description":false,"show_collection_image":false,"text_alignment":"center"}},"countdown":{"type":"countdown-timer","blocks":{"content":{"type":"content","settings":{"heading":"Countdown timer","text":"<p>Maximize sales with this timer by creating a sense of urgency.<\/p>","heading_size":"h3"}},"timer":{"type":"timer","settings":{"enable_timer":false,"year":"2026","month":"01","day":"1","hour":"00","minute":"00","hide_timer":false,"text":""}},"button":{"type":"button","settings":{"button":"Button label","button_link":"","button_style":"primary"}}},"block_order":["content","timer","button"],"settings":{"full_width":false,"reduce_margins":true,"color_scheme":"secondary"}},"product-grid":{"type":"main-collection-product-grid","settings":{"full_width":false,"products_per_page":12,"columns_desktop":4,"infinite_scroll":true,"columns_mobile":"2","grid_style":"standard","color_scheme":"secondary","image_ratio":"adapt","show_color_swatch":true,"show_secondary_image":true,"enable_quick_add":true,"enable_filtering":true,"filter_type":"popup","color_filter":true,"enable_sorting":true}},"collection-list":{"type":"collection-list","blocks":{"featured_collection-1":{"type":"featured_collection","settings":{"collection":"","custom_title":"","custom_link":""}},"featured_collection-2":{"type":"featured_collection","settings":{"collection":"","custom_title":"","custom_link":""}},"featured_collection-3":{"type":"featured_collection","settings":{"collection":"","custom_title":"","custom_link":""}}},"block_order":["featured_collection-1","featured_collection-2","featured_collection-3"],"settings":{"full_width":false,"columns_desktop":3,"columns_mobile":"1","swipe_on_mobile":false,"enable_mobile_autorotate":false,"change_mobile_slides_speed":5,"subheading":"","title":"Shop By Category","heading_size":"h3","heading_alignment":"center","color_scheme":"secondary","collection_style":"standard","image_ratio":"square","enable_badge":true,"text_alignment":"center","show_view_all":false,"show_view_all_link":""}}},"order":["banner","countdown","product-grid","collection-list"]}