{"sections":{"slideshow_vertical_QyDFxh":{"type":"slideshow-vertical","blocks":{"slide_AYVTRV":{"type":"slide","settings":{"image":"shopify:\/\/shop_images\/image_2875c6cf-2503-41ee-a5ff-458d4da1b793.png","image_overlay_opacity":0,"heading":"Chocolate Oats","heading_size":"h1","description":"<p>Discover the delicious combination of chocolate and oats in our healthy snacks. Perfect for satisfying your sweet tooth cravings.<\/p>","button_label":"Buy","button_link":"shopify:\/\/products\/chocolate-oats","button_style":"primary","image_clickable":false,"content_width":580,"box_align":"middle-left","color_scheme":"","show_border":true,"border_style":"solid","border_color":"#05070b","box_align_mobile":"middle-left"}},"slide_myxqWf":{"type":"slide","settings":{"image":"shopify:\/\/shop_images\/image.pnge.png","image_overlay_opacity":0,"heading":"Flavory Almond Royale","heading_size":"h1","description":"<p>Experience a royal treat with our Flavory Almond Royale snacks. Made with premium ingredients for a truly luxurious taste.<\/p>","button_label":"Buy","button_link":"shopify:\/\/products\/flavory-almond-royale","button_style":"primary","image_clickable":false,"content_width":770,"box_align":"middle-left","color_scheme":"","show_border":true,"border_style":"solid","border_color":"#000000","box_align_mobile":"top-left"}},"slide_3LYYPz":{"type":"slide","settings":{"image":"shopify:\/\/shop_images\/Banner_3.jpg","image_overlay_opacity":0,"heading":"Flavory Orange Burst","heading_size":"h1","description":"<p>Discover the refreshing and vibrant taste of Flavory Orange Burst products. Satisfy your cravings with quality snacks bursting with natural flavors.<\/p>","button_label":"Buy","button_link":"shopify:\/\/products\/flavory-chocolate-crunch","button_style":"primary","image_clickable":false,"content_width":580,"box_align":"middle-left","color_scheme":"scheme-1","show_border":true,"border_style":"solid","border_color":"#000000","box_align_mobile":"top-left"}}},"block_order":["slide_AYVTRV","slide_myxqWf","slide_3LYYPz"],"settings":{"color_scheme":"scheme-1","use_page_background":false,"expanded_width":true,"transparent_header":true,"aspect_ratio":"1.77","aspect_ratio_mobile":"1","logo_width":100,"bottom_spacing":60,"logo_text":"Flavory","logo_text_case":"uppercase","alignment":"center","logo_text_height_desktop":50,"logo_text_height_mobile":50,"padding_top":20,"padding_bottom":50}},"text_columns_with_icons_gnn7nH":{"type":"text-columns-with-icons","blocks":{"column_JhEKDL":{"type":"column","settings":{"icon":"icon-package","image":"shopify:\/\/shop_images\/test-tubes_2522676_1.png","title":"No artificial flavoring","text":""}},"column_PfHWBJ":{"type":"column","settings":{"icon":"icon-shopping-cart","image":"shopify:\/\/shop_images\/sugar_5029285_1.png","title":"Low Sugar","text":""}},"column_tjEg8e":{"type":"column","settings":{"icon":"icon-user","image":"shopify:\/\/shop_images\/test-tube_2860271_1.png","title":"Chemical Free","text":""}},"column_8BjJbV":{"type":"column","settings":{"icon":"icon-lock","image":"shopify:\/\/shop_images\/nature_16487653_1.png","title":"Organic","text":""}}},"block_order":["column_JhEKDL","column_PfHWBJ","column_tjEg8e","column_8BjJbV"],"settings":{"color_scheme":"scheme-2","use_page_background":false,"full_width":true,"show_wavy_border":true,"wavy_border_type":"top","title":"Flavory: Essence of Taste","heading_size":"h2","description":"","heading_alignment":"center","section_view":"vertical_view","column_per_row":4,"title_size":"h5","text_alignment":"center","show_border":true,"show_box_shadow":true,"column_per_row_mobile":"2","mobile_text_alignment":"center","padding_top":100,"padding_bottom":100}},"marquee_n4wDbg":{"type":"marquee","blocks":{"scrolling_text_kiztew":{"type":"scrolling_text","settings":{"text":"⚡ Real Ingredients · Real Taste","link":""}},"scrolling_text_hkbNT3":{"type":"scrolling_text","settings":{"text":"⚡ Crafted for Cravings · Built for Flavor","link":""}}},"block_order":["scrolling_text_kiztew","scrolling_text_hkbNT3"],"name":"t:sections.marquee.presets.name","settings":{"expanded_width":true,"color_scheme":"scheme-3","text_size":"h6","scrolling_speed":"0.75","left_to_right":false,"scroll_rotate":"-1","padding_top":8,"padding_bottom":8,"margin_top":0,"margin_bottom":0}},"marquee_3bVFCQ":{"type":"marquee","blocks":{"scrolling_text_qji7eh":{"type":"scrolling_text","settings":{"text":"⚡ Premium Ingredients · Bold Flavors","link":""}},"scrolling_text_fxxqgD":{"type":"scrolling_text","settings":{"text":"⚡ Hype Flavors Only Available on Flavory","link":""}}},"block_order":["scrolling_text_qji7eh","scrolling_text_fxxqgD"],"name":"t:sections.marquee.presets.name","settings":{"expanded_width":true,"color_scheme":"scheme-4","text_size":"h6","scrolling_speed":"0.75","left_to_right":false,"scroll_rotate":"1","padding_top":8,"padding_bottom":8,"margin_top":0,"margin_bottom":-27}},"category_list_jDeeRe":{"type":"category-list","blocks":{"featured_category_eg7BLx":{"type":"featured_category","settings":{"color_scheme_block":"","container_size_desk":"50","container_size_mbl":"50","image":"shopify:\/\/shop_images\/ea94178c9c2deac97e7f8d8d782099baf4b952e5.png","title":"Veg","link":"shopify:\/\/collections"}},"featured_category_UeedRf":{"type":"featured_category","settings":{"color_scheme_block":"","container_size_desk":"50","container_size_mbl":"50","image":"shopify:\/\/shop_images\/1a00d498d2091afa95a78274594e15cf436c06e7.png","title":"Non-veg","link":"shopify:\/\/collections\/nonveg"}},"featured_category_WN4bPb":{"type":"featured_category","settings":{"color_scheme_block":"","container_size_desk":"25","container_size_mbl":"50","image":"shopify:\/\/shop_images\/3003258f22adffb6c4fceff07ca8f53f34d08258.png","title":"Snacks","link":"shopify:\/\/collections\/snacks"}},"featured_category_WgmKXE":{"type":"featured_category","settings":{"color_scheme_block":"","container_size_desk":"25","container_size_mbl":"50","image":"shopify:\/\/shop_images\/cda24cf6e5784380d696d8b467fe1a0d9d3268f2.png","title":"Drink","link":"shopify:\/\/collections\/drinks"}},"featured_category_RCiYME":{"type":"featured_category","settings":{"color_scheme_block":"","container_size_desk":"25","container_size_mbl":"50","image":"shopify:\/\/shop_images\/76431ef6be31cd5b442f170c9c0218d4a479d0f7.png","title":"Health","link":"shopify:\/\/collections\/health"}},"featured_category_6ctHkY":{"type":"featured_category","settings":{"color_scheme_block":"","container_size_desk":"25","container_size_mbl":"50","image":"shopify:\/\/shop_images\/393d4dd9103acd8c3427347b2083008aaa64e16b.png","title":"Bars","link":"shopify:\/\/collections\/bars"}}},"block_order":["featured_category_eg7BLx","featured_category_UeedRf","featured_category_WN4bPb","featured_category_WgmKXE","featured_category_RCiYME","featured_category_6ctHkY"],"name":"t:sections.category-list.presets.name","settings":{"color_scheme":"scheme-5","full_width":true,"use_page_background":false,"show_wavy_border":true,"wavy_border_type":"bottom","title":"","heading_size":"h2","description":"","heading_alignment":"center","heaeding_img":"shopify:\/\/shop_images\/CATEGORY.png","title_size":"h4","category_img_style":"left","category_bg_opacity":0.1,"block_height":"medium","show_box_shadow":true,"show_bg_color":true,"padding_top":122,"padding_bottom":100}},"rich_text_NaQJTU":{"type":"rich-text","blocks":{"heading_WXW8aM":{"type":"heading","settings":{"subheading":"<strong>Crave-Worthy Snacks & Drinks Delivered in Minutes<\/strong>","heading":"<strong>Flavor That Hits Different<\/strong>","heading_size":"h2"}},"text_J7BdJL":{"type":"text","settings":{"text":"Discover bold, lip-smacking tastes you won’t find anywhere else — from protein-packed oats and drool-worthy chocolate bars to ice-cold fruit bursts and limited-edition drinks that everyone’s talking about.100% real ingredients. Zero boring moments.Made for the hungry, the rushed, and the flavor-obsessed."}},"button_tRYD8x":{"type":"button","settings":{"button_label_primary":"Shop all Flavors","button_link_primary":"shopify:\/\/collections","button_style_primary":"primary","button_label_secondary":"See Limited Drops","button_link_secondary":"shopify:\/\/collections\/limited-edition","button_style_secondary":"secondary"}}},"block_order":["heading_WXW8aM","text_J7BdJL","button_tRYD8x"],"name":"t:sections.rich-text.presets.name","settings":{"expanded_width":true,"use_page_background":true,"color_scheme":"","alignment":"center","padding_top":100,"padding_bottom":100}},"featured_collection_RpwqTN":{"type":"featured-collection","name":"t:sections.featured-collection.presets.name","settings":{"color_scheme":"","use_page_background":false,"full_width":true,"show_wavy_border":true,"wavy_border_type":"both","title":"<strong>FLAVORY DRINKS<\/strong>","heading_size":"h2","sub_heading":"Quench your thirst with real fruit bursts & wild limited editions – fresh, bold, and ready in minutes!","heading_alignment":"center","collection":"drinks","image_ratio":"portrait","products_to_show":6,"desktop_products_per_row":3,"enable_slider":true,"show_view_all":true,"show_secondary_image":true,"show_vendor":false,"enable_quick_add":true,"show_box_shadow":true,"grid_text_alignment":"center","products_per_row_mobile":"2","padding_top":50,"padding_bottom":50}},"scrolling_image_rich_text_dmBiGB":{"type":"scrolling-image-rich-text","blocks":{"image_36AkVz":{"type":"image","settings":{"image":"shopify:\/\/shop_images\/juicy-blueberries-splashing-water-refreshing-burst-summer_1.png","image_width":15,"horizontal_position":90,"vertical_position":1}},"image_yzrzzn":{"type":"image","settings":{"image":"shopify:\/\/shop_images\/free-photo-red-apple-isolated-white-background_1.png","image_width":16,"horizontal_position":100,"vertical_position":81}},"image_hRyNkR":{"type":"image","settings":{"image":"shopify:\/\/shop_images\/cda24cf6e5784380d696d8b467fe1a0d9d3268f2.png","image_width":14,"horizontal_position":3,"vertical_position":0}},"image_4akXNF":{"type":"image","settings":{"image":"shopify:\/\/shop_images\/fruit-splash-illustration-with-juice_1.png","image_width":14,"horizontal_position":12,"vertical_position":51}},"image_BbrVci":{"type":"image","settings":{"image":"shopify:\/\/shop_images\/watermelon-juice-with-splashes-with-watermelon-fruit-isolated-white-background-studio-shot_1.png","image_width":14,"horizontal_position":95,"vertical_position":35}},"image_FWzyr7":{"type":"image","settings":{"image":"shopify:\/\/shop_images\/vibrant-orange-slices-levitating-graphic-design_1.png","image_width":14,"horizontal_position":12,"vertical_position":100}}},"block_order":["image_36AkVz","image_yzrzzn","image_hRyNkR","image_4akXNF","image_BbrVci","image_FWzyr7"],"settings":{"color_scheme":"scheme-2","use_page_background":true,"expanded_width":true,"show_wavy_border":false,"wavy_border_type":"both","subheading":"Fuel That Actually Tastes Insane","heading":"Hydrate Hard. Play Harder.","heading_size":"h1","text":"While others chug boring water or sugary junk, you’re sipping real fruit bursts and limited-edition flavors that make every rep, every run, and every goal feel legendary.Orange Burst after sprints. Mint Ocean mid-match. Bubble Gum Pop when you break your PR.Zero crashes. 100 % refreshment. Made for winners who refuse to compromise on taste.","button_label":"Read Blogs","button_link":"shopify:\/\/blogs\/featured","button_style_primary":"primary","button_label_2":"About us","button_link_2":"shopify:\/\/pages\/contact","button_style_secondary":"secondary","padding_top":100,"padding_bottom":20}},"image_with_text_j6K4fX":{"type":"image-with-text","blocks":{"heading_dNBcQk":{"type":"heading","settings":{"subheading":"","heading":"YOUR NEW POST-WORKOUT REWARD","heading_size":"h2"}},"text_HtVyeP":{"type":"text","settings":{"text":"<p>Crush your goals, then refuel right. Savory high-protein ramen & nuggets meet refreshing real-fruit hydration – bold flavors, zero junk, all recovery.<\/p><p><\/p>"}},"button_e6FP3m":{"type":"button","settings":{"button_color_scheme":"","button_label":"Refuel Now","button_link":"shopify:\/\/collections","button_style":"primary"}}},"block_order":["heading_dNBcQk","text_HtVyeP","button_e6FP3m"],"settings":{"color_scheme":"","use_page_background":false,"full_width":false,"show_wavy_border":true,"wavy_border_type":"both","image":"shopify:\/\/shop_images\/freepik__give-me-realistic-image-same__29546_1.png","height":"medium","image_position_right":true,"desktop_content_position":"middle","desktop_content_alignment":"left","mobile_content_alignment":"center","padding_top":100,"padding_bottom":100}},"product_bundle_HjF4aW":{"type":"product-bundle","blocks":{"product_6xqGxz":{"type":"product","settings":{"product_bundle":"flavory-cold-lava-rush","custom_product_image":"shopify:\/\/shop_images\/Adobe_Express_-_file_12_1.png","background_image":"shopify:\/\/shop_images\/Frame_59423.png","scrolling_bg_color":"linear-gradient(180deg, rgba(255, 255, 255, 1), rgba(28, 174, 175, 1) 100%)","rotating_image":"shopify:\/\/shop_images\/Excusive_circle.png","badge_width":140}},"product_BydxFb":{"type":"product","settings":{"product_bundle":"flavory-mint-ocean-breeze","custom_product_image":"shopify:\/\/shop_images\/Adobe_Express_-_file_13_1_390eb748-1ab2-49dd-bfb6-7da580e4de15.png","background_image":"shopify:\/\/shop_images\/Frame_59423.png","scrolling_bg_color":"linear-gradient(180deg, rgba(255, 255, 255, 1), rgba(244, 125, 29, 1) 100%)","rotating_image":"shopify:\/\/shop_images\/Excusive_circle.png","badge_width":140}},"product_fLej9c":{"type":"product","settings":{"product_bundle":"flavory-bubble-gum-pop","custom_product_image":"shopify:\/\/shop_images\/Adobe_Express_-_file_11.png","background_image":"shopify:\/\/shop_images\/Frame_59423.png","scrolling_bg_color":"linear-gradient(180deg, rgba(255, 255, 255, 1), rgba(155, 126, 205, 1) 100%)","rotating_image":"shopify:\/\/shop_images\/Excusive_circle.png","badge_width":140}}},"block_order":["product_6xqGxz","product_BydxFb","product_fLej9c"],"settings":{"color_scheme":"","use_page_background":false,"expanded_width":true,"show_box_shadow":true,"show_wavy_border":false,"wavy_border_type":"both","title":"<strong>Bundle Your Favorites<\/strong>","heading_size":"h2","sub_heading":"Handpicked limited-edition flavors. Select any combo and bundle them instantly.","alignment":"center","button_label":"Add Selected Product to cart","button_style_primary":"primary","padding_top":50,"padding_bottom":50}},"featured_product_P9b6ay":{"type":"featured-product","blocks":{"title_KGa7mN":{"type":"title","settings":{"heading_size":"h4"}},"content_B8e937":{"type":"content","settings":{}},"sku_9WyAUy":{"type":"sku","settings":{}},"price_UyiQrH":{"type":"price","settings":{}},"variant_picker_pEBEDQ":{"type":"variant_picker","settings":{"picker_type":"dropdown","color_swatch":true}},"buy_buttons_TfiLrG":{"type":"buy_buttons","settings":{"show_dynamic_checkout":true,"show_gift_card_recipient":true,"show_payment_icons":true}},"inventory_7pinwr":{"type":"inventory","settings":{"inventory_threshold":49,"low_inventory_notice":"Only ||count|| stock left","available_message":"In stock, and ready to ship"}},"discount_y4TMbi":{"type":"discount","settings":{"title":"Grab the discount","discount_code":"A1B2 3C4D 5E6F 7G8H","button_label":"Copy","copied_button_label":"Copied!"}},"icon_with_text_pa9dmq":{"type":"icon-with-text","settings":{"show_step_1":true,"icon_1":"icon-award","image":"shopify:\/\/shop_images\/nature_16487653_1.png","heading_1":"<strong>Organic<\/strong>","show_step_2":true,"icon_2":"icon-return","image_2":"shopify:\/\/shop_images\/test-tube_2860271_1.png","heading_2":"<strong>Chemical Free<\/strong>","show_step_3":true,"icon_3":"icon-package","image_3":"shopify:\/\/shop_images\/sugar_5029285_1.png","heading_3":"<strong>Low Sugar<\/strong>","show_step_4":true,"icon_4":"icon-user","image_4":"shopify:\/\/shop_images\/test-tubes_2522676_1.png","heading_4":"<strong>No Artificial Flavoring<\/strong>"}},"rating_wBpWL6":{"type":"rating","settings":{}},"collapsible_tab_NMd9PW":{"type":"collapsible_tab","settings":{"enable_description":false,"description_heading":"","tab_heading_1":"What’s Inside?","tab_description_1":"<p>Discover the essential ingredients in our delicious and nutritious flavory milk. Experience the goodness with each sip.<\/p>","page_1":"","tab_heading_2":"Taste & Vibe","tab_description_2":"<p>Discover the perfect taste and vibe with our selection of flavory milk. Indulge in rich, satisfying flavors for a fulfilling experience.<\/p>","page_2":"","tab_heading_3":"Best Enjoyed","tab_description_3":"<p>Experience the best of flavory milk with our top-quality products. Perfect for those who appreciate rich and delicious flavors.<\/p>","page_3":"","tab_heading_4":"Why It’s Flying Off Shelves","tab_description_4":"<p>Discover why our flavory milk is flying off shelves. Indulge in the rich and satisfying taste you crave.<\/p>","page_4":""}},"share_4BGTnB":{"type":"share","settings":{}}},"block_order":["title_KGa7mN","content_B8e937","sku_9WyAUy","price_UyiQrH","variant_picker_pEBEDQ","buy_buttons_TfiLrG","inventory_7pinwr","discount_y4TMbi","icon_with_text_pa9dmq","rating_wBpWL6","collapsible_tab_NMd9PW","share_4BGTnB"],"settings":{"expanded_width":true,"color_scheme":"scheme-2","use_page_background":true,"title":"People’s current obsession","heading_size":"h2","sub_heading":"BlackBerry Blaze > everything else this week","content_alignment":"center","product":"flavory-milk","gallery_layout":"vertical_slider","image_ratio":"square","image_ratio_with_adapt":"adapt","media_fit":"cover","enable_video_looping":false,"show_box_shadow":true,"image_ratio_adapt_mobile":"square","show_thumbnail":false,"padding_top":100,"padding_bottom":100}},"quick_reels_QYbUN9":{"type":"quick-reels","blocks":{"video_reel_KcVKf4":{"type":"video_reel","settings":{"color_scheme":"","title":"Chocolate","link":"shopify:\/\/collections\/bars","video_type":"video","video":"shopify:\/\/files\/videos\/Flavouray_Video_2.mp4","video_url":"https:\/\/www.youtube.com\/watch?v=_9VUPq3SxOc","video_alt_text":"","enable_video_autoplay":true,"show_controls":true}},"video_reel_DKAW9w":{"type":"video_reel","settings":{"color_scheme":"","title":"We love it","link":"shopify:\/\/collections\/veg-1","video_type":"video","video":"shopify:\/\/files\/videos\/Flavoury_3.mp4","video_url":"https:\/\/www.youtube.com\/watch?v=_9VUPq3SxOc","video_alt_text":"","enable_video_autoplay":true,"show_controls":true}},"video_reel_kLnhYG":{"type":"video_reel","settings":{"color_scheme":"","title":"Orange Drink","link":"","video_type":"video","video":"shopify:\/\/files\/videos\/flavoury_4.mp4","video_url":"https:\/\/www.youtube.com\/watch?v=_9VUPq3SxOc","video_alt_text":"","enable_video_autoplay":true,"show_controls":true}},"video_reel_r79rbP":{"type":"video_reel","settings":{"color_scheme":"","title":"Yummyy...","link":"shopify:\/\/collections\/snacks","video_type":"video","video":"shopify:\/\/files\/videos\/Flavoury_7.mp4","video_url":"https:\/\/www.youtube.com\/watch?v=_9VUPq3SxOc","video_alt_text":"","enable_video_autoplay":true,"show_controls":true}}},"block_order":["video_reel_KcVKf4","video_reel_DKAW9w","video_reel_kLnhYG","video_reel_r79rbP"],"name":"t:sections.quick-reels.presets.name","settings":{"color_scheme":"","expanded_width":true,"use_page_background":false,"show_wavy_border":true,"wavy_border_type":"both","heading":"We love flavory","heading_size":"h2","subheading":"","alignment":"center","desktop_video_ratio":"portrait","mobile_video_ratio":"portrait","show_box_shadow":false,"slider_type":"manual","videos_per_row":4,"videos_per_row_mobile":"1","marquee_speed":3,"card_width":350,"mobile_card_width":250,"padding_top":100,"padding_bottom":100}},"marquee_GPRVCc":{"type":"marquee","blocks":{"scrolling_text_nHcHNx":{"type":"scrolling_text","settings":{"text":"⚡LIMITED BUNDLE LIVE","link":""}}},"block_order":["scrolling_text_nHcHNx"],"name":"t:sections.marquee.presets.name","settings":{"expanded_width":true,"color_scheme":"","text_size":"h6","scrolling_speed":"0.75","left_to_right":false,"scroll_rotate":"0","padding_top":8,"padding_bottom":8,"margin_top":0,"margin_bottom":0}},"quick_purchase_rdfCaF":{"type":"quick-purchase","blocks":{"product_zVzRxG":{"type":"product","settings":{"product":""}},"product_NDjAU3":{"type":"product","settings":{"product":"bbq-chips"}},"product_rRWWyV":{"type":"product","settings":{"product":"nuggets"}},"product_7NATKn":{"type":"product","settings":{"product":"smokey-chips"}},"product_Liyheg":{"type":"product","settings":{"product":"peri-peri"}}},"block_order":["product_zVzRxG","product_NDjAU3","product_rRWWyV","product_7NATKn","product_Liyheg"],"settings":{"color_scheme":"","use_page_background":true,"expanded_width":true,"show_wavy_border":false,"wavy_border_type":"both","title":"Fast-Selling Favorites","heading_size":"h2","sub_heading":"Your most-loved products, ready to buy instantly with just one click.","alignment":"center","quick_purchase_style":"style_1","quick_purchse_scheme":"scheme-2","quick_purchase_bg":"shopify:\/\/shop_images\/Frame_59290_1.png","quick_purchase_title":"jUST ONE CLICK AWAY","quick_purchase_title_size":"h2","search_product_shadow":true,"padding_top":50,"padding_bottom":50}},"testimonials_rDcMyH":{"type":"testimonials","blocks":{"content_giXiB6":{"type":"content","settings":{"text":"OBSESSED","para":"<p>I’m literally addicted to Blackberry Blaze. It’s the only drink that actually tastes like real berries—no fake syrup taste. I keep a 6-pack in my fridge and one in my gym bag at all times now. Already on my fourth order this month!<\/p>","author_name":"Ashley Carter","author_designation":"Fitness Coach, Miami"}},"content_XJJcwq":{"type":"content","settings":{"text":"INSANE","para":"<p>Chocolate Bar actually explodes in your mouth?? My kids (and I) lost our minds the first time we tried it. We finished four bars in one afternoon. This is dangerous… in the best way.<\/p>","author_name":"Megan Williams","author_designation":"Mom of 3, Austin, Texas"}},"content_prBjVx":{"type":"content","settings":{"text":"GAMECHANGER","para":"<p>Finally a post-workout drink that doesn’t taste like chalk or chemicals. Mint Ocean Breeze is ice-cold, super refreshing, and the blue spirulina gives it that cool color. It’s my new go-to after every CrossFit session.<\/p>","author_name":"Jake Robinson","author_designation":"CrossFit Trainer, San Diego"}},"content_fK9MKG":{"type":"content","settings":{"text":"UNREAL","para":"<p>Peri-Peri Nuggets + Chicken Ramen combo is straight-up dangerous for game nights. Crispy, spicy, and delivered in 12 minutes. My roommates and I demolished everything and immediately reordered. Send help.<\/p>","author_name":"Tyler Johnson","author_designation":"Software Engineer, Seattle"}},"content_EFMf9b":{"type":"content","settings":{"text":"BEST EVER","para":"<p>Tried the gift hamper for my girlfriend’s birthday — she said it’s the most thoughtful gift she’s ever gotten.<\/p>","author_name":"Emma Davis","author_designation":"Marketing Manager, Chicago"}}},"block_order":["content_giXiB6","content_XJJcwq","content_prBjVx","content_fK9MKG","content_EFMf9b"],"name":"t:sections.testimonials.presets.name","settings":{"color_scheme":"scheme-6","use_page_background":false,"full_width":false,"show_wavy_border":true,"wavy_border_type":"both","heading":"Real People, Unfiltered Love","heading_size":"h2","para":"What Flavory Addicts Are Saying","content_alignment":"center","slider_type":"manual","marquee_speed":1,"card_width":310,"mobile_card_width":300,"desktop_slide":4,"padding_top":100,"padding_bottom":100}},"image_with_highlight_PfDJzV":{"type":"image-with-highlight","blocks":{"highlights_URnhVM":{"type":"highlights","settings":{"image":"shopify:\/\/shop_images\/Frame_59261.png","heading":"Hand-picked Ghana Cocoa Beans","description":"<p>We source the finest single-origin cocoa beans straight from small Ghana farms – sun-dried the traditional way.<\/p>","button_label":"Read More","button_link":"shopify:\/\/pages\/about-us","hover_effect":true}},"highlights_P8eUPN":{"type":"highlights","settings":{"image":"shopify:\/\/shop_images\/Frame_59266.png","heading":"Stone-Ground into Rich Cocoa Powder","description":"<p>48-hour slow stone-grinding keeps every drop of natural cocoa butter and intense chocolate flavor alive.<\/p>","button_label":"Read More","button_link":"shopify:\/\/pages\/about-us","hover_effect":true}},"highlights_PPw6jB":{"type":"highlights","settings":{"image":"shopify:\/\/shop_images\/Frame_59263.png","heading":"Folded with Milk & Jaggery","description":"<p>Fresh milk + lightly toasted jaggery gently mixed in by hand for that perfect crunch in every bite.<\/p>","button_label":"Read More","button_link":"shopify:\/\/pages\/about-us","hover_effect":true}},"highlights_JzgYyr":{"type":"highlights","settings":{"image":"shopify:\/\/shop_images\/Frame_59264.png","heading":"Your Guilt-Free Chocolate Crunch","description":"<p>Rolled, cooled, snapped, and packed fresh – 70 % dark chocolate, 20 g protein, zero guilt, pure addiction.<\/p>","button_label":"Read More","button_link":"shopify:\/\/pages\/about-us","hover_effect":true}}},"block_order":["highlights_URnhVM","highlights_P8eUPN","highlights_PPw6jB","highlights_JzgYyr"],"settings":{"color_scheme":"scheme-2","use_page_background":true,"full_width":true,"show_box_shadow":true,"show_wavy_border":false,"wavy_border_type":"both","title":"From Bean to Bar","heading_size":"h2","sub_heading":"Real chocolate, real ingredients, zero junk. This is how we make every Chocolate Crunch bar.","alignment":"center","padding_top":76,"padding_bottom":76}},"video_tRKzcG":{"type":"video","name":"t:sections.video.presets.name","settings":{"color_scheme":"","use_page_background":false,"expanded_width":true,"custom_width_range":1000,"show_box_shadow":true,"show_wavy_border":true,"wavy_border_type":"both","heading":"Experience the Exclusive Drop","heading_size":"h2","subheading":"A closer look at the craft behind our limited release.","alignment":"center","video_type":"video","video":"shopify:\/\/files\/videos\/Landscape.mp4","video_url":"https:\/\/www.youtube.com\/watch?v=_9VUPq3SxOc","video_alt_text":"s","enable_video_autoplay":true,"show_controls":true,"desktop_video_ratio":"landscape","mobile_video_ratio":"landscape","media_fit":"cover","padding_top":100,"padding_bottom":100}},"faq_TMHwLx":{"type":"faq","blocks":{"faq_tGnGDC":{"type":"faq","settings":{"heading":"Are the products vegetarian \/ non-vegetarian?","description":"<p>Drinks & bars – 100 % vegetarian. Nuggets & ramen clearly marked Veg \/ Non-Veg. Protein Oats are vegetarian (whey + plant protein).<\/p>"}},"faq_YdtMkr":{"type":"faq","settings":{"heading":"How fast do you really deliver?","description":"<p>10–20 minutes in most cities. Yes, seriously. We have dark stores within 2–3 km of you so your Chocolate Crunch or Blackberry Blaze reaches you while it’s still ice-cold.<\/p>"}},"faq_qYtBbN":{"type":"faq","settings":{"heading":"Can I order at 2 AM?","description":"<p>Yes! We’re open 8 AM – 4 AM in most cities. Perfect for late-night cravings, study sessions, or post-party munchies.<\/p>"}},"faq_Lmb3rp":{"type":"faq","settings":{"heading":"I’m allergic to nuts\/dairy – is it safe?","description":"<p>Every product page shows allergen info. Most drinks are nut-free & dairy-free. Chocolate Crunch contains milk solids. Always check the “Allergen” tag or chat with us before ordering – we reply in seconds.<br\/><\/p><p><\/p>"}},"faq_MhwyTB":{"type":"faq","settings":{"heading":"Are the drinks and snacks made with real ingredients?","description":"<p>100 %. Real fruit crush in drinks, real Ghana cocoa + jaggery in bars, real chicken in nuggets. No artificial colors, no fake flavors, no refined sugar where we say “zero”. Check the ingredients – we list everything.<\/p>"}}},"block_order":["faq_tGnGDC","faq_YdtMkr","faq_qYtBbN","faq_Lmb3rp","faq_MhwyTB"],"settings":{"color_scheme":"scheme-2","use_page_background":false,"expanded_width":false,"show_box_shadow":true,"show_wavy_border":false,"wavy_border_type":"both","title":"Got Questions?","heading_size":"h2","sub_heading":"Everything you need to know before your first (or 50th) Flavory order","alignment":"center","button_label":"View Detailed FAQs","button_link":"shopify:\/\/pages\/faq","button_style":"primary","show_background_shape":true,"background_shape_color":"#e5d6ff","padding_top":76,"padding_bottom":100}},"logo_list_ajEACJ":{"type":"logo-list","blocks":{"logo_QdrXVh":{"type":"logo","settings":{"image":"shopify:\/\/shop_images\/Frame_59279_1e05bf68-042b-434d-b62e-d1a4e9c9092d.png","link":""}},"logo_FKCjXD":{"type":"logo","settings":{"image":"shopify:\/\/shop_images\/Frame_1707485173_1.png","link":""}},"logo_BwEw3n":{"type":"logo","settings":{"image":"shopify:\/\/shop_images\/Frame_1707485174_1.png","link":""}},"logo_QFVHJh":{"type":"logo","settings":{"image":"shopify:\/\/shop_images\/Frame_1707485175.png","link":""}},"logo_VfPF3e":{"type":"logo","settings":{"image":"shopify:\/\/shop_images\/Frame_1707485176.png","link":""}}},"block_order":["logo_QdrXVh","logo_FKCjXD","logo_BwEw3n","logo_QFVHJh","logo_VfPF3e"],"settings":{"color_scheme":"scheme-2","use_page_background":false,"full_width":true,"show_wavy_border":false,"wavy_border_type":"both","title":"Logo list","heading_size":"h2","sub_heading":"How flavory do it","alignment":"center","logo_width":70,"image_ratio":"original","show_box_border":true,"show_box_shadow":true,"slider_type":"auto","logo_per_row":4,"logo_per_row_mobile":"1","marquee_speed":1,"card_width":200,"mobile_card_width":150,"padding_top":100,"padding_bottom":100}},"countdown_clock_NP7GMA":{"type":"countdown-clock","blocks":{"content_ew9X9b":{"type":"content","settings":{"heading":"Sale is live","heading_size":"h3","sale_imgae":"shopify:\/\/shop_images\/Shopping_Bags_Mockup_2_2.png","show_image":true}},"clock_Qzzidg":{"type":"clock","settings":{"enable_clock":true,"year":"2026","month":"01","day":"1","hour":"01","minute":"00","clock_size":"h1","hide_clock":false,"text":"<p>Insert the complete clock message in this section.<\/p>"}},"button_xnTNTf":{"type":"button","settings":{"button":"Button label","button_link":"","button_style":"primary","discount_button_label":"WELCOME10","discount_copy_label":"Copy discount code","discount_copied_label":"Copied!","discount_button_style":"secondary"}}},"block_order":["content_ew9X9b","clock_Qzzidg","button_xnTNTf"],"settings":{"color_scheme":"scheme-2","use_page_background":true,"show_wavy_border":false,"wavy_border_type":"both","show_container_border":true,"image":"shopify:\/\/shop_images\/image_1.png","padding_top":100,"padding_bottom":100}},"newsletter_mXFFMG":{"type":"newsletter","blocks":{"heading_pCNYUB":{"type":"heading","settings":{"heading":"<strong>Get First Dibs on Every Drop<\/strong>","heading_size":"h2"}},"paragraph_B4aQdr":{"type":"paragraph","settings":{"text":"<p><br\/>Fresh Launches, Faster Than Your Cravings<br\/>Subscribe for early access, member-only deals & surprise drops.<\/p>"}},"email_form_M7taLy":{"type":"email_form","settings":{}},"rotating_badge_8c87RN":{"type":"rotating_badge","settings":{"roating_image":"shopify:\/\/shop_images\/News_Hero.png"}}},"block_order":["heading_pCNYUB","paragraph_B4aQdr","email_form_M7taLy","rotating_badge_8c87RN"],"settings":{"color_scheme":"scheme-2","use_page_background":true,"expanded_width":true,"show_wavy_border":false,"wavy_border_type":"both","background_image":"shopify:\/\/shop_images\/Frame_59290_1.png","show_background_image":true,"text_alignment":"left","padding_top":100,"padding_bottom":100}},"featured_blog_FcHiy9":{"type":"featured-blog","settings":{"color_scheme":"scheme-2","use_page_background":false,"full_width":true,"show_wavy_border":false,"wavy_border_type":"both","heading":"READ OUR BLOGS","heading_size":"h2","sub_heading":"<p>How flavory do it.<\/p>","alignment":"center","post_limit":3,"post_per_row":3,"show_view_all":true,"enable_slider":true,"color_scheme_blog":"scheme-2","blog":"featured","image_ratio":"square","show_tag":true,"show_date":true,"show_author":true,"show_hover_animation":true,"padding_top":100,"padding_bottom":100}}},"order":["slideshow_vertical_QyDFxh","text_columns_with_icons_gnn7nH","marquee_n4wDbg","marquee_3bVFCQ","category_list_jDeeRe","rich_text_NaQJTU","featured_collection_RpwqTN","scrolling_image_rich_text_dmBiGB","image_with_text_j6K4fX","product_bundle_HjF4aW","featured_product_P9b6ay","quick_reels_QYbUN9","marquee_GPRVCc","quick_purchase_rdfCaF","testimonials_rDcMyH","image_with_highlight_PfDJzV","video_tRKzcG","faq_TMHwLx","logo_list_ajEACJ","countdown_clock_NP7GMA","newsletter_mXFFMG","featured_blog_FcHiy9"]}