{"name":"t:sections.footer.name","type":"footer","sections":{"footer":{"type":"footer","blocks":{"image":{"type":"image","settings":{"image_width":180,"alignment":"left"}},"footer-1":{"type":"link_list","settings":{"heading":"Our store","menu":"main-menu"}},"footer-0":{"type":"link_list","settings":{"heading":"Information","menu":"footer"}},"brand_information":{"type":"brand_information","settings":{"heading":"Follow Us","brand_image_width":100,"brand_description":"","show_social":true}}},"block_order":["image","footer-1","footer-0","brand_information"],"settings":{"full_width":false,"blocks_accordion":true,"color_scheme":"light","newsletter_enable":true,"newsletter_heading":"Subscribe to our emails","newsletter_description":"<p>Subscribe to get special offers, free giveaways, and once-in-a-lifetime deals.<\/p>","heading_size":"h2","enable_follow_on_shop":true,"enable_country_selector":true,"enable_language_selector":true,"payment_enable":true,"show_policy":true,"copyright_text":"All rights reserved","show_powered_by":true}}},"order":["footer"]}