{"name":"t:sections.header.name","type":"header","sections":{"announcement-bar":{"type":"announcement-bar","blocks":{"announcement-bar-0":{"type":"announcement","settings":{"text":"📦 Free Shipping On All Orders Over $100","link":""}},"bc8d601d-796a-4ad2-ac2a-d05b665ecfb8":{"type":"announcement","settings":{"text":"🎉 New customers save 20% if they use the code welcome20","link":""}}},"block_order":["announcement-bar-0","bc8d601d-796a-4ad2-ac2a-d05b665ecfb8"],"settings":{"full_width":true,"color_scheme":"light","enable_scroll":true,"scrolling_speed":2}},"header":{"type":"header","settings":{"full_width":true,"color_scheme":"primary","sticky_header":false,"transparent_header":false,"logo_width":140,"logo_width_mobile":120,"logo_position":"top-center","mobile_logo_position":"left","menu":"main-menu","menu_type_desktop":"mega","show_mega_menu_image":true,"navigation_position":"top-with-header","enable_overlay_navigation":true,"information_links":"main-menu","promo_heading":"Radiant Glow Awaits: Unveil Your Best Skin with Our Premium Skincare Essentials","promo_description":"<p>Discover the secret to luminous skin with our curated collection of nourishing skincare products. From rejuvenating serums to hydrating creams, indulge in a radiant transformation that enhances your natural beauty.<\/p>","show_social_links":true,"collection":[],"collection_style":"standard","enable_country_selector":true,"enable_language_selector":true,"enable_account_popup":true}}},"order":["announcement-bar","header"]}