{"sections":{"main":{"type":"main-blog","settings":{"full_width":false,"use_page_background":true,"color_scheme":"","color_scheme_blog":"","blog_posts":3,"post_limit":4,"image_ratio":"original","show_hover_animation":true,"show_tag":true,"show_date":true,"show_author":true,"padding_top":50,"padding_bottom":50}},"newsletter_Cp3Fg7":{"type":"newsletter","blocks":{"heading_wUU9cW":{"type":"heading","settings":{"heading":"Flavory Newsletter","heading_size":"h2"}},"paragraph_wyVzMV":{"type":"paragraph","settings":{"text":"<p>Simple as it may seem, this drink is worth having at your celebration table. Enjoy delectable notes of real grapes. Fun trick: freeze some grapes and let it sink into a glass full of this spritz.<\/p>"}},"email_form_tkHUWX":{"type":"email_form","settings":{}}},"block_order":["heading_wUU9cW","paragraph_wyVzMV","email_form_tkHUWX"],"name":"t:sections.newsletter.presets.name","settings":{"color_scheme":"","use_page_background":true,"expanded_width":false,"show_wavy_border":false,"wavy_border_type":"both","background_image":"shopify:\/\/shop_images\/image_18_2.png","show_background_image":true,"text_alignment":"left","padding_top":50,"padding_bottom":50}}},"order":["main","newsletter_Cp3Fg7"]}