{"sections":{"banner":{"type":"main-collection-banner","settings":{"color_scheme":"scheme-2","expanded_width":false,"use_page_background":false,"show_border":true,"border_type":"dashed","show_wavy_border":false,"wavy_border_type":"both","show_collection_image":true,"image":"{{ collection.metafields.custom.banner_image.value }}","style":"image-top","image_ratio":"original","media_fit":"contain","show_image_border":true,"alignment":"center","show_background_color":true,"show_content_border":true,"show_collection_description":true,"padding_top":50,"padding_bottom":50}},"category_list_eVRjm6":{"type":"category-list","blocks":{"featured_category_Lffdy7":{"type":"featured_category","settings":{"color_scheme_block":"","container_size_desk":"25","container_size_mbl":"50","image":"shopify:\/\/shop_images\/3003258f22adffb6c4fceff07ca8f53f34d08258.png","title":"Snacks","link":"shopify:\/\/collections\/snacks"}},"featured_category_4A8kCk":{"type":"featured_category","settings":{"color_scheme_block":"","container_size_desk":"25","container_size_mbl":"50","image":"shopify:\/\/shop_images\/393d4dd9103acd8c3427347b2083008aaa64e16b.png","title":"Bars","link":"shopify:\/\/collections\/bars"}},"featured_category_Q64rVD":{"type":"featured_category","settings":{"color_scheme_block":"","container_size_desk":"25","container_size_mbl":"50","image":"shopify:\/\/shop_images\/76431ef6be31cd5b442f170c9c0218d4a479d0f7.png","title":"Health","link":"shopify:\/\/collections\/health"}},"featured_category_edqXfp":{"type":"featured_category","settings":{"color_scheme_block":"","container_size_desk":"25","container_size_mbl":"50","image":"shopify:\/\/shop_images\/cda24cf6e5784380d696d8b467fe1a0d9d3268f2.png","title":"Drinks","link":"shopify:\/\/collections\/drinks"}}},"block_order":["featured_category_Lffdy7","featured_category_4A8kCk","featured_category_Q64rVD","featured_category_edqXfp"],"name":"t:sections.category-list.presets.name","settings":{"color_scheme":"scheme-2","full_width":false,"use_page_background":false,"show_wavy_border":false,"wavy_border_type":"both","title":"","heading_size":"h2","description":"","heading_alignment":"center","title_size":"h5","category_img_style":"left","category_bg_opacity":0.1,"block_height":"medium","show_box_shadow":true,"show_bg_color":true,"padding_top":0,"padding_bottom":50}},"product-grid":{"type":"main-collection-product-grid","settings":{"color_scheme":"scheme-2","use_page_background":true,"expanded_width":false,"show_wavy_border":false,"wavy_border_type":"both","image_ratio":"portrait","products_per_page":12,"products_per_row":3,"infinite_scroll":false,"show_secondary_image":true,"show_vendor":false,"enable_quick_add":true,"show_rating":true,"grid_text_alignment":"center","enable_filtering":true,"enable_sorting":true,"box_shadow":true,"products_per_row_mobile":"1","padding_top":50,"padding_bottom":100}},"quick_purchase_NDeE63":{"type":"quick-purchase","blocks":{"product_h6NrqQ":{"type":"product","settings":{"product":"cheese-oats"}},"product_yMQMdp":{"type":"product","settings":{"product":"bbq-chips"}},"product_jAKXyh":{"type":"product","settings":{"product":"nuggets"}},"product_wbL9NU":{"type":"product","settings":{"product":"smokey-chips"}},"product_b4JQdG":{"type":"product","settings":{"product":"peri-peri"}}},"block_order":["product_h6NrqQ","product_yMQMdp","product_jAKXyh","product_wbL9NU","product_b4JQdG"],"disabled":true,"name":"t:sections.quick-purchase.presets.name","settings":{"color_scheme":"","use_page_background":true,"expanded_width":true,"show_wavy_border":false,"wavy_border_type":"both","title":"Fast-Selling Favorites","heading_size":"h2","sub_heading":"Your most-loved products, ready to buy instantly with just one click.","alignment":"center","quick_purchse_scheme":"scheme-3","quick_purchase_bg":"shopify:\/\/shop_images\/Frame_59290_1.png","quick_purchase_title":"jUST ONE CLICK AWAY","quick_purchase_title_size":"h2","padding_top":50,"padding_bottom":50}},"testimonials_hCLph6":{"type":"testimonials","blocks":{"content_4Uzza7":{"type":"content","settings":{"text":"OBSESSED","para":"<p>I’m literally addicted to Blackberry Blaze. It’s the only drink that actually tastes like real berries—no fake syrup taste. I keep a 6-pack in my fridge and one in my gym bag at all times now. Already on my fourth order this month!<br\/><br\/><\/p>","author_name":"Ashley Carter","author_designation":"Fitness Coach, Miami"}},"content_cjf8RE":{"type":"content","settings":{"text":"INSANE","para":"<p>Chocolate Bar actually explodes in your mouth?? My kids (and I) lost our minds the first time we tried it. We finished four bars in one afternoon. This is dangerous… in the best way.<\/p>","author_name":"Megan Williams","author_designation":"Mom of 3, Austin, Texas"}},"content_BcTEmF":{"type":"content","settings":{"text":"GAMECHANGER","para":"<p>Finally a post-workout drink that doesn’t taste like chalk or chemicals. Mint Ocean Breeze is ice-cold, super refreshing, and the blue spirulina gives it that cool color. It’s my new go-to after every CrossFit session.<br\/><br\/><\/p>","author_name":"Jake Robinson","author_designation":"CrossFit Trainer, San Diego"}},"content_RU7hbt":{"type":"content","settings":{"text":"UNREAL","para":"<p>Peri-Peri Nuggets + Chicken Ramen combo is straight-up dangerous for game nights. Crispy, spicy, and delivered in 12 minutes. My roommates and I demolished everything and immediately reordered. Send help.<\/p>","author_name":"Tyler Johnson","author_designation":"Software Engineer, Seattle"}},"content_3QfJDp":{"type":"content","settings":{"text":"BEST EVER","para":"<p>Tried the gift hamper for my girlfriend’s birthday — she said it’s the most thoughtful gift she’s ever gotten.<br\/><br\/><\/p>","author_name":"Emma Davis","author_designation":"Marketing Manager, Chicago"}}},"block_order":["content_4Uzza7","content_cjf8RE","content_BcTEmF","content_RU7hbt","content_3QfJDp"],"name":"t:sections.testimonials.presets.name","settings":{"color_scheme":"","use_page_background":false,"full_width":true,"show_wavy_border":false,"wavy_border_type":"both","heading":"Testimonial","heading_size":"h2","para":"What people say about flavory","content_alignment":"center","slider_type":"auto","marquee_speed":2,"card_width":310,"mobile_card_width":300,"desktop_slide":4,"padding_top":100,"padding_bottom":100}},"quick_reels_fFXPtY":{"type":"quick-reels","blocks":{"video_reel_dXGmnG":{"type":"video_reel","settings":{"color_scheme":"","title":"Chocolate","link":"shopify:\/\/collections\/bars","video_type":"video","video":"shopify:\/\/files\/videos\/Flavouray_Video_2.mp4","video_url":"https:\/\/www.youtube.com\/watch?v=_9VUPq3SxOc","video_alt_text":"","enable_video_autoplay":true,"show_controls":false}},"video_reel_h4deXq":{"type":"video_reel","settings":{"color_scheme":"","title":"We love it","link":"shopify:\/\/collections\/veg-1","video_type":"video","video":"shopify:\/\/files\/videos\/Flavoury_3.mp4","video_url":"https:\/\/www.youtube.com\/watch?v=_9VUPq3SxOc","video_alt_text":"","enable_video_autoplay":true,"show_controls":false}},"video_reel_FHd9Ma":{"type":"video_reel","settings":{"color_scheme":"","title":"Orange Drink","link":"shopify:\/\/collections\/drinks","video_type":"video","video":"shopify:\/\/files\/videos\/flavoury_4.mp4","video_url":"https:\/\/www.youtube.com\/watch?v=_9VUPq3SxOc","video_alt_text":"","enable_video_autoplay":true,"show_controls":false}},"video_reel_XTCQT4":{"type":"video_reel","settings":{"color_scheme":"","title":"Yummyy...","link":"shopify:\/\/collections\/snacks","video_type":"video","video":"shopify:\/\/files\/videos\/Flavoury_7.mp4","video_url":"https:\/\/www.youtube.com\/watch?v=_9VUPq3SxOc","video_alt_text":"","enable_video_autoplay":true,"show_controls":false}}},"block_order":["video_reel_dXGmnG","video_reel_h4deXq","video_reel_FHd9Ma","video_reel_XTCQT4"],"name":"t:sections.quick-reels.presets.name","settings":{"color_scheme":"","expanded_width":true,"use_page_background":false,"show_wavy_border":true,"wavy_border_type":"both","heading":"Quick Reels","heading_size":"h2","subheading":"","alignment":"center","desktop_video_ratio":"portrait","mobile_video_ratio":"portrait","show_box_shadow":false,"slider_type":"manual","videos_per_row":4,"videos_per_row_mobile":"1","marquee_speed":3,"card_width":350,"mobile_card_width":250,"padding_top":100,"padding_bottom":100}}},"order":["banner","category_list_eVRjm6","product-grid","quick_purchase_NDeE63","testimonials_hCLph6","quick_reels_fFXPtY"]}