{"sections":{"main":{"type":"main-page","disabled":true,"settings":{"color_scheme":"","padding_top":36,"padding_bottom":36}},"contact_form_Pqje3c":{"type":"contact-form","settings":{"color_scheme":"","use_page_background":true,"box_shadow":true,"title":"","heading_size":"h2","description":"","alignment":"left","image":"shopify:\/\/shop_images\/Choclate_1_4f315373-3011-490f-8ebc-7747ee0c447f.png","show_image_border":true,"padding_top":100,"padding_bottom":100}}},"order":["main","contact_form_Pqje3c"]}