{"sections":{"main":{"type":"main-page","disabled":true,"settings":{"color_scheme":"","padding_top":68,"padding_bottom":30}},"rich_text_BcDD7k":{"type":"rich-text","blocks":{"heading_DwidNk":{"type":"heading","settings":{"subheading":"Welcome to Flavory","heading":"Where Bold Flavors Come Alive!","heading_size":"h2"}}},"block_order":["heading_DwidNk"],"name":"t:sections.rich-text.presets.name","settings":{"expanded_width":true,"use_page_background":false,"color_scheme":"","alignment":"center","padding_top":100,"padding_bottom":100}},"marquee_xFmaHG":{"type":"marquee","blocks":{"scrolling_text_pcDxmE":{"type":"scrolling_text","settings":{"text":"⚡Hand-Crafted with Love","link":""}},"scrolling_text_k9ijmp":{"type":"scrolling_text","settings":{"text":"⚡Zero Junk","link":""}},"scrolling_text_fWPkRE":{"type":"scrolling_text","settings":{"text":"⚡Bold Flavors","link":""}},"scrolling_text_G9zz8p":{"type":"scrolling_text","settings":{"text":"⚡Real Ingredients","link":""}}},"block_order":["scrolling_text_pcDxmE","scrolling_text_k9ijmp","scrolling_text_fWPkRE","scrolling_text_G9zz8p"],"name":"t:sections.marquee.presets.name","settings":{"expanded_width":true,"color_scheme":"","text_size":"h6","scrolling_speed":"0.75","left_to_right":false,"scroll_rotate":"0","padding_top":8,"padding_bottom":8,"margin_top":0,"margin_bottom":0}},"custom_section_dwymXF":{"type":"custom-section","blocks":{"image_YHfbRH":{"type":"image","name":"t:blocks.image_block.presets.label","settings":{"image":"shopify:\/\/shop_images\/Choclate_2_5f3c5e8b-4346-4f87-828c-39ac3dda479a.png","link":"","desktop_image_ratio":"landscape","mobile_image_ratio":"landscape","width":"custom","custom_width":"100","border":true,"padding-top":12,"padding-bottom":12,"padding-left":12,"padding-right":12},"blocks":{}},"heading_tyGbzq":{"type":"heading","name":"t:blocks.heading_block.label","settings":{"heading":"Journey behind every Chocolate Crunch Bar","heading_size":"h3","alignment":"center","padding-top":12,"padding-bottom":12,"padding-left":12,"padding-right":12},"blocks":{}},"description_gN7tWk":{"type":"description","name":"t:blocks.description_block.label","settings":{"description":"<p>We believe great chocolate starts with great ingredients and honest craftsmanship. Here's how we create every guilt-free Chocolate Crunch Bar:<\/p>","alignment":"center","padding-top":12,"padding-bottom":12,"padding-left":12,"padding-right":12},"blocks":{}},"description_FTpYfz":{"type":"description","name":"t:blocks.description_block.label","settings":{"description":"<p><strong>1. Hand-Picked Ghana Cocoa Beans<\/strong><br\/>We partner directly with small-scale farmers in Ghana to source the finest single-origin cocoa beans. Hand-selected and sun-dried the traditional way, these beans deliver pure, rich flavor while supporting sustainable and ethical farming communities.<\/p><p><strong>2. Stone-Ground into Rich Cocoa Powder<\/strong><br\/>Our beans go through a slow 48-hour stone-grinding process. This gentle method preserves every drop of natural cocoa butter and locks in deep, intense chocolate notes – no high-heat processing that strips away flavor, just pure chocolate essence.<\/p><p><strong>3. Folded with Creamy Milk & Jaggery<\/strong><br\/>Fresh milk and lightly toasted jaggery (a natural, unrefined sweetener) are carefully folded in by hand. This creates the perfect balance of creaminess and crunch, with subtle caramel warmth – all without refined sugars or artificial additives.<\/p><p><strong>4. Your Guilt-Free Chocolate Crunch<\/strong><br\/>Finally, the chocolate is rolled thin, tempered for that perfect snap, cooled, and packed fresh. The result? A 70% dark chocolate bar with 20g of protein per serving – bold, satisfying, and completely free from junk. Pure addiction, zero guilt.<\/p><p>At Flavory, every step matters. We’re obsessed with real ingredients, bold flavors, and snacks that fuel your day without compromise.<\/p>","alignment":"left","padding-top":12,"padding-bottom":12,"padding-left":12,"padding-right":12},"blocks":{}},"button_taVtcF":{"type":"button","name":"t:blocks.button_block.label","settings":{"width":"custom","custom_width":"100","alignment":"center","primary_button_label":"Shop Chocolate Crunch Bars","primary_button_link":"shopify:\/\/collections\/bars","primary_button_style":"primary","secondary_button_label":"","secondary_button_link":"","secondary_button_style":"secondary","padding-top":12,"padding-bottom":12,"padding-left":12,"padding-right":12},"blocks":{}}},"block_order":["image_YHfbRH","heading_tyGbzq","description_gN7tWk","description_FTpYfz","button_taVtcF"],"name":"t:sections.custom-section.name","settings":{"full_width":false,"color_scheme":"scheme-7","title":"","heading_size":"h3","heading_alignment":"center","image_height":"adapt","background_media":"none","color_scheme_1":"scheme-7","image_overlay_opacity":0,"horizontal_alignment":"center","vertical_alignment":"center","padding-top":50,"padding-bottom":50}},"image_with_text_aDWGNQ":{"type":"image-with-text","blocks":{"heading_8aipEN":{"type":"heading","settings":{"subheading":"","heading":"This is the journey behind every Chocolate Crunch Bar – made with care, tradition, and the finest ingredients.","heading_size":"h2"}},"text_YQPWTD":{"type":"text","settings":{"text":"<p>We believe great chocolate starts with great ingredients and honest craftsmanship. Here's how we create every guilt-free Chocolate Crunch Bar:<\/p><p><strong>1. Hand-Picked Ghana Cocoa Beans<\/strong><br\/>We partner directly with small-scale farmers in Ghana to source the finest single-origin cocoa beans. Hand-selected and sun-dried the traditional way, these beans deliver pure, rich flavor while supporting sustainable and ethical farming communities.<\/p><p><strong>2. Stone-Ground into Rich Cocoa Powder<\/strong><br\/>Our beans go through a slow 48-hour stone-grinding process. This gentle method preserves every drop of natural cocoa butter and locks in deep, intense chocolate notes – no high-heat processing that strips away flavor, just pure chocolate essence.<\/p><p><strong>3. Folded with Creamy Milk & Jaggery<\/strong><br\/>Fresh milk and lightly toasted jaggery (a natural, unrefined sweetener) are carefully folded in by hand. This creates the perfect balance of creaminess and crunch, with subtle caramel warmth – all without refined sugars or artificial additives.<\/p><p><strong>4. Your Guilt-Free Chocolate Crunch<\/strong><br\/>Finally, the chocolate is rolled thin, tempered for that perfect snap, cooled, and packed fresh. The result? A 70% dark chocolate bar with 20g of protein per serving – bold, satisfying, and completely free from junk. Pure addiction, zero guilt.<\/p><p>At Flavory, every step matters. We’re obsessed with real ingredients, bold flavors, and snacks that fuel your day without compromise.<\/p>"}},"button_ULKXrh":{"type":"button","settings":{"button_color_scheme":"scheme-2","button_label":"Shop Chocolate Crunch Bars","button_link":"shopify:\/\/collections\/bars","button_style":"primary"}}},"block_order":["heading_8aipEN","text_YQPWTD","button_ULKXrh"],"disabled":true,"name":"t:sections.image-with-text.presets.name","settings":{"color_scheme":"","use_page_background":false,"full_width":true,"show_wavy_border":false,"wavy_border_type":"both","image":"shopify:\/\/shop_images\/Choclate_2_5f3c5e8b-4346-4f87-828c-39ac3dda479a.png","height":"original","image_position_right":false,"desktop_content_position":"middle","desktop_content_alignment":"left","mobile_content_alignment":"center","padding_top":100,"padding_bottom":100}},"logo_list_MmkwdP":{"type":"logo-list","blocks":{"logo_y9Uqwf":{"type":"logo","settings":{"image":"shopify:\/\/shop_images\/Frame_1707485176.png","link":""}},"logo_mcEyNa":{"type":"logo","settings":{"image":"shopify:\/\/shop_images\/Frame_1707485175.png","link":""}},"logo_rTUUx8":{"type":"logo","settings":{"image":"shopify:\/\/shop_images\/Frame_1707485174_1.png","link":""}},"logo_AmarMR":{"type":"logo","settings":{"image":"shopify:\/\/shop_images\/Frame_1707485173_1.png","link":""}},"logo_ckAFYe":{"type":"logo","settings":{"image":"shopify:\/\/shop_images\/Frame_59279_1e05bf68-042b-434d-b62e-d1a4e9c9092d.png","link":""}}},"block_order":["logo_y9Uqwf","logo_mcEyNa","logo_rTUUx8","logo_AmarMR","logo_ckAFYe"],"name":"t:sections.logo-list.presets.name","settings":{"color_scheme":"","use_page_background":false,"full_width":true,"show_wavy_border":false,"wavy_border_type":"both","title":"Our trusted Partners","heading_size":"h2","sub_heading":"","alignment":"center","logo_width":70,"image_ratio":"original","show_box_border":true,"show_box_shadow":true,"slider_type":"auto","logo_per_row":6,"logo_per_row_mobile":"2","marquee_speed":2,"card_width":200,"mobile_card_width":150,"padding_top":50,"padding_bottom":50}}},"order":["main","rich_text_BcDD7k","marquee_xFmaHG","custom_section_dwymXF","image_with_text_aDWGNQ","logo_list_MmkwdP"]}