{"sections":{"main":{"type":"main-product","blocks":{"vendor-sku":{"type":"vendor-sku","settings":{}},"title":{"type":"title","settings":{"heading_size":"h3"}},"offer":{"type":"offer","settings":{"color_scheme":"primary","heading":"Super Deals","offer_info":"<p>Ends: Jul 9, 11:59 PM PT<\/p>"}},"price":{"type":"price","settings":{}},"rating_dQzzeF":{"type":"rating","settings":{}},"divider":{"type":"divider","settings":{}},"variant_picker":{"type":"variant_picker","settings":{"picker_type":"button"}},"inventory":{"type":"inventory","settings":{"inventory_threshold":10,"low_inventory_notice":"Hurry, limited stock available! Only ||count|| left in stock.","available_message":"Ready for prompt delivery! Only ||count|| left in stock."}},"quantity_selector":{"type":"quantity_selector","settings":{"enable_share":true}},"buy_buttons":{"type":"buy_buttons","settings":{"show_dynamic_checkout":true,"show_gift_card_recipient":false}},"collapsible-row-0":{"type":"collapsible_tab","settings":{"by_default_open":false,"heading":"Description","content":"","product_description":true,"page":""}},"collapsible-row-1":{"type":"collapsible_tab","settings":{"by_default_open":false,"heading":"Shipping Information","content":"<p>We offer fast and reliable shipping to customers across the globe. Here are the details you need to know:<br\/><br\/>Shipping Destinations: We ship to most countries worldwide. Please check the shipping options during checkout for availability in your area.<br\/>Shipping Times: Your order will be processed within  2-5 business days. <br\/>Shipping Costs: We provide competitive shipping rates based on your location and the weight of your order. The exact shipping cost will be calculated during checkout.<\/p>","product_description":false,"page":""}},"collapsible-row-2":{"type":"collapsible_tab","settings":{"by_default_open":false,"heading":"Return policy","content":"<p>Your satisfaction is our priority, and we want you to be completely happy with the products. If you're not satisfied for any reason, our return policy ensures a hassle-free experience:<\/p><p>Return: You may initiate a return within 30 days of receiving your order. To be eligible for a return, the product must be unused, in its original packaging, and in the same condition as when you received it.<\/p><p>Refund Once we receive and inspect the returned product, we will process your refund within 5 business days. Refunds will be issued to the original payment method used for the purchase.<\/p>","product_description":false,"page":""}},"product_list":{"type":"product_list","settings":{"heading":"Handcrafted Just for You!","heading_size":"h5","favorite_products":[],"grid_style":"standard","color_scheme":"secondary","image_ratio":"adapt","show_color_swatch":true,"show_secondary_image":true,"enable_quick_add":true}},"secure_payment":{"type":"secure_payment","settings":{"color_scheme":"gray","heading":"Payment & Safety","heading_size":"h5","description":"<p>Ensure secure transactions and peace of mind with our trusted payment methods. Your safety is our priority, we employ advanced security measures to protect your personal information and sensitive data.<br\/><br\/>Do you need more details?  Visit our FAQ's or Contact us<\/p>","payment_icons":true}},"text":{"type":"text","settings":{"text":"All Products are displayed with the kind permission of Shutterstock."}}},"block_order":["vendor-sku","title","offer","price","rating_dQzzeF","divider","variant_picker","inventory","quantity_selector","buy_buttons","collapsible-row-0","collapsible-row-1","collapsible-row-2","product_list","secure_payment","text"],"settings":{"full_width":false,"color_scheme":"secondary","layout_style":"standard","product_visibility":true,"media_fit":"contain","gallery_layout":"thumbnail","thumbnail_slider":true,"image_zoom":true,"mobile_thumbnails":true,"enable_video_looping":true}},"slideshow":{"type":"slideshow","blocks":{"video":{"type":"video","settings":{"subheading":"Best Selling","heading":"Snowboarding Gear","description":"","heading_size":38,"button_label":"Shop snowboards","link":"","button_style":"primary","button_label_second":"","link_second":"","button_style_second":"secondary","box_align":"middle-left","show_text_box":true,"background_opacity":100,"color_scheme":"secondary","content_width":70,"text_alignment":"left","text_alignment_mobile":"center","heading_size_mobile":28}}},"block_order":["video"],"settings":{"full_width":true,"transparent_header":false,"slide_height":"medium","auto_rotate":false,"change_slides_speed":5,"slide_height_mobile":"medium","show_text_below":true}},"image-with-text":{"type":"image-with-text","blocks":{"heading":{"type":"heading","settings":{"subheading":"Stay Warm and Dry in the","heading":"Stay Warm and Dry in the","heading_size":"h3"}},"text":{"type":"text","settings":{"text":"<p>There are many different types of snow clothes available, so it is important to choose the right ones for your needs. Make sure to choose clothes that are warm, waterproof, and breathable. You will also need to choose clothes that are comfortable and allow you to move freely.<\/p>"}},"button":{"type":"button","settings":{"button_label":"Shop now","button_link":"","button_style":"primary"}}},"block_order":["heading","text","button"],"settings":{"full_width":false,"height":"adapt","desktop_image_width":"medium","layout":"text_first","desktop_content_position":"middle","desktop_content_alignment":"left","content_layout":"no-overlap","color_scheme":"secondary","mobile_content_alignment":"left"}},"related-products":{"type":"related-products","settings":{"full_width":false,"products_to_show":4,"columns_desktop":4,"columns_mobile":"2","subheading":"","heading":"You may also like","heading_size":"h3","heading_alignment":"center","grid_style":"standard","color_scheme":"secondary","image_ratio":"portrait","show_color_swatch":true,"show_secondary_image":true,"enable_quick_add":true}}},"order":["main","slideshow","image-with-text","related-products"]}