{"current":{"favicon":"shopify:\/\/shop_images\/fav-icon.png","page_width":1300,"animations_reveal_on_scroll":true,"sale_badge_color_scheme":"#9D2226","sale_badge_color":"#f6f1eb","sold_badge_color":"#ffffff","custom_badge_color_scheme":"#f6f1eb","custom_badge_color":"#2A1A15","type_header_font":"playfair_display_n4","heading_size_h1":72,"mobile_heading_size_h1":42,"mobile_heading_size_h2":32,"mobile_heading_size_h3":20,"mobile_heading_size_h4":18,"mobile_heading_size_h5":16,"heading_transform":"default","type_body_font":"dm_sans_n4","body_font_size":16,"social_facebook_link":"https:\/\/www.facebook.com\/#shopify","social_instagram_link":"https:\/\/www.instagram.com\/shopify","social_youtube_link":"https:\/\/www.youtube.com\/shopify","social_tiktok_link":"","social_twitch_link":"https:\/\/twitch.tv\/shopify","social_twitter_link":"https:\/\/x.com\/shopify","social_snapchat_link":"","social_pinterest_link":"","social_tumblr_link":"","social_vimeo_link":"","social_whatsapp_link":"","predictive_search_enabled":true,"predictive_search_show_vendor":true,"predictive_search_show_price":true,"suggestions_menu":"shop-by-category","currency_code_enabled":true,"cart_type":"drawer","show_vendor":false,"show_cart_note":true,"cart_color_scheme":"scheme-1","enable_cart_recommendations":false,"outline_bacground_transparent":true,"heading_scale":100,"body_scale":100,"sale_badge_background_color":"#f6f1eb","sold_out_badge_background_color":"#9d2226","sold_out_badge_color":"#ffffff","custom_badge_background_color":"#282828","card_sale_badge_background_color":"#9D2226","card_sale_badge_color":"#ffffff","card_sold_out_badge_background_color":"#f6f1eb","card_sold_out_badge_color":"#2a1a15","card_custom_badge_background_color":"#282828","card_custom_badge_color":"#ffffff","spacing_sections":36,"text_transform":true,"logo_width":90,"sections":{"main-password-header":{"type":"main-password-header","settings":{"color_scheme":"scheme-1","logo_image":"shopify:\/\/shop_images\/ezgif-2-1fc541e4ea.gif","logo_width":155,"logo_width_mobile":150,"enable_social_icons":true}},"main-password-footer":{"type":"main-password-footer","settings":{"color_scheme":"scheme-1"}},"newsletter-popup":{"type":"newsletter-popup","settings":{"show_popup":false,"popup_show_again":7,"popup_delay_seconds":2,"heading":"Our Newsletter","heading_size":"h3","show_social":true}},"gift-card-header":{"type":"gift-card-header","settings":{"logo":"shopify:\/\/shop_images\/ezgif-2-1fc541e4ea.gif","color_scheme":"scheme-4","logo_width":125,"logo_width_mobile":100}}},"content_for_index":[],"color_schemes":{"scheme-1":{"settings":{"background":"#ffffff","text":"#2a1a15","button":"#2a1a15","button_label":"#ffffff","primary_button_border":"#2a1a15","outline_button_background":"#ffffff","outline_button_label":"#2a1a15","outline_button_border":"#ffffff"}},"scheme-2":{"settings":{"background":"#f6f1eb","text":"#2a1a15","button":"#2a1a15","button_label":"#f6f1eb","primary_button_border":"#2a1a15","outline_button_background":"","outline_button_label":"#2a1a15","outline_button_border":"#2a1a15"}},"scheme-3":{"settings":{"background":"#2a1a15","text":"#ffffff","button":"#ffffff","button_label":"#2a1a15","primary_button_border":"#ffffff","outline_button_background":"rgba(0,0,0,0)","outline_button_label":"#ffffff","outline_button_border":"#ffffff"}},"scheme-4":{"settings":{"background":"#f9f5f0","text":"#2a1a15","button":"#2a1a15","button_label":"#f9f5f0","primary_button_border":"#f9f5f0","outline_button_background":"#f6f1eb","outline_button_label":"#2a1a15","outline_button_border":"#2a1a15"}}}},"presets":{"Default":{"logo_width":90,"color_schemes":{"scheme-1":{"settings":{"background":"#FFFFFF","text":"#2A1A15","button":"#2A1A15","button_label":"#FFFFFF","primary_button_border":"#2A1A15","outline_button_background":"","outline_button_label":"#2A1A15","outline_button_border":"#2A1A15"}},"scheme-2":{"settings":{"background":"#F6F1EB","text":"#2A1A15","button":"#2A1A15","button_label":"#FFFFFF","primary_button_border":"#2A1A15","outline_button_background":"","outline_button_label":"#2A1A15","outline_button_border":"#2A1A15"}},"scheme-3":{"settings":{"background":"#2A1A15","text":"#F6F1EB","button":"#2A1A15","button_label":"#F6F1EB","primary_button_border":"#2A1A15","outline_button_background":"","outline_button_label":"#2A1A15","outline_button_border":"#F6F1EB"}},"scheme-4":{"settings":{"background":"#eee9e3","text":"#2a1a15","button":"#2a1a15","button_label":"#ffffff","primary_button_border":"#2a1a15","outline_button_background":"","outline_button_label":"#2a1a15","outline_button_border":"#eee9e3"}}},"type_header_font":"dm_sans_n4","heading_scale":100,"type_body_font":"dm_sans_n4","body_scale":100,"page_width":1800,"spacing_sections":0,"social_facebook_link":"","social_instagram_link":"","social_youtube_link":"","social_tiktok_link":"","social_twitter_link":"","social_snapchat_link":"","social_pinterest_link":"","social_tumblr_link":"","social_vimeo_link":"","social_whatsapp_link":"","predictive_search_enabled":true,"predictive_search_show_vendor":false,"predictive_search_show_price":true,"currency_code_enabled":true,"cart_type":"drawer","show_vendor":false,"show_cart_note":false,"sections":{"main-password-header":{"type":"main-password-header","settings":{"color_scheme":"scheme-1"}},"main-password-footer":{"type":"main-password-footer","settings":{"color_scheme":"scheme-2"}}}}}}