{"sections":{"main":{"type":"main-article","settings":{"section_width":false,"featured_image":true,"blog_show_date":true,"blog_show_author":false,"share_label":true,"padding_top":80,"padding_bottom":80}},"contact_form_k3zqwY":{"type":"contact-form","blocks":{"feedback_form_GWVxCj":{"type":"feedback-form","settings":{"heading":"Leave a comment","heading_size":"h2","discription":"","content_alignment":"left"}},"map_structure_KLhTxf":{"type":"map-structure","disabled":true,"settings":{"api_key":"","grayscale":true,"map_address":""}}},"block_order":["feedback_form_GWVxCj","map_structure_KLhTxf"],"settings":{"section_width":false,"color_scheme":"","padding_top":0,"padding_bottom":0}},"featured_blog_WihjwN":{"type":"featured-blog","settings":{"color_scheme_1":"scheme-1","heading":"Our Journal","heading_size":"h2","blog":"news","post_limit":4,"columns_desktop":4,"color_scheme":"","show_date":true,"show_author":true,"show_view_all":true,"swipe_on_mobile":true,"padding_top":80,"padding_bottom":80}}},"order":["main","contact_form_k3zqwY","featured_blog_WihjwN"]}