{"sections":{"main":{"type":"main-blog","settings":{"post_limit":8,"columns_desktop":3,"show_date":true,"show_author":false,"padding_top":80,"padding_bottom":80,"color_scheme":"scheme-2"}},"featured_blog_XnMK8B":{"type":"featured-blog","disabled":true,"settings":{"color_scheme_1":"scheme-1","heading":"Blog","heading_size":"h2","blog":"news","post_limit":3,"columns_desktop":3,"color_scheme":"","show_date":true,"show_author":true,"show_view_all":true,"swipe_on_mobile":true,"padding_top":40,"padding_bottom":40}}},"order":["main","featured_blog_XnMK8B"]}