{"sections":{"cart-items":{"type":"main-cart-items","blocks":{"totality":{"type":"totality","settings":{"color_scheme_2":"","Secure_Payment":true,"Payment_icon":false}}},"block_order":["totality"],"settings":{"color_scheme":"","show_gift_wrap":true,"gift_card_product":"black-with-white-polka-dots","gift_cart_text":"Prefer Gift Wrap For Your Purchase? |","gift_cart_button":"Add a gift wrap","padding_top":80,"padding_bottom":80}},"cart-recommendations":{"type":"cart-recommendations","settings":{"heading":"Add-Ons","heading_size":"h2","color_scheme":"scheme-1","products_to_show":4,"columns_desktop":4,"image_ratio":"portrait","card_text_alignment":"left","show_secondary_image":true,"show_vendor":true,"show_rating":false,"enable_quickview":true,"columns_mobile":"1","swipe_on_mobile":true,"padding_top":0,"padding_bottom":80}}},"order":["cart-items","cart-recommendations"]}