{"sections":{"logo_list_6CrCXz":{"type":"logo-list","blocks":{"image_UQbzzR":{"type":"image","settings":{"title":"Skirts","link":"shopify:\/\/collections\/new-1"}},"image_Vd4rWb":{"type":"image","settings":{"title":"Sandals","link":"shopify:\/\/collections\/all"}},"image_wdYfEK":{"type":"image","settings":{"title":"Dresses","link":"shopify:\/\/collections\/t-shirt"}},"image_aVjKFe":{"type":"image","settings":{"title":"Coat","link":"shopify:\/\/collections\/party-wear"}},"image_yGLezV":{"type":"image","settings":{"title":"Bra","link":"shopify:\/\/collections\/bottom"}},"image_BL8VVf":{"type":"image","settings":{"title":"Bottom","link":"shopify:\/\/collections\/new"}}},"block_order":["image_UQbzzR","image_Vd4rWb","image_wdYfEK","image_aVjKFe","image_yGLezV","image_BL8VVf"],"settings":{"section_width":false,"color_scheme":"","logo_per_row":6,"logo_width":40,"padding_top":80,"padding_bottom":0,"logo_per_row_mobile":"2","swipe_on_mobile":true}},"collection_list_hXdUQV":{"type":"collection-list","blocks":{"featured_collection_F9abHi":{"type":"featured_collection","settings":{"collection":"coat","info_text":"MORDEN","title":"","title_size":"h3","buy_button":"Buy"}},"featured_collection_4taN8E":{"type":"featured_collection","settings":{"collection":"party-wear","info_text":"MORDEN","title":"","title_size":"h3","buy_button":"Buy"}},"featured_collection_7zLLYx":{"type":"featured_collection","settings":{"collection":"clothing","info_text":"MORDEN","title":"","title_size":"h3","buy_button":"Buy"}},"featured_collection_fNyBbQ":{"type":"featured_collection","settings":{"collection":"bottom","info_text":"MORDEN","title":"","title_size":"h3","buy_button":"Buy"}}},"block_order":["featured_collection_F9abHi","featured_collection_4taN8E","featured_collection_7zLLYx","featured_collection_fNyBbQ"],"disabled":true,"settings":{"color_scheme":"","title":"Shop By Category","heading_size":"h2","heading_transform":"default","collection_color_scheme":"","image_ratio":"adapt","columns_desktop":3,"columns_mobile":"1","padding_top":40,"padding_bottom":40}},"banner":{"type":"main-collection-banner","settings":{"show_collection_description":false,"show_collection_image":false,"color_scheme":"scheme-1","padding_top":0,"padding_bottom":0}},"product-grid":{"type":"main-collection-product-grid","settings":{"products_per_page":12,"columns_desktop":4,"color_scheme":"scheme-1","image_ratio":"portrait","show_secondary_image":true,"show_vendor":true,"show_rating":true,"enable_quickview":true,"card_text_alignment":"center","enable_filtering":true,"enable_sorting":true,"columns_mobile":"1","padding_top":0,"padding_bottom":80}}},"order":["logo_list_6CrCXz","collection_list_hXdUQV","banner","product-grid"]}