{"sections":{"slideshow_LeAfYd":{"type":"slideshow","blocks":{"video_KGprBP":{"type":"video","settings":{"video_slide":"shopify:\/\/files\/videos\/elegance_video.mp4","image_overlay_opacity":0,"subheading":"Tell your brand's story through images","subheading_transform":"uppercase","heading":"Heading goes here","heading_size":"h1","content":"Tell your brand's story through images","box_align":"middle-left","color_scheme":"scheme-3","button_label":"Button label","button_link":"","button_style_primary":"outline","outline_background":false,"button_label_2":"Button label","button_link_2":"","button_style_secondary":"primary","second_outline_background":false,"mobile_box_align":"middle-left"}},"slide_hPn789":{"type":"slide","settings":{"image":"shopify:\/\/shop_images\/main-banner.jpg","image_overlay_opacity":0,"subheading":"Sale is live","subheading_transform":"uppercase","heading":"Shop Now For Trends","heading_size":"h1","content":"Explore more with elegance get your style get next step with us here","box_align":"middle-center","content_width":605,"color_scheme":"scheme-3","button_label":"Explore More","button_link":"","button_style_primary":"outline","outline_background":false,"button_label_2":"","button_link_2":"","button_style_secondary":"primary","second_outline_background":false,"mobile_image":"shopify:\/\/shop_images\/Frame_139.png","mobile_box_align":"middle-center"}}},"block_order":["video_KGprBP","slide_hPn789"],"settings":{"section_width":true,"transparent_header":true,"slide_height":"large","auto_rotate":false,"change_slides_speed":5,"padding_top":0,"padding_bottom":0}},"text_with_icons_7drJxw":{"type":"text-with-icons","blocks":{"contact_dLmeGX":{"type":"contact","settings":{"heading":"Natural Fabric","phone":"<p>Discover furniture crafted from premium, durable fabric like cotton and silk for long-lasting quality.<\/p>","icon":"icon-leaf"}},"contact_xFNUW4":{"type":"contact","settings":{"heading":"Modern Designs","phone":"<p>Explore our collection featuring sleek, minimalist designs that bring modern elegance to you.<\/p>","icon":"icon-t-shirt"}},"contact_ecwqNx":{"type":"contact","settings":{"heading":"Free Shipping","phone":"<p>Enjoy hassle-free shopping with free shipping on all our furniture, delivered safely to your door.<\/p>","icon":"icon-package"}},"contact_Nmkn7q":{"type":"contact","settings":{"heading":"7 Days Return Policy","phone":"<p>You are always free to try any product and if you want a better alternative you can replace it .<\/p>","icon":"icon-return"}}},"block_order":["contact_dLmeGX","contact_xFNUW4","contact_ecwqNx","contact_Nmkn7q"],"settings":{"section_width":false,"color_scheme":"scheme-2","section_view":"horizontal_view","heading":"","heading_size":"h2","heading_aligment":"center","heading_style":"body_style","block_heading_size":"h6","content_alignment":"center","image_width":35,"swipe_on_mobile":true,"padding_top":0,"padding_bottom":0}},"collection_list_VHXFht":{"type":"collection-list","blocks":{"featured_collection_DfTWqd":{"type":"featured_collection","settings":{"collection":"suits","hover_image":"shopify:\/\/shop_images\/SUIT_1.png","info_text":"Morden","title":"","buy_button":"Buy"}},"featured_collection_FPyXde":{"type":"featured_collection","settings":{"collection":"bottoms","hover_image":"shopify:\/\/shop_images\/Bottom_1.png","info_text":"Morden","title":"","buy_button":"Buy"}},"featured_collection_UJEqwr":{"type":"featured_collection","settings":{"collection":"skirts","hover_image":"shopify:\/\/shop_images\/skirt_3.png","info_text":"Morden","title":"","buy_button":"Buy"}},"featured_collection_zwQwYt":{"type":"featured_collection","settings":{"collection":"dresses","hover_image":"shopify:\/\/shop_images\/Dresses_1.png","info_text":"Morden","title":"","buy_button":"Buy"}}},"block_order":["featured_collection_DfTWqd","featured_collection_FPyXde","featured_collection_UJEqwr","featured_collection_zwQwYt"],"settings":{"section_width":false,"color_scheme":"scheme-1","title":"Shop By Category","heading_style":"body_style","heading_size":"h6","heading_alignment":"left","heading_transform":"uppercase","collection_color_scheme":"scheme-1","image_ratio":"adapt","columns_desktop":4,"title_size":"h1","collection_title_alignment":"left","columns_mobile":"1","swipe_on_mobile":true,"padding_top":80,"padding_bottom":40}},"featured_collection_hPFqtM":{"type":"featured-collection","settings":{"section_width":true,"color_scheme":"scheme-1","title":"Our products","heading_size":"h4","show_view_all":true,"button_style_primary":"outline","outline_background":true,"collection":"suits","products_to_show":8,"columns_desktop":4,"image_ratio":"portrait","show_secondary_image":true,"show_vendor":true,"show_rating":false,"enable_quickview":true,"show_color_swatches":true,"heading_style":"body_style","title_size":"p","card_text_alignment":"left","columns_mobile":"1","swipe_on_mobile":true,"padding_top":40,"padding_bottom":80}},"image_with_text_bLMmyR":{"type":"image-with-text","blocks":{"text_im3P8w":{"type":"text","settings":{"text":"<p>Add the subheading here!<\/p>"}},"heading_xbpnp6":{"type":"heading","settings":{"heading":"Image with text","heading_size":"h2"}},"summary_RQcBkV":{"type":"summary","settings":{"description":"<p>Pair text with an image to focus on your chosen product, collection, or blog post. Add details on availability, style, or even provide a review.<\/p>"}},"button_brcQ4g":{"type":"button","settings":{"button_label":"Button label","button_link":"","button_style_primary":"outline","outline_background":true,"button_label_2":"button label","button_link_2":"","button_style_secondary":"primary","second_outline_background":false}}},"block_order":["text_im3P8w","heading_xbpnp6","summary_RQcBkV","button_brcQ4g"],"settings":{"section_width":false,"color_scheme":"scheme-4","image":"shopify:\/\/shop_images\/image-with-text-new.png","height":"large","show_border":true,"enable_hover_effect":true,"hover_image":"shopify:\/\/shop_images\/Frame_104_1.png","layout":"image_first","desktop_content_position":"middle","desktop_content_alignment":"left","mobile_content_alignment":"center","padding_top":0,"padding_bottom":0}},"image_showcase_NB3P96":{"type":"image-showcase","blocks":{"image_d6VkHW":{"type":"image","settings":{"color_scheme":"scheme-3","image":"shopify:\/\/shop_images\/showcase1.png","tagline":"#2024","title":"Shop Now For Trendsetting Styles","heading_size":"h2","text":"","link_label":"Read More","link":"","content_position":"bottom-center"}},"image_M4tFxL":{"type":"image","settings":{"color_scheme":"","image":"shopify:\/\/shop_images\/showcase2.png","tagline":"#2024","title":"Shop Now For Trendsetting Styles","heading_size":"h2","text":"","link_label":"Read More","link":"","content_position":"bottom-center"}}},"block_order":["image_d6VkHW","image_M4tFxL"],"settings":{"section_width":true,"title":"Image Showcase","heading_size":"h2","heading_alignment":"left","image_ratio":"portrait","columns_desktop":"2","swipe_on_mobile":false,"padding_top":80,"padding_bottom":40}},"masnory_grid_Tq7FRL":{"type":"masnory-grid","blocks":{"image_pr7NhL":{"type":"image","settings":{"grid_color_scheme":"scheme-4","image":"shopify:\/\/shop_images\/file_9_3.png","image_height":50,"enable_hover_effect":true,"hover_image":"shopify:\/\/shop_images\/file_10_2.png","hover_effect_background":"#e2d5c5","title":"Winter Collection","heading_size":"extra_heading_size","description":"<p>Include a detailed description of your product and collection in this section.<\/p>","button_label":"OFF 20%","button_link":"","button_style":"outline","outline_background":false,"second_button_label":"Shop Now","second_button_link":"","second_button_style":"primary","second_outline_background":false,"text_alignment":"center"}},"image_36yeFx":{"type":"image","settings":{"grid_color_scheme":"","image":"shopify:\/\/shop_images\/file_13_1_1.png","image_height":100,"enable_hover_effect":true,"hover_effect_background":"#e2d5c5","title":"Garments","heading_size":"extra_heading_size","description":"<p>Include a detailed description of your product and collection in this section.<\/p>","button_label":"GET OFF","button_link":"","button_style":"outline","outline_background":false,"second_button_label":"","second_button_link":"","second_button_style":"primary","second_outline_background":false,"text_alignment":"center"}},"image_7twMTR":{"type":"image","settings":{"grid_color_scheme":"","image":"shopify:\/\/shop_images\/file_12_3_1_43e72013-695f-48d0-b1df-d19768ae4244.png","image_height":100,"enable_hover_effect":true,"hover_effect_background":"#e2d5c5","title":"Garments","heading_size":"extra_heading_size","description":"<p>Include a detailed description of your product and collection in this section.<\/p>","button_label":"GET OFF","button_link":"","button_style":"outline","outline_background":false,"second_button_label":"","second_button_link":"","second_button_style":"primary","second_outline_background":false,"text_alignment":"center"}},"image_Gi7GmY":{"type":"image","settings":{"grid_color_scheme":"","image":"shopify:\/\/shop_images\/file_14_1.png","image_height":50,"enable_hover_effect":true,"hover_effect_background":"#e2d5c5","title":"Summer Bae","heading_size":"extra_heading_size","description":"<p>Include a detailed description of your product and collection in this section.<\/p>","button_label":"OFF 20%","button_link":"","button_style":"outline","outline_background":false,"second_button_label":"Shop Now","second_button_link":"","second_button_style":"primary","second_outline_background":false,"text_alignment":"center"}}},"block_order":["image_pr7NhL","image_36yeFx","image_7twMTR","image_Gi7GmY"],"settings":{"section_width":true,"color_scheme":"scheme-1","title":"Masonry grid","heading_style":"body_style","heading_transform":"uppercase","heading_size":"h6","heading_alignment":"left","padding_top":40,"padding_bottom":80}},"product_shop_the_look_Ttrhdb":{"type":"product-shop-the-look","blocks":{"product_LNW8fX":{"type":"product","settings":{"product":"demo-product-11","vertical_position":30,"horizontal_position":30,"vertical_position_mobile":30,"horizontal_position_mobile":30}},"product_KinzVa":{"type":"product","settings":{"product":"demo-product-10","vertical_position":40,"horizontal_position":40,"vertical_position_mobile":40,"horizontal_position_mobile":45}}},"block_order":["product_LNW8fX","product_KinzVa"],"settings":{"section_width":true,"color_scheme":"scheme-3","title":"","heading_size":"h2","heading_alignment":"left","image":"shopify:\/\/shop_images\/Frame_139.png","image_height":"large","collection_button":"Button label","collection_button_link":"","button_style_primary":"outline","outline_background":false,"button_position":"bottom-right","hover_dots":"number","hover_dots_background":"#ffffff","hover_dots_color":"#2a1a15","enable_hover_effect":false,"hover_effect_background":"#2a1a15","overlay_opacity":30,"color_scheme_products":"","product_content_alignment":"left","product_title_size":"info-text","image_ratio":"adapt","show_vendor":false,"show_color_swatch":true,"show_secondary_image":true,"enable_quickview":true,"quick_button_style_primary":"outline","quick_outline_background":true,"mobile_image":"shopify:\/\/shop_images\/showcase3.png","mobile_image_height":"adapt","padding_top":0,"padding_bottom":0}},"featured_product_EYF3Vw":{"type":"featured-product","blocks":{"vendor_eYkfzH":{"type":"vendor","settings":{}},"title_awVQAm":{"type":"title","settings":{"heading_size":"h2"}},"text_THDTfa":{"type":"text","settings":{"text":"<p>Lorem ipsum dolor sit amet consectetur. Fusce amet ut at commodo porttitor varius vulputate interdum in. <\/p>"}},"rating_78k8Kr":{"type":"rating","settings":{}},"sku_P4kKdi":{"type":"sku","settings":{}},"variant_picker_BVW3Uh":{"type":"variant_picker","settings":{"picker_type_dropdown":false,"option_swatches":true}},"price_AtgzAh":{"type":"price","settings":{}},"buy_buttons_QfTa6L":{"type":"buy_buttons","settings":{"quantity_selector":true,"show_dynamic_checkout":true,"show_gift_card_recipient":true}},"inventory_kiQVBy":{"type":"inventory","settings":{"inventory_threshold":0,"low_inventory_notice":"Out of Stock  ||quantity|| Only left","available_message":"Available In Stock"}},"icon_with_text_niUCUm":{"type":"icon-with-text","settings":{"color_scheme_icon":"","icon":"icon-leaf","heading_1":"100% Natural","icon_2":"icon-t-shirt","heading_2":"Free shipping","icon_3":"icon-return","heading_3":"10 Dat return"}},"discount_HQ93iY":{"type":"discount","settings":{"title":"Grab the discount","discount_code":"A1B2 3C4D 5E6F 7G8H","button_label":"Copy","copied_button_label":"Copied!","button_background":"#ffffff","button_color":"#2a1a15"}}},"block_order":["vendor_eYkfzH","title_awVQAm","text_THDTfa","rating_78k8Kr","sku_P4kKdi","variant_picker_BVW3Uh","price_AtgzAh","buy_buttons_QfTa6L","inventory_kiQVBy","icon_with_text_niUCUm","discount_HQ93iY"],"settings":{"section_width":true,"color_scheme":"scheme-2","product_1_heading":"Limited Edition","product_2_heading":"Royal Edition","product_list":["demo-product-10","demo-product-4"],"active_tab_color":"scheme-1","media_size":"small","constrain_to_viewport":true,"media_fit":false,"gallery_layout":"thumbnail_slider","image_zoom":true,"hide_variants":false,"enable_video_looping":false,"padding_top":80,"padding_bottom":40}},"rich_text_FTdjym":{"type":"rich-text","blocks":{"heading_hxckCK":{"type":"heading","settings":{"heading":"“ Fashion is more than just clothing; it's a form of self-expression and creativity that evolves with time. “","heading_size":"h3","heading_style":"body_style"}},"text_DyKrNF":{"type":"text","settings":{"text":"<p>Fashion is more than just clothing; it's a form of self-expression and creativity that evolves with time.<\/p>"}},"button_9VdykN":{"type":"button","settings":{"button_label":"Read Our Mission","button_link":"","button_style_primary":"outline","outline_background":false,"button_label_2":"","button_link_2":"","button_style_secondary":"primary","second_outline_background":false}}},"block_order":["heading_hxckCK","text_DyKrNF","button_9VdykN"],"settings":{"section_width":true,"color_scheme":"scheme-1","content_alignment":"center","padding_top":40,"padding_bottom":80}},"customer_feedback_ECkfRy":{"type":"customer-feedback","blocks":{"review_TDmyhL":{"type":"review","settings":{"color":"scheme-1","review":"<p>I absolutely love this dress! The fit is perfect, and the material is so soft and comfortable. I wore it to a wedding and received so many compliments. The print is even more beautiful in person. Highly recommend!\"<\/p>","name":"Sophia","rating":5}},"review_yMKR4C":{"type":"review","settings":{"color":"","review":"<p>Bought this dress for my wife and she looks stunning in it. The quality is great, and it's very flattering. She's already planning to wear it to multiple events. Very happy with this purchase!<\/p>","name":"Michael","rating":5}},"review_UQTWpr":{"type":"review","settings":{"color":"","review":"<p>The dress is gorgeous, but it runs a bit small. I had to exchange it for a larger size. Other than that, no complaints. Can't wait to wear it<\/p>","name":"Emily","rating":5}},"review_V8JiQN":{"type":"review","settings":{"color":"scheme-1","review":"<p>I surprised my girlfriend with this dress, and she was over the moon! She says it's one of the most comfortable dresses she owns, and she loves the celestial print. It's a winner!<\/p>","name":"David","rating":5}}},"block_order":["review_TDmyhL","review_yMKR4C","review_UQTWpr","review_V8JiQN"],"settings":{"section_width":false,"color":"scheme-4","testimonial_heading":"Happy Customers","heading_size":"h3","subheading":"<p>Our customers love our timeless, minimalist designs and exceptional quality.<\/p>","button_text":"Read All","button_url":"","button_style":"outline","outline_background":true,"upper_padding":40,"lower_padding":40}},"toggle_tabs_mnH3fD":{"type":"toggle-tabs","blocks":{"collapse_YAzYGd":{"type":"collapse","settings":{"color":"scheme-4","row_heading":"Do you offer a warranty on your products?","description":"<p>Include frequently asked questions (FAQs) in this section to provide comprehensive information and address common queries.<\/p>"}},"collapse_RYcziC":{"type":"collapse","settings":{"color":"","row_heading":"Can I change the contents of my order?","description":"<p>Include frequently asked questions (FAQs) in this section to provide comprehensive information and address common queries.<\/p>"}},"collapse_PEyxXn":{"type":"collapse","settings":{"color":"","row_heading":"How to track my order?","description":"<p>Include frequently asked questions (FAQs) in this section to provide comprehensive information and address common queries.<\/p>"}},"collapse_h3JCnN":{"type":"collapse","settings":{"color":"","row_heading":"How to apply coupon?","description":"<p>Include frequently asked questions (FAQs) in this section to provide comprehensive information and address common queries.<\/p>"}}},"block_order":["collapse_YAzYGd","collapse_RYcziC","collapse_PEyxXn","collapse_h3JCnN"],"settings":{"color":"scheme-1","full_width":false,"heading":"Frequently Asked Questions","heading_size":"h3","button_text":"Button label","button_url":"","button_style":"outline","outline_background":false,"upper_padding":80,"lower_padding":80}},"video_TtRJMe":{"type":"video","blocks":{"content_ajWM8E":{"type":"content","settings":{"title":"Shop by category","heading_size":"h3","heading_style":"body_style","menu":"video-menus","content_position":"bottom-left","overlay":0}}},"block_order":["content_ajWM8E"],"disabled":true,"settings":{"full_width":true,"color_scheme":"","enable_video_looping":true,"video":"shopify:\/\/files\/videos\/elegance_video.mp4","enable_video_autoplay":true,"enable_video_controls":false,"video_url":"https:\/\/www.youtube.com\/watch?v=_9VUPq3SxOc","description":"","padding_top":40,"padding_bottom":4}},"image_showcase_CLmwQW":{"type":"image-showcase","blocks":{"image_q4dXez":{"type":"image","settings":{"color_scheme":"","image":"shopify:\/\/shop_images\/showcase3.png","tagline":"#2024","title":"Timeless Elegance style","heading_size":"h2","text":"","link_label":"Read More","link":"","content_position":"middile-left"}},"image_4TrKzB":{"type":"image","settings":{"color_scheme":"","image":"shopify:\/\/shop_images\/showcase4.png","tagline":"#2024","title":"Timeless Elegance style","heading_size":"h2","text":"","link_label":"Read More","link":"","content_position":"middile-left"}}},"block_order":["image_q4dXez","image_4TrKzB"],"settings":{"section_width":true,"title":"","heading_size":"h2","heading_alignment":"left","image_ratio":"portrait","columns_desktop":"2","swipe_on_mobile":true,"padding_top":4,"padding_bottom":40}},"countdown_clock_jWFetc":{"type":"countdown-clock","blocks":{"clock_YXmPBA":{"type":"clock","settings":{"enable_clock":true,"year":"2024","month":"12","day":"18","hour":"16","minute":"00","clock_size":"h2","clock_style":"body_style","show_clock_small_text":false,"hide_clock":false,"message":"<p>Add the completed clock message here.<\/p>"}},"content_X3yH7N":{"type":"content","settings":{"heading":"","heading_size":"h1","heading_style":"body_style","text":"<p>Maximize sales with this timer by creating a sense of urgency.<\/p>"}},"discount_JD4zRm":{"type":"discount","settings":{"discount_code":"FLASHSALE24","button_label":"Copy","copied_button_label":"Copied!","button_style":"primary","outline_background":true}}},"block_order":["clock_YXmPBA","content_X3yH7N","discount_JD4zRm"],"settings":{"section_width":true,"color_scheme":"scheme-1","padding_top":40,"padding_bottom":80}},"marquee_TFMYE6":{"type":"marquee","blocks":{"scrolling_text_hjfqQi":{"type":"scrolling_text","settings":{"text":"✧  ELEGANCE  ✧","link":""}},"scrolling_text_zArzgi":{"type":"scrolling_text","settings":{"text":"✧  ELEGANCE  ✧","link":""}},"scrolling_text_pDr69d":{"type":"scrolling_text","settings":{"text":"✧  ELEGANCE  ✧","link":""}},"scrolling_text_pX8Y77":{"type":"scrolling_text","settings":{"text":"✧  ELEGANCE  ✧","link":""}}},"block_order":["scrolling_text_hjfqQi","scrolling_text_zArzgi","scrolling_text_pDr69d","scrolling_text_pX8Y77"],"settings":{"color_scheme":"","full_width":true,"keep_scrolling_effect":true,"show_border":true,"horizontal_flip":false,"left_to_right":true,"scrolling_speed":"0.75","padding_top":16,"padding_bottom":16}},"material_highlights_9tnhTP":{"type":"material-highlights","blocks":{"highlights_kxpbdg":{"type":"highlights","settings":{"highlight_image":"shopify:\/\/shop_images\/material_highlight_2.jpg","highlight_heading":"Lycra","highlight_heading_size":"h1","highlight_description":"Be the first to know about new collections and exclusive offers.","button_label":"Button label","button_link":"","button_style":"outline","outline_background":false}},"highlights_ygC8iw":{"type":"highlights","settings":{"highlight_image":"shopify:\/\/shop_images\/material_highlight_4.jpg","highlight_heading":"Cotton","highlight_heading_size":"h1","highlight_description":"Be the first to know about new collections and exclusive offers.","button_label":"Button label","button_link":"","button_style":"outline","outline_background":false}},"highlights_iQY88t":{"type":"highlights","settings":{"highlight_image":"shopify:\/\/shop_images\/material_highlight_3.jpg","highlight_heading":"Wool","highlight_heading_size":"h1","highlight_description":"Be the first to know about new collections and exclusive offers.","button_label":"Button label","button_link":"","button_style":"outline","outline_background":false}},"highlights_BWQiAT":{"type":"highlights","settings":{"highlight_image":"shopify:\/\/shop_images\/material_highlight_1.jpg","highlight_heading":"Silk","highlight_heading_size":"h1","highlight_description":"Be the first to know about new collections and exclusive offers.","button_label":"Button label","button_link":"","button_style":"outline","outline_background":false}}},"block_order":["highlights_kxpbdg","highlights_ygC8iw","highlights_iQY88t","highlights_BWQiAT"],"settings":{"color_scheme":"scheme-4","full_width":false,"section_heading":"Shop Our Premium Fabric","heading_size":"h3","content":"<p>Lorem ipsum dolor sit amet consectetur. Cras dui neque penatibus diam. Mat lobortis nibh<\/p>","hover_text_color":"#ffffff","swipe_on_mobile":true,"padding_top":40,"padding_bottom":40}},"marquee_C9nYMt":{"type":"marquee","blocks":{"scrolling_text_fddGXB":{"type":"scrolling_text","settings":{"text":"✧  ELEGANCE  ✧","link":""}},"scrolling_text_bck8fx":{"type":"scrolling_text","settings":{"text":"✧  ELEGANCE  ✧","link":""}},"scrolling_text_zY8PCz":{"type":"scrolling_text","settings":{"text":"✧  ELEGANCE  ✧","link":""}},"scrolling_text_G3ymkn":{"type":"scrolling_text","settings":{"text":"✧  ELEGANCE  ✧","link":""}}},"block_order":["scrolling_text_fddGXB","scrolling_text_bck8fx","scrolling_text_zY8PCz","scrolling_text_G3ymkn"],"settings":{"color_scheme":"scheme-4","full_width":true,"keep_scrolling_effect":false,"show_border":true,"horizontal_flip":true,"left_to_right":false,"scrolling_speed":"0.75","padding_top":16,"padding_bottom":16}},"featured_blog_aLwrdk":{"type":"featured-blog","settings":{"color_scheme_1":"scheme-1","full_width":false,"heading":"Blog posts","heading_size":"h3","blog":"news","post_limit":4,"columns_desktop":4,"color_scheme":"scheme-1","show_date":true,"show_author":true,"show_tag":true,"show_view_all":true,"button_style":"outline","outline_background":true,"swipe_on_mobile":true,"padding_top":40,"padding_bottom":40}},"newsletter_4LDiRU":{"type":"newsletter","blocks":{"email_form_NjMHaw":{"type":"email_form","settings":{"heading":"Subscribe newsletter","heading_size":"h1","text":"<p>Be the first to know about new collections and exclusive offers.<\/p>"}},"image_f3zefb":{"type":"image","settings":{"image":"shopify:\/\/shop_images\/file_20_1_3.png","offer_image":"shopify:\/\/shop_images\/Property_1_Default.png"}}},"block_order":["email_form_NjMHaw","image_f3zefb"],"settings":{"color_scheme":"scheme-1","full_width":false,"bg_image":"shopify:\/\/shop_images\/brown-fabrics-background_1_1.png","enable_hover_effect":true,"hover_effect_background":"#ffffff","hover_text_color":"#ffffff","padding_top":40,"padding_bottom":40}},"text_with_icons_aJR73h":{"type":"text-with-icons","blocks":{"contact_ETRdgE":{"type":"contact","settings":{"heading":"Guaranteed Satisfaction","phone":"<p>Lorem ipsum dolor sit amet consectetur..<\/p>","icon":"icon-leaf","image":"shopify:\/\/shop_images\/Frame_243.png"}},"contact_E3HPBH":{"type":"contact","settings":{"heading":"Customer Support","phone":"<p>Lorem ipsum dolor sit amet consectetur..<\/p>","icon":"icon-t-shirt","image":"shopify:\/\/shop_images\/Frame_244.png"}},"contact_nMEAV6":{"type":"contact","settings":{"heading":"cash on devilry","phone":"<p>Lorem ipsum dolor sit amet consectetur..<\/p>","icon":"icon-package","image":"shopify:\/\/shop_images\/Frame_245.png"}},"contact_xaGaP8":{"type":"contact","settings":{"heading":"24x7 Support","phone":"<p>Lorem ipsum dolor sit amet consectetur..<\/p>","icon":"icon-return","image":"shopify:\/\/shop_images\/Frame_246.png"}}},"block_order":["contact_ETRdgE","contact_E3HPBH","contact_nMEAV6","contact_xaGaP8"],"settings":{"section_width":false,"color_scheme":"scheme-1","section_view":"vertical_view","heading":"","heading_size":"h2","heading_aligment":"center","heading_style":"body_style","block_heading_size":"h6","content_alignment":"left","image_width":65,"swipe_on_mobile":true,"padding_top":40,"padding_bottom":80}}},"order":["slideshow_LeAfYd","text_with_icons_7drJxw","collection_list_VHXFht","featured_collection_hPFqtM","image_with_text_bLMmyR","image_showcase_NB3P96","masnory_grid_Tq7FRL","product_shop_the_look_Ttrhdb","featured_product_EYF3Vw","rich_text_FTdjym","customer_feedback_ECkfRy","toggle_tabs_mnH3fD","video_TtRJMe","image_showcase_CLmwQW","countdown_clock_jWFetc","marquee_TFMYE6","material_highlights_9tnhTP","marquee_C9nYMt","featured_blog_aLwrdk","newsletter_4LDiRU","text_with_icons_aJR73h"]}