{"sections":{"main":{"type":"main-list-collections","settings":{"title":"","heading_size":"h3","sort":"alphabetical","collection_view":"list","collections_per_page":4,"columns_desktop":4,"show_description":true,"buybutton":true,"button_label":"Explore","button_style":"outline","outline_background":false,"image_ratio":"square","title_size":"h1","enable_hover_effect":true,"hover_effect_background":"#e2d5c5","rotating_img":"shopify:\/\/shop_images\/Property_1_Default.png","padding_top":80,"padding_bottom":80}}},"order":["main"]}