{"sections":{"contact_form_dJaWce":{"type":"contact-form","blocks":{"feedback_form_3dPm4b":{"type":"feedback-form","settings":{"heading":"We are at your service!","heading_size":"h2","discription":"<p>If you have any general inquiries, sales-related questions, or press inquiries, please provide us with   your contact information below. We will promptly get back to you to assist you further.<\/p>","content_alignment":"left"}},"map_structure_NNmCiA":{"type":"map-structure","settings":{"api_key":"AIzaSyAQDX-imLSZjeqz13aRCP8nanzmG5wMKgs","grayscale":true,"map_address":"M2MF+3JQ New York, USA"}}},"block_order":["feedback_form_3dPm4b","map_structure_NNmCiA"],"settings":{"section_width":false,"color_scheme":"","padding_top":80,"padding_bottom":80}},"text_with_icons_iR7DTw":{"type":"text-with-icons","blocks":{"contact_KmmJnR":{"type":"contact","settings":{"heading":"Contact","heading_size":"h6","phone":"<p><a href=\"tel:1234567890\" title=\"tel:1234567890\">+1234567890<\/a><\/p>","icon":"icon-phone"}},"contact_kxVC4e":{"type":"contact","settings":{"heading":"Email","heading_size":"h6","phone":"<p><a href=\"mailto:themes@itgeeks.com\" title=\"mailto:themes@itgeeks.com\">themes@itgeeks.com<\/a><\/p>","icon":"icon-mail"}},"contact_YeaLee":{"type":"contact","settings":{"heading":"Address","heading_size":"h6","phone":"<p>#123 abc main city<\/p>","icon":"icon-map-pin"}},"contact_fEpgzz":{"type":"contact","settings":{"heading":"Time","heading_size":"h6","phone":"<p>Monday — Friday, 9am — 5pm ET<\/p>","icon":"icon-clock"}}},"block_order":["contact_KmmJnR","contact_kxVC4e","contact_YeaLee","contact_fEpgzz"],"settings":{"section_width":false,"color_scheme":"","heading":"","heading_size":"h2","heading_aligment":"center","icon_position":"default","padding_top":1,"padding_bottom":80}}},"order":["contact_form_dJaWce","text_with_icons_iR7DTw"]}