{"sections":{"image_banner_LmRKVV":{"type":"image-banner","blocks":{"heading_L7tMzP":{"type":"heading","settings":{"heading":"Image banner heading","heading_size":"h2"}},"text_TXJpHr":{"type":"text","settings":{"text":"Image banner subheading","text_style":"body"}},"buttons_KRcNgY":{"type":"buttons","settings":{"button_label_1":"Button label","button_link_1":"","button_style_primary":"secondary","button_label_2":"Button label","button_link_2":"","button_style_secondary":"secondary"}}},"block_order":["heading_L7tMzP","text_TXJpHr","buttons_KRcNgY"],"disabled":true,"settings":{"section_width":true,"image_overlay_opacity":0,"image_height":"medium","show_content_desktop":true,"content_container_color":"","desktop_content_position":"middle-center","desktop_content_alignment":"center","mobile_content_alignment":"center","padding_top":40,"padding_bottom":0}},"main":{"type":"main-page","disabled":true,"settings":{"padding_top":40,"padding_bottom":40}},"image_banner_Vy78HT":{"type":"image-banner","settings":{"section_width":false,"image":"shopify:\/\/shop_images\/image_4927.jpg","image_overlay_opacity":0,"image_height":"medium","show_content_desktop":false,"content_container_color":"","desktop_content_position":"middle-center","desktop_content_alignment":"center","mobile_content_alignment":"center","padding_top":80,"padding_bottom":0}},"rich_text_t6iDVH":{"type":"rich-text","blocks":{"heading_XiwXVm":{"type":"heading","settings":{"heading":"About Us","heading_size":"h2"}},"text_RC3nXb":{"type":"text","settings":{"text":"<p>Welcome to Elegance, where fashion meets sophistication and individuality. We are more than just a clothing brand — we are a lifestyle that celebrates timeless style, quality craftsmanship, and the art of self-expression. At Elegance, we believe that every piece of clothing tells a story, and we strive to create collections that allow you to express your unique identity.<\/p><p>Elegance was founded with a vision to offer more than just fashionable clothing. We wanted to create a brand that embodies grace, creativity, and sustainability. From the very beginning, we’ve been committed to delivering high-quality garments that blend modern trends with classic designs, ensuring that each piece is both stylish and lasting.<\/p><p>At Elegance, we are driven by three core values: quality, sustainability, and individuality. We meticulously source the finest fabrics and materials to craft clothing that not only feels luxurious but also lasts for years to come. Sustainability is at the heart of our process, as we continuously seek ways to minimize our environmental impact, from ethical sourcing to eco-friendly packaging.<\/p><p>Our designs are made to empower you, whether you're dressing for a special occasion or elevating your everyday wardrobe. We believe that fashion is a form of self-expression, and we’re here to help you make a statement with confidence.<\/p><p>Our carefully curated collection features a range of clothing that speaks to the modern individual who values elegance and versatility. From chic dresses and tailored suits to casual wear with a touch of luxury, each item is designed to seamlessly fit into your lifestyle. At Elegance, we understand that style is personal, which is why we offer pieces that can be mixed, matched, and personalized to suit your taste.<\/p><p>Customer satisfaction is at the heart of everything we do. We take pride in delivering not just exceptional products but also an outstanding shopping experience. Our team is dedicated to ensuring that every purchase you make with us exceeds your expectations. From the moment you browse our collection to the time your package arrives at your door, we’re here to make your shopping journey effortless and enjoyable.<\/p><p>Elegance is more than a brand — it’s a community of individuals who embrace style, quality, and conscious living. We invite you to explore our collections, discover your signature look, and become part of a movement that values both beauty and integrity.<\/p><p>Discover the elegance within you.<\/p>"}},"button_KrEhnA":{"type":"button","disabled":true,"settings":{"button_label":"Button label","button_link":"","button_style_primary":"secondary","button_label_2":"","button_link_2":"","button_style_secondary":"primary"}}},"block_order":["heading_XiwXVm","text_RC3nXb","button_KrEhnA"],"settings":{"color_scheme":"","content_alignment":"center","padding_top":80,"padding_bottom":80}}},"order":["image_banner_LmRKVV","main","image_banner_Vy78HT","rich_text_t6iDVH"]}