{"sections":{"main":{"type":"main-page","settings":{"padding_top":80,"padding_bottom":80}},"toggle_tabs_wX37KV":{"type":"toggle-tabs","blocks":{"content_LxmyKb":{"type":"content","settings":{"heading":"FAQ's","heading_size":"h2","subheading":"<p>Include a comprehensive description of your frequently asked questions (FAQs) in this section to provide detailed information and address common queries.<\/p>","button_text_outline":"Button label","button_url":"","button_style":"outline","text_alignment":"left"}},"collapse_ytDE6M":{"type":"collapse","settings":{"color":"","row_heading":"Heading","heading_size":"h6","description":"<p>Include frequently asked questions (FAQs) in this section to provide comprehensive information and address common queries.<\/p>"}},"collapse_NpppNF":{"type":"collapse","settings":{"color":"","row_heading":"Heading","heading_size":"h6","description":"<p>Include frequently asked questions (FAQs) in this section to provide comprehensive information and address common queries.<\/p>"}},"collapse_6UTmTG":{"type":"collapse","settings":{"color":"","row_heading":"Heading","heading_size":"h6","description":"<p>Include frequently asked questions (FAQs) in this section to provide comprehensive information and address common queries.<\/p>"}},"collapse_GqfpqW":{"type":"collapse","settings":{"color":"","row_heading":"Heading","heading_size":"h6","description":"<p>Include frequently asked questions (FAQs) in this section to provide comprehensive information and address common queries.<\/p>"}},"collapse_m4aMkd":{"type":"collapse","settings":{"color":"","row_heading":"Heading","heading_size":"h6","description":"<p>Include frequently asked questions (FAQs) in this section to provide comprehensive information and address common queries.<\/p>"}}},"block_order":["content_LxmyKb","collapse_ytDE6M","collapse_NpppNF","collapse_6UTmTG","collapse_GqfpqW","collapse_m4aMkd"],"disabled":true,"settings":{"color":"scheme-1","upper_padding":80,"lower_padding":80}}},"order":["main","toggle_tabs_wX37KV"]}