{"sections":{"main":{"type":"main-page","disabled":true,"settings":{"padding_top":40,"padding_bottom":40}},"toggle_tabs_aLanER":{"type":"toggle-tabs","blocks":{"content_p3FXKw":{"type":"content","settings":{"heading":"FAQ's","heading_size":"h2","subheading":"<p>Got questions about snowboarding? We've got you covered. Check out our FAQ's section for answers to common queries.<\/p>","button_text_outline":"Contact us","button_url":"shopify:\/\/pages\/contact","button_style":"outline","text_alignment":"left"}},"collapse_dX7Dt4":{"type":"collapse","settings":{"color":"","row_heading":"How can I contact customer service?","heading_size":"h6","description":"<p>You can reach our customer service team via email, phone, or the contact form on our website. We aim to respond within 24 hours.<\/p>"}},"collapse_mqFVDG":{"type":"collapse","settings":{"color":"","row_heading":"Do you offer gift cards?","heading_size":"h6","description":"<p>Yes, we offer digital gift cards in various denominations, perfect for any occasion.<\/p>"}},"collapse_3kXNJG":{"type":"collapse","settings":{"color":"","row_heading":"Can I modify or cancel my order?","heading_size":"h6","description":"<p>Orders can be modified or canceled within 24 hours of placing them. Contact our customer service team for assistance.<\/p>"}},"collapse_VcYbM6":{"type":"collapse","settings":{"color":"","row_heading":"What is minimal fashion?","heading_size":"h6","description":"<p>Minimal fashion focuses on simple, clean designs with a streamlined aesthetic, emphasizing quality over quantity.<\/p>"}},"collapse_BxHrrU":{"type":"collapse","settings":{"color":"","row_heading":"What is your return policy?","heading_size":"h6","description":"<p>We accept returns within 30 days of purchase. Items must be unworn, with tags attached, and in original packaging.<\/p>"}},"collapse_EhncVf":{"type":"collapse","settings":{"color":"scheme-4","row_heading":"How can I track my order?","heading_size":"h6","description":"<p>Once your order is shipped, you will receive an email with a tracking number and a link to track your package.<\/p>"}},"collapse_L7q78w":{"type":"collapse","settings":{"color":"scheme-4","row_heading":"Are your materials sustainable?","heading_size":"h6","description":"<p>Yes, we prioritize using sustainable and eco-friendly materials in our collections whenever possible.<\/p>"}}},"block_order":["content_p3FXKw","collapse_dX7Dt4","collapse_mqFVDG","collapse_3kXNJG","collapse_VcYbM6","collapse_BxHrrU","collapse_EhncVf","collapse_L7q78w"],"settings":{"color":"scheme-1","upper_padding":100,"lower_padding":100}}},"order":["main","toggle_tabs_aLanER"]}