{
  "sections": {
    "main": {
      "type": "main-page",
      "disabled": true,
      "settings": {
        "padding_top": 80,
        "padding_bottom": 80
      }
    },
    "rich_text_aczmCF": {
      "type": "rich-text",
      "blocks": {
        "heading_3TmWJg": {
          "type": "heading",
          "settings": {
            "heading": "2000+ Happy Customers",
            "heading_size": "h2"
          }
        },
        "text_tfqhDz": {
          "type": "text",
          "settings": {
            "text": "<p>We're a fashion label based out of Melbourne, Australia. Inspired by the cities we visit and the cities we live…<\/p>"
          }
        },
        "button_nL88KH": {
          "type": "button",
          "disabled": true,
          "settings": {
            "button_label": "Button label",
            "button_link": "",
            "button_style_primary": "secondary",
            "button_label_2": "",
            "button_link_2": "",
            "button_style_secondary": "primary"
          }
        }
      },
      "block_order": [
        "heading_3TmWJg",
        "text_tfqhDz",
        "button_nL88KH"
      ],
      "settings": {
        "content_alignment": "center",
        "padding_top": 80,
        "padding_bottom": 0
      }
    },
    "customer_feedback_AfRz4p": {
      "type": "customer-feedback",
      "blocks": {
        "review_VnD9WU": {
          "type": "review",
          "settings": {
            "review": "<p>This is due to their excellent service, competitive pricing, and customer support. It’s thoroughly refreshing to get such a personal touch.<\/p>",
            "name": "Jenks L",
            "rating": 5
          }
        },
        "review_ECKkff": {
          "type": "review",
          "settings": {
            "review": "<p>High-quality products, great deals, prompt service. I like how you always stay in contact. I was kept abreast of each step of the process.<\/p>",
            "name": "William I",
            "rating": 5
          }
        },
        "review_f6M8Dt": {
          "type": "review",
          "settings": {
            "review": "<p>Customer service was excellent in assuring my order was exactly what I needed. The items were exactly as ordered. it was perfect. Thank you.<\/p>",
            "name": "SteVon E",
            "rating": 5
          }
        },
        "review_jqMQGm": {
          "type": "review",
          "settings": {
            "review": "<p>Very responsive and available! They communicate quickly and clearly. Even without seeing proof in person, I knew the order would be correct.<\/p>",
            "name": "Brandi N",
            "rating": 5
          }
        },
        "review_yGyLqK": {
          "type": "review",
          "settings": {
            "review": "<p>Love the item and price! Shipping was first. They also don't have a minimum amount which was great for me.<\/p>",
            "name": "Efren F",
            "rating": 5
          }
        },
        "review_dB9WtE": {
          "type": "review",
          "settings": {
            "review": "<p>Ordering was easy and the products were of high quality and looked great! I would definitely order from you again!<\/p>",
            "name": "Greenbrier E",
            "rating": 5
          }
        },
        "review_J8dLPp": {
          "type": "review",
          "settings": {
            "review": "<p>I just opened the box and they are outstanding! It was just what I hoped for and expected. Thank you.<\/p>",
            "name": "Rob P",
            "rating": 5
          }
        },
        "review_djTAbR": {
          "type": "review",
          "settings": {
            "review": "<p>Great customer service! They are always welcoming. The payment was easy with different options.<\/p>",
            "name": "Andrew D",
            "rating": 5
          }
        }
      },
      "block_order": [
        "review_VnD9WU",
        "review_ECKkff",
        "review_f6M8Dt",
        "review_jqMQGm",
        "review_yGyLqK",
        "review_dB9WtE",
        "review_J8dLPp",
        "review_djTAbR"
      ],
      "settings": {
        "section_width": false,
        "upper_padding": 40,
        "lower_padding": 0
      }
    }
  },
  "order": [
    "main",
    "rich_text_aczmCF",
    "customer_feedback_AfRz4p",
  ]
}
