{"sections":{"main":{"type":"main-product","blocks":{"vendor_rzzH3r":{"type":"vendor","settings":{"text_transform":"uppercase"}},"sku_TBa3Cx":{"type":"sku","settings":{}},"title":{"type":"title","settings":{"heading_size":"h2"}},"text_block_8XQAbW":{"type":"text_block","settings":{"text_des":"<p>Lorem ipsum dolor sit amet consectetur. Fusce amet ut at commodo porttitor varius vulputate interdum in. <\/p>"}},"variant_picker":{"type":"variant_picker","settings":{"picker_type_dropdown":false,"option_swatches":true}},"price":{"type":"price","settings":{}},"pickup_availability_EQnDLX":{"type":"pickup_availability","settings":{}},"buy_buttons":{"type":"buy_buttons","settings":{"quantity_selector":true,"show_dynamic_checkout":true,"show_gift_card_recipient":true}},"inventory_RzyeTN":{"type":"inventory","settings":{"inventory_threshold":0,"low_inventory_notice":"Out of Stock  ||quantity|| Only left","available_message":"Available In Stock"}},"discount_d78JVk":{"type":"discount","settings":{"title":"Grab the discount","discount_code":"A1B2 3C4D 5E6F 7G8H","button_label":"Copy","copied_button_label":"Copied!","button_background":"#e2d5c5","button_color":"#2a1a15"}},"icon_with_text_aFU474":{"type":"icon-with-text","settings":{"color_scheme_icon":"scheme-2","icon":"icon-package","heading_1":"Free Shipping","icon_2":"icon-return","heading_2":"10 Day Return","icon_3":"icon-award","heading_3":"100% Authentic"}},"description":{"type":"description","settings":{"description_collapse":false,"heading":"Description","color":"scheme-2"}},"collapsible_tab_1":{"type":"collapsible_tab","settings":{"color":"scheme-2","heading":"Shipping policy","content":"<p>Shopping online offers unparalleled convenience, but what happens when the product doesn't meet your expectations or arrives damaged? That's where our comprehensive shipping and returns policy comes into play, ensuring your satisfaction every step of the way. At IENERGY, we prioritize your shopping experience, from the moment you click \"checkout\" to the instant your package arrives at your doorstep. Our shipping process is streamlined and efficient, designed to get your items to you as quickly as possible while maintaining the highest standards of care. Upon placing your order, our dedicated team gets to work immediately, carefully packaging your items to prevent any damage during transit. We partner with trusted shipping carriers to ensure reliable delivery to your preferred address, whether it's your home, office, or elsewhere. We understand that waiting for your eagerly anticipated purchase can feel like an eternity, which is why we strive to dispatch orders swiftly. Depending on your location and the shipping method selected, you can expect your package to arrive within [insert estimated delivery time], allowing you to enjoy your new purchase without delay. Despite our best efforts, we recognize that sometimes things don't go as planned. If you receive a damaged, defective, or incorrect item, don't worry – we've got you covered with our hassle-free returns process.<\/p>","page":""}},"collapsible_tab_2":{"type":"collapsible_tab","settings":{"color":"scheme-2","heading":"Return policy","content":"<p>We have a 30-day return policy, which means you have 30 days after receiving your item to request a return. To be eligible for a return, your item must be in the same condition that you received it, unworn or unused, with tags, and in its original packaging. You’ll also need the receipt or proof of purchase. To start a return, you can contact us at <a href=\"mailto:themes@itgeeks.com\">themes@itgeeks.com<\/a>. Please note that returns will need to be sent to the following address: [INSERT RETURN ADDRESS] If your return is accepted, we’ll send you a return shipping label, as well as instructions on how and where to send your package. Items sent back to us without first requesting a return will not be accepted. You can always contact us for any return question at <a href=\"mailto:themes@itgeeks.com\">themes@itgeeks.com<\/a>.<\/p><p><strong>Damages and issues<\/strong> Please inspect your order upon reception and contact us immediately if the item is defective, damaged or if you receive the wrong item, so that we can evaluate the issue and make it right.<\/p><p><strong>Exceptions \/ non-returnable items<\/strong> Certain types of items cannot be returned, like perishable goods (such as food, flowers, or plants), custom products (such as special orders or personalized items), and personal care goods (such as beauty products). We also do not accept returns for hazardous materials, flammable liquids, or gases. Please get in touch if you have questions or concerns about your specific item. Unfortunately, we cannot accept returns on sale items or gift cards.<\/p><p><strong>Exchanges<\/strong> The fastest way to ensure you get what you want is to return the item you have, and once the return is accepted, make a separate purchase for the new item.<\/p><p><strong>European Union 14 day cooling off period<\/strong> Notwithstanding the above, if the merchandise is being shipped into the European Union, you have the right to cancel or return your order within 14 days, for any reason and without a justification. As above, your item must be in the same condition that you received it, unworn or unused, with tags, and in its original packaging. You’ll also need the receipt or proof of purchase.<\/p><p><strong>Refunds<\/strong> We will notify you once we’ve received and inspected your return, and let you know if the refund was approved or not. If approved, you’ll be automatically refunded on your original payment method within 10 business days. Please remember it can take some time for your bank or credit card company to process and post the refund too. If more than 15 business days have passed since we’ve approved your return, please contact us at themes@itgeeks.com.<\/p>","page":""}},"share":{"type":"share","settings":{"show_share":true}},"complementary_wKLHLE":{"type":"complementary","settings":{"block_heading":"Complementary products","product_list_limit":2,"image_ratio":"square","enable_quick_add":true}}},"block_order":["vendor_rzzH3r","sku_TBa3Cx","title","text_block_8XQAbW","variant_picker","price","pickup_availability_EQnDLX","buy_buttons","inventory_RzyeTN","discount_d78JVk","icon_with_text_aFU474","description","collapsible_tab_1","collapsible_tab_2","share","complementary_wKLHLE"],"settings":{"section_width":false,"color_scheme":"scheme-1","media_size":"large","constrain_to_viewport":true,"media_fit":true,"gallery_layout":"columns","image_zoom":true,"hide_variants":true,"enable_video_looping":true,"padding_top":80,"padding_bottom":80}},"image_showcase":{"type":"image-showcase","blocks":{"image_1":{"type":"image","settings":{"color_scheme":"scheme-1","tagline":"#Shop The Trend","title":"Timeless Minimal Style","heading_size":"h2","text":"","link_label":"View All","link":"shopify:\/\/collections","content_position":"middile-left"}},"image_2":{"type":"image","settings":{"color_scheme":"scheme-1","tagline":"#Flash Sale","title":"Clean, Simple Lines","heading_size":"h2","text":"","link_label":"View All","link":"shopify:\/\/collections","content_position":"middile-left"}}},"block_order":["image_1","image_2"],"settings":{"section_width":true,"title":"","heading_size":"h2","heading_alignment":"left","image_ratio":"square","columns_desktop":"2","swipe_on_mobile":false,"padding_top":0,"padding_bottom":0}},"customer_feedback":{"type":"customer-feedback","blocks":{"review_1":{"type":"review","settings":{"color":"scheme-2","review":"<p>I absolutely love this dress! The fit is perfect, and the material is so soft and comfortable. I wore it to a wedding and received so many compliments. The print is even more beautiful in person. Highly recommend!<\/p>","name":"Sophia","rating":5}},"review_2":{"type":"review","settings":{"color":"scheme-2","review":"<p>Bought this dress for my wife and she looks stunning in it. The quality is great, and it's very flattering. She's already planning to wear it to multiple events. Very happy with this purchase!<\/p>","name":"Michael","rating":5}},"review_3":{"type":"review","settings":{"color":"scheme-2","review":"<p>The dress is gorgeous, but it runs a bit small. I had to exchange it for a larger size. Other than that, no complaints. Can't wait to wear it<\/p>","name":"Emily","rating":5}},"review_4":{"type":"review","settings":{"color":"scheme-2","review":"<p>I surprised my girlfriend with this dress, and she was over the moon! She says it's one of the most comfortable dresses she owns, and she loves the celestial print. It's a winner!<\/p>","name":"David","rating":5}}},"block_order":["review_1","review_2","review_3","review_4"],"settings":{"section_width":false,"color":"scheme-1","testimonial_heading":"Customer Reviews","heading_size":"h3","subheading":"<p>Add a description about your customer reviews<\/p>","button_text":"Button label","button_url":"","button_style":"outline","outline_background":false,"upper_padding":80,"lower_padding":80}},"related-products":{"type":"related-products","settings":{"heading":"You may like","heading_size":"h2","heading_alignment":"left","section_width":false,"color_scheme":"scheme-1","products_to_show":10,"columns_desktop":5,"image_ratio":"portrait","card_text_alignment":"center","show_secondary_image":true,"show_vendor":true,"show_rating":false,"show_color_swatches":true,"enable_quickview":true,"columns_mobile":"1","swipe_on_mobile":true,"padding_top":40,"padding_bottom":80}}},"order":["main","image_showcase","customer_feedback","related-products"]}