{"name":"t:sections.footer.name","type":"footer","sections":{"footer":{"type":"footer","blocks":{"brand_information":{"type":"brand_information","settings":{"heading":"Follow Us","brand_image_width":100,"brand_description":"","show_social":true}},"footer-0":{"type":"link_list","settings":{"heading":"Quick links","menu":"main-menu"}},"footer-1":{"type":"link_list","settings":{"heading":"Our store","menu":"footer"}},"footer-2":{"type":"text","settings":{"heading":"Our mission","subtext":"<p>Share contact information, store details, and brand content with your customers.<\/p>"}}},"block_order":["brand_information","footer-0","footer-1","footer-2"],"settings":{"full_width":true,"blocks_accordion":true,"color_scheme":"secondary","newsletter_enable":true,"newsletter_heading":"Subscribe to our emails","newsletter_description":"<p>Subscribe to get special offers, free giveaways, and once-in-a-lifetime deals.<\/p>","heading_size":"h3","enable_follow_on_shop":true,"enable_country_selector":true,"enable_language_selector":true,"payment_enable":true,"show_policy":false,"copyright_text":"All rights reserved","show_powered_by":true}}},"order":["footer"]}