{"name":"t:sections.header.name","type":"header","sections":{"announcement-bar":{"type":"announcement-bar","settings":{"color_scheme":"scheme-7","content":"<p><strong>Make an Announcement Here! 📣 <\/strong><\/p>"}},"header":{"type":"header","settings":{"expanded_width":true,"sticky_header":true,"show_line_separator":false,"transparent_header":true,"color_scheme":"scheme-2","transparent_color":"scheme-1","logo":"shopify:\/\/shop_images\/Flavory_logo_ea5e8ffd-e4da-4565-8163-57c30bfb3479.png","transparent_logo":"shopify:\/\/shop_images\/Flavory_logo_4e240d6a-2898-4159-8170-b6ba2c73073a.png","logo_width":180,"logo_width_mobile":100,"mega_color_scheme":"scheme-2","menu":"header-menu","menu_position":"menu-bottom-left","menu_type_desktop":"mega","collection_featured_image":true,"enable_language_selector":true,"enable_country_selector":true,"enable_country_name":true,"customer_accounts_enabled":true,"search_enabled":true,"padding_top":20,"padding_bottom":20}}},"order":["announcement-bar","header"]}