{"sections":{"main":{"type":"main-list-collections","settings":{"color_scheme":"scheme-2","use_page_background":true,"expanded_width":false,"show_wavy_border":false,"wavy_border_type":"both","title":"Collections","heading_size":"h2","heading_alignment":"center","collections_per_page":6,"collections_per_row":3,"grid_color_scheme":"scheme-7","show_box_shadow":true,"border_type":"dashed","style":"image-right","image_width":"large","image_ratio":"square","title_size":"h5","show_product_count":true,"padding_top":50,"padding_bottom":50}}},"order":["main"]}