{"sections":{"main":{"type":"main-product","blocks":{"title":{"type":"title","settings":{"heading_size":"h2"}},"content_rzkJM4":{"type":"content","settings":{}},"price":{"type":"price","settings":{}},"variant_picker":{"type":"variant_picker","settings":{"picker_type":"button","color_swatch":true}},"buy_buttons":{"type":"buy_buttons","settings":{"show_dynamic_checkout":true,"show_gift_card_recipient":true,"show_payment_icons":true}},"inventory_RRVA3E":{"type":"inventory","settings":{"inventory_threshold":23,"low_inventory_notice":"Only ||count|| stock left","available_message":"In stock, and ready to ship"}},"icon-with-text":{"type":"icon-with-text","settings":{"show_step_1":true,"icon_1":"icon-award","heading_1":"Organic","show_step_2":true,"icon_2":"icon-return","heading_2":"No artificial flav","show_step_3":true,"icon_3":"icon-package","heading_3":"Low Sugar","show_step_4":true,"icon_4":"icon-heart","heading_4":"Chemical Free"}},"complementary_nKUVCe":{"type":"complementary","settings":{"block_heading":"Complementary products","product_list_limit":5,"product_per_col":2,"image_ratio":"square","enable_quick_add":true}},"discount_9BMzdJ":{"type":"discount","settings":{"title":"Grab the discount","discount_code":"A1B2 3C4D 5E6F 7G8H","button_label":"Copy","copied_button_label":"Copied!"}},"collapsible_tab_87p4B7":{"type":"collapsible_tab","settings":{"enable_description":false,"description_heading":"Description","tab_heading_1":"Shipping & Returns","tab_description_1":"<p>Shipping<br\/>– Free worldwide shipping on orders over $50<br\/>– Europe: 2–5 business days<br\/>– USA \/ UK \/ Canada: 5–10 business days<br\/>– Rest of World: 7–18 business days<\/p><p>Returns & Refunds<br\/>We offer a 30-day return window for all unopened and unused items. Just drop us an email and we’ll send you a free return label.<\/p>","page_1":"","tab_heading_2":"Allergen Information","tab_description_2":"<p>May contain or be produced in a facility that handles gluten, nuts, peanuts, soy, milk, and sesame. Always check the ingredient list on the packaging if you have allergies.<\/p><p>Storage<br\/>Store in a cool, dry place away from direct sunlight. Reseal the pack after opening and enjoy within 4 weeks for the best taste and crunch.<\/p><p><\/p>","page_2":"","tab_heading_3":"","tab_description_3":"","page_3":"","tab_heading_4":"","tab_description_4":"","page_4":""}},"share_pHTMKU":{"type":"share","settings":{}}},"block_order":["title","content_rzkJM4","price","variant_picker","buy_buttons","inventory_RRVA3E","icon-with-text","complementary_nKUVCe","discount_9BMzdJ","collapsible_tab_87p4B7","share_pHTMKU"],"settings":{"expanded_width":true,"use_page_background":false,"color_scheme":"scheme-2","gallery_layout":"horizontal_slider","image_ratio":"square","image_ratio_with_adapt":"portrait","media_fit":"cover","enable_video_looping":true,"show_box_shadow":true,"image_ratio_adapt_mobile":"portrait","show_thumbnail":true,"padding_top":50,"padding_bottom":50}},"quick_purchase":{"type":"quick-purchase","blocks":{"product_7NfCVx":{"type":"product","settings":{"product":""}},"product_ndhKai":{"type":"product","settings":{"product":""}},"product_WRyHQj":{"type":"product","settings":{"product":""}},"product_aMX94Y":{"type":"product","settings":{"product":""}}},"block_order":["product_7NfCVx","product_ndhKai","product_WRyHQj","product_aMX94Y"],"name":"t:sections.quick-purchase.presets.name","settings":{"color_scheme":"","use_page_background":true,"expanded_width":false,"show_wavy_border":false,"wavy_border_type":"both","title":"Frequently Braught together","heading_size":"h2","sub_heading":"","alignment":"center","quick_purchse_scheme":"","quick_purchase_title":"Add them up","quick_purchase_title_size":"h2","padding_top":50,"padding_bottom":50}},"quick_reels":{"type":"quick-reels","blocks":{"video_reel_e6F6bT":{"type":"video_reel","settings":{"color_scheme":"","title":"Smokey chips","link":"","video_type":"url","video_url":"https:\/\/www.youtube.com\/watch?v=_9VUPq3SxOc","video_alt_text":"","enable_video_autoplay":true,"show_controls":false}},"video_reel_pMCaqF":{"type":"video_reel","settings":{"color_scheme":"","title":"Flavory DRINK","link":"","video_type":"url","video_url":"https:\/\/www.youtube.com\/watch?v=_9VUPq3SxOc","video_alt_text":"","enable_video_autoplay":true,"show_controls":false}},"video_reel_HzPDHm":{"type":"video_reel","settings":{"color_scheme":"","title":"FLAVORY","link":"","video_type":"url","video_url":"https:\/\/www.youtube.com\/watch?v=_9VUPq3SxOc","video_alt_text":"","enable_video_autoplay":true,"show_controls":false}},"video_reel_a4MXLx":{"type":"video_reel","settings":{"color_scheme":"","title":"Chocolate Crunch","link":"","video_type":"url","video_url":"https:\/\/www.youtube.com\/watch?v=_9VUPq3SxOc","video_alt_text":"","enable_video_autoplay":true,"show_controls":false}}},"block_order":["video_reel_e6F6bT","video_reel_pMCaqF","video_reel_HzPDHm","video_reel_a4MXLx"],"name":"t:sections.quick-reels.presets.name","settings":{"color_scheme":"","expanded_width":false,"use_page_background":false,"show_wavy_border":true,"wavy_border_type":"both","heading":"Quick reels","heading_size":"h2","subheading":"","alignment":"center","desktop_video_ratio":"portrait","mobile_video_ratio":"portrait","show_box_shadow":false,"slider_type":"manual","videos_per_row":4,"videos_per_row_mobile":"1","marquee_speed":3,"card_width":350,"mobile_card_width":250,"padding_top":100,"padding_bottom":100}},"related-products":{"type":"related-products","settings":{"title":"Related Products","heading_size":"h2","sub_heading":"Related","heading_alignment":"center","expanded_width":false,"use_page_background":true,"color_scheme":"scheme-2","products_to_show":7,"products_per_row":3,"enable_slider_scrollbar":true,"image_ratio":"square","show_secondary_image":true,"show_vendor":true,"show_rating":true,"enable_quick_add":true,"show_box_shadow":true,"grid_text_alignment":"center","products_per_row_mobile":"2","padding_top":94,"padding_bottom":20}},"testimonials":{"type":"testimonials","blocks":{"content_c73TpR":{"type":"content","settings":{"text":"OBSESSED","para":"<p>I’m literally addicted to Blackberry Blaze. It’s the only drink that actually tastes like real berries—no fake syrup taste. I keep a 6-pack in my fridge and one in my gym bag at all times now. Already on my fourth order this month!<\/p>","author_name":"Ashley Carter","author_designation":"Fitness Coach, Miami"}},"content_ACBPV4":{"type":"content","settings":{"text":"INSANE","para":"<p>Chocolate Bar actually explodes in your mouth?? My kids (and I) lost our minds the first time we tried it. We finished four bars in one afternoon. This is dangerous… in the best way.<\/p>","author_name":"Megan Williams","author_designation":"Mom of 3, Austin, Texas"}},"content_mhNqmk":{"type":"content","settings":{"text":"GAMECHANGER","para":"<p>Finally a post-workout drink that doesn’t taste like chalk or chemicals. Mint Ocean Breeze is ice-cold, super refreshing, and the blue spirulina gives it that cool color. It’s my new go-to after every CrossFit session.<\/p>","author_name":"Jake Robinson","author_designation":"CrossFit Trainer, San Diego"}},"content_hryj9w":{"type":"content","settings":{"text":"UNREAL","para":"<p>Peri-Peri Nuggets + Chicken Ramen combo is straight-up dangerous for game nights. Crispy, spicy, and delivered in 12 minutes. My roommates and I demolished everything and immediately reordered. Send help.<\/p>","author_name":"Tyler Johnson","author_designation":"Software Engineer, Seattle"}},"content_nMQV8U":{"type":"content","settings":{"text":"BEST EVER","para":"<p>Tried the gift hamper for my girlfriend’s birthday — she said it’s the most thoughtful gift she’s ever gotten.<\/p>","author_name":"Emma Davis","author_designation":"Marketing Manager, Chicago"}}},"block_order":["content_c73TpR","content_ACBPV4","content_mhNqmk","content_hryj9w","content_nMQV8U"],"name":"t:sections.testimonials.presets.name","settings":{"color_scheme":"scheme-6","use_page_background":false,"full_width":false,"show_wavy_border":true,"wavy_border_type":"both","heading":"Real People, Unfiltered Love","heading_size":"h2","para":"What Flavory Addicts Are Saying","content_alignment":"center","slider_type":"auto","marquee_speed":1,"card_width":310,"mobile_card_width":300,"desktop_slide":4,"padding_top":100,"padding_bottom":100}}},"order":["main","quick_purchase","quick_reels","related-products","testimonials"]}