{"name":"t:sections.header.name","type":"header","sections":{"announcement-bar":{"type":"announcement-bar","blocks":{"announcement-bar-0":{"type":"announcement","settings":{"text":"⚡Use this section to make announcements"}}},"block_order":["announcement-bar-0"],"settings":{"full_width":true,"enable_scroll":true,"scrolling_speed":2}},"header":{"type":"header","settings":{"full_width":true,"color_scheme":"secondary","sticky_header":true,"transparent_header":false,"logo_width":120,"logo_width_mobile":100,"logo_position":"top-center","mobile_logo_position":"left","menu":"main-menu","menu_type_desktop":"mega","show_mega_menu_image":true,"navigation_position":"bottom-fixed","enable_overlay_navigation":true,"information_links":"main-menu","promo_heading":"Discover a World of Possibilities","promo_description":"<p>Explore our user-friendly website with the convenient overlay navigation. Discover services, products, and informative articles effortlessly. Stay updated with the latest news and start your journey by clicking the menu icon. Unlock a world of possibilities today!<\/p>","show_social_links":true,"collection_style":"standard","enable_country_selector":true,"enable_language_selector":true}}},"order":["announcement-bar","header"]}