{"sections":{"main":{"type":"main-article","settings":{"section_width":true,"image_height":"small","featured_image":true,"blog_show_date":true,"blog_show_author":true,"comment_color_scheme":"","padding_top":80,"padding_bottom":80}},"featured_blog":{"type":"featured-blog","settings":{"color_scheme_1":"","full_width":false,"heading":"Blog posts","heading_size":"h3","blog":"","post_limit":4,"columns_desktop":4,"color_scheme":"","show_date":true,"show_author":true,"show_tag":true,"show_view_all":true,"button_style":"outline","outline_background":false,"swipe_on_mobile":true,"padding_top":40,"padding_bottom":80}}},"order":["main","featured_blog"]}