{"sections":{"banner":{"type":"main-collection-banner","settings":{"show_collection_description":true,"show_collection_image":true,"image_height":"small","color_scheme":"scheme-2","padding_top":80,"padding_bottom":40}},"product-grid":{"type":"main-collection-product-grid","settings":{"show_collection_title":true,"collection_title_size":"h2","products_per_page":12,"columns_desktop":4,"color_scheme":"scheme-1","image_ratio":"portrait","show_secondary_image":true,"show_vendor":true,"show_rating":true,"show_color_swatches":true,"enable_quickview":true,"content_alinment":"center","enable_filtering":true,"enable_sorting":true,"active_button_background":"#2a1a15","active_button_color":"#ffffff","button_background":"#e2d5c5","button_color":"#2a1a15","columns_mobile":"1","padding_top":40,"padding_bottom":80}}},"order":["banner","product-grid"]}