{"sections":{"slideshow":{"type":"slideshow","blocks":{"slide":{"type":"slide","settings":{"image_overlay_opacity":0,"subheading":"Tell your brand's story through images","subheading_transform":"uppercase","heading":"Heading goes here","heading_size":"h1","content":"Enhance your slideshow by incorporating a detailed description of your brand right here in this section.","box_align":"middle-center","content_width":580,"color_scheme":"scheme-1","button_label":"Button label","button_link":"","button_style_primary":"outline","outline_background":false,"button_label_2":"Button label","button_link_2":"","button_style_secondary":"primary","second_outline_background":false,"mobile_box_align":"middle-center"}},"slide_THYaB7":{"type":"slide","settings":{"image_overlay_opacity":0,"subheading":"Tell your brand's story through images","subheading_transform":"uppercase","heading":"Heading goes here","heading_size":"h1","content":"Enhance your slideshow by incorporating a detailed description of your brand right here in this section.","box_align":"middle-left","content_width":580,"color_scheme":"scheme-1","button_label":"Button label","button_link":"","button_style_primary":"outline","outline_background":false,"button_label_2":"Button label","button_link_2":"","button_style_secondary":"primary","second_outline_background":false,"mobile_box_align":"middle-left"}}},"block_order":["slide","slide_THYaB7"],"settings":{"section_width":true,"transparent_header":true,"slide_height":"large","auto_rotate":false,"change_slides_speed":5,"padding_top":0,"padding_bottom":0}},"text_with_icons_1":{"type":"text-with-icons","blocks":{"contact_1":{"type":"contact","settings":{"heading":"Icon with text","phone":"<p>Include a description of the icon.<\/p>","icon":"icon-package"}},"contact_2":{"type":"contact","settings":{"heading":"Icon with text","phone":"<p>Include a description of the icon.<\/p>","icon":"icon-package"}},"contact_3":{"type":"contact","settings":{"heading":"Icon with text","phone":"<p>Include a description of the icon.<\/p>","icon":"icon-package"}},"contact_4":{"type":"contact","settings":{"heading":"Icon with text","phone":"<p>Include a description of the icon.<\/p>","icon":"icon-package"}}},"block_order":["contact_1","contact_2","contact_3","contact_4"],"settings":{"section_width":false,"color_scheme":"","section_view":"horizontal_view","heading":"","heading_size":"h2","heading_aligment":"center","heading_style":"body_style","block_heading_size":"h5","content_alignment":"center","image_width":35,"swipe_on_mobile":true,"padding_top":0,"padding_bottom":0}},"collection_list":{"type":"collection-list","blocks":{"featured_collection_1":{"type":"featured_collection","settings":{"collection":"","info_text":"Subtitle","title":"","buy_button":"Buy"}},"featured_collection_2":{"type":"featured_collection","settings":{"collection":"","info_text":"Subtitle","title":"","buy_button":"Buy"}},"featured_collection_3":{"type":"featured_collection","settings":{"collection":"","info_text":"Subtitle","title":"","buy_button":"Buy"}},"featured_collection_4":{"type":"featured_collection","settings":{"collection":"","info_text":"Subtitle","title":"","buy_button":"Buy"}}},"block_order":["featured_collection_1","featured_collection_2","featured_collection_3","featured_collection_4"],"settings":{"section_width":false,"color_scheme":"","title":"Collection list","heading_style":"body_style","heading_size":"h6","heading_alignment":"left","heading_transform":"uppercase","collection_color_scheme":"","image_ratio":"adapt","columns_desktop":4,"title_size":"h3","collection_title_alignment":"left","columns_mobile":"1","swipe_on_mobile":true,"padding_top":80,"padding_bottom":40}},"featured_collection_1":{"type":"featured-collection","settings":{"section_width":false,"color_scheme":"","title":"Our products","heading_size":"h3","show_view_all":true,"button_style_primary":"outline","outline_background":false,"collection":"","products_to_show":8,"columns_desktop":4,"image_ratio":"portrait","show_secondary_image":false,"show_vendor":false,"show_rating":false,"enable_quickview":true,"show_color_swatches":true,"heading_style":"body_style","title_size":"p","card_text_alignment":"center","columns_mobile":"2","swipe_on_mobile":true,"padding_top":40,"padding_bottom":40}},"image_with_text":{"type":"image-with-text","blocks":{"heading":{"type":"heading","settings":{"heading":"Image with text","heading_size":"h1"}},"summary":{"type":"summary","settings":{"description":"<p>Pair text with an image to focus on your chosen product, collection, or blog post. Add details on availability, style, or even provide a review.<\/p>"}},"button":{"type":"button","settings":{"button_label":"Button label","button_link":"","button_style_primary":"outline","outline_background":false,"button_label_2":"","button_link_2":"","button_style_secondary":"outline","second_outline_background":false}}},"block_order":["heading","summary","button"],"settings":{"section_width":false,"color_scheme":"","height":"medium","show_border":false,"enable_hover_effect":false,"layout":"image_first","desktop_content_position":"middle","desktop_content_alignment":"left","mobile_content_alignment":"left","padding_top":0,"padding_bottom":0}},"featured_collection_2":{"type":"featured-collection","settings":{"section_width":false,"color_scheme":"","title":"Our products","heading_size":"h3","show_view_all":true,"button_style_primary":"outline","outline_background":false,"collection":"","products_to_show":8,"columns_desktop":4,"image_ratio":"portrait","show_secondary_image":false,"show_vendor":false,"show_rating":false,"enable_quickview":true,"show_color_swatches":true,"heading_style":"body_style","title_size":"p","card_text_alignment":"center","columns_mobile":"2","swipe_on_mobile":true,"padding_top":40,"padding_bottom":40}},"image_showcase_1":{"type":"image-showcase","blocks":{"image_1":{"type":"image","settings":{"color_scheme":"","tagline":"#Tagline","title":"Image Showcase","heading_size":"h2","text":"","link_label":"Button label","link":"","content_position":"middile-left"}},"image_2":{"type":"image","settings":{"color_scheme":"","tagline":"#Tagline","title":"Image Showcase","heading_size":"h2","text":"","link_label":"Button label","link":"","content_position":"middile-left"}}},"block_order":["image_1","image_2"],"settings":{"section_width":false,"title":"","heading_size":"h2","heading_alignment":"left","image_ratio":"square","columns_desktop":"2","swipe_on_mobile":true,"padding_top":40,"padding_bottom":40}},"masnory_grid":{"type":"masnory-grid","blocks":{"image_1":{"type":"image","settings":{"grid_color_scheme":"","image_height":50,"enable_hover_effect":true,"hover_effect_background":"#e2d5c5","title":"Masonry grid","heading_size":"h2","description":"<p>Include a detailed description of your product and collection in this section.<\/p>","button_label":"Button label","button_link":"","button_style":"outline","outline_background":false,"second_button_label":"","second_button_link":"","second_button_style":"primary","second_outline_background":false,"text_alignment":"center"}},"image_2":{"type":"image","settings":{"grid_color_scheme":"","image_height":100,"enable_hover_effect":true,"hover_effect_background":"#e2d5c5","title":"Masonry grid","heading_size":"h2","description":"<p>Include a detailed description of your product and collection in this section.<\/p>","button_label":"Button label","button_link":"","button_style":"outline","outline_background":false,"second_button_label":"","second_button_link":"","second_button_style":"primary","second_outline_background":false,"text_alignment":"center"}},"image_3":{"type":"image","settings":{"grid_color_scheme":"","image_height":100,"enable_hover_effect":true,"hover_effect_background":"#e2d5c5","title":"Masonry grid","heading_size":"h2","description":"<p>Include a detailed description of your product and collection in this section.<\/p>","button_label":"Button label","button_link":"","button_style":"outline","outline_background":false,"second_button_label":"","second_button_link":"","second_button_style":"primary","second_outline_background":false,"text_alignment":"center"}},"image_4":{"type":"image","settings":{"grid_color_scheme":"","image_height":50,"enable_hover_effect":true,"hover_effect_background":"#e2d5c5","title":"Masonry grid","heading_size":"h2","description":"<p>Include a detailed description of your product and collection in this section.<\/p>","button_label":"Button label","button_link":"","button_style":"outline","outline_background":false,"second_button_label":"","second_button_link":"","second_button_style":"primary","second_outline_background":false,"text_alignment":"center"}}},"block_order":["image_1","image_2","image_3","image_4"],"settings":{"section_width":false,"color_scheme":"","title":"Masonry grid","heading_style":"body_style","heading_transform":"uppercase","heading_size":"h6","heading_alignment":"left","padding_top":40,"padding_bottom":80}},"product_shop_the_look":{"type":"product-shop-the-look","blocks":{"product_1":{"type":"product","settings":{"product":"","vertical_position":30,"horizontal_position":30,"vertical_position_mobile":30,"horizontal_position_mobile":30}},"product_2":{"type":"product","settings":{"product":"","vertical_position":40,"horizontal_position":40,"vertical_position_mobile":40,"horizontal_position_mobile":45}}},"block_order":["product_1","product_2"],"settings":{"section_width":false,"color_scheme":"","title":"","heading_size":"h3","heading_alignment":"center","image_height":"small","collection_button":"Button label","collection_button_link":"","button_style_primary":"outline","outline_background":false,"button_position":"bottom-right","hover_dots":"number","hover_dots_background":"#2a1a15","hover_dots_color":"#ffffff","enable_hover_effect":false,"hover_effect_background":"#2a1a15","overlay_opacity":30,"color_scheme_products":"","product_content_alignment":"left","product_title_size":"info-text-small","image_ratio":"portrait","show_vendor":false,"show_color_swatch":true,"show_secondary_image":true,"enable_quickview":true,"quick_button_style_primary":"outline","quick_outline_background":false,"mobile_image_height":"small","padding_top":40,"padding_bottom":40}},"featured_product":{"type":"featured-product","blocks":{"vendor":{"type":"vendor","settings":{}},"title":{"type":"title","settings":{"heading_size":"h3"}},"variant_picker":{"type":"variant_picker","settings":{"picker_type_dropdown":false,"option_swatches":true}},"price":{"type":"price","settings":{}},"buy_buttons":{"type":"buy_buttons","settings":{"quantity_selector":true,"show_dynamic_checkout":true,"show_gift_card_recipient":true}},"collapsible_tab":{"type":"collapsible_tab","settings":{"color":"","heading":"Collapsible row","content":"<p>You can reach our customer service team via email, phone, or the contact form on our website. We aim to respond within 24 hours.<\/p>","page":""}},"icon_with_text":{"type":"icon-with-text","settings":{"color_scheme_icon":"","icon":"icon-package","heading_1":"Icon","icon_2":"icon-return","heading_2":"Icon","icon_3":"icon-bag","heading_3":"Icon"}}},"block_order":["vendor","title","variant_picker","price","buy_buttons","collapsible_tab","icon_with_text"],"settings":{"section_width":false,"color_scheme":"","product_1_heading":"","product_2_heading":"","product_list":[],"active_tab_color":"","media_size":"large","constrain_to_viewport":true,"media_fit":false,"gallery_layout":"columns","image_zoom":true,"hide_variants":false,"enable_video_looping":false,"padding_top":80,"padding_bottom":40}},"rich_text":{"type":"rich-text","blocks":{"heading":{"type":"heading","settings":{"heading":"Talk about your brand","heading_size":"h3","heading_style":"body_style"}},"text":{"type":"text","settings":{"text":"<p>Share information about your brand with your customers. Describe a product, make announcements, or welcome customers to your store.<\/p>"}},"button":{"type":"button","settings":{"button_label":"Button label","button_link":"","button_style_primary":"outline","outline_background":false,"button_label_2":"","button_link_2":"","button_style_secondary":"primary","second_outline_background":false}}},"block_order":["heading","text","button"],"settings":{"section_width":false,"color_scheme":"","content_alignment":"center","padding_top":80,"padding_bottom":80}},"customer_feedback":{"type":"customer-feedback","blocks":{"review_1":{"type":"review","settings":{"color":"","review":"<p>Add customer reviews and testimonials to showcase your store’s happy customers.<\/p>","name":"Author's name","rating":5}},"review_2":{"type":"review","settings":{"color":"","review":"<p>Add customer reviews and testimonials to showcase your store’s happy customers.<\/p>","name":"Author's name","rating":5}},"review_3":{"type":"review","settings":{"color":"","review":"<p>Add customer reviews and testimonials to showcase your store’s happy customers.<\/p>","name":"Author's name","rating":5}},"review_4":{"type":"review","settings":{"color":"","review":"<p>Add customer reviews and testimonials to showcase your store’s happy customers.<\/p>","name":"Author's name","rating":5}}},"block_order":["review_1","review_2","review_3","review_4"],"settings":{"section_width":false,"color":"color-scheme-2","testimonial_heading":"Customer Reviews","heading_size":"h3","heading_alignment":"left","subheading":"<p>Add a description about your customer reviews<\/p>","button_text":"Button label","button_url":"","button_style":"outline","outline_background":false,"upper_padding":40,"lower_padding":40}},"toggle_tabs":{"type":"toggle-tabs","blocks":{"collapse_1":{"type":"collapse","settings":{"color":"","row_heading":"Heading","description":"<p>Include frequently asked questions (FAQs) in this section to provide comprehensive information and address common queries.<\/p>"}},"collapse_2":{"type":"collapse","settings":{"color":"","row_heading":"Heading","description":"<p>Include frequently asked questions (FAQs) in this section to provide comprehensive information and address common queries.<\/p>"}},"collapse_3":{"type":"collapse","settings":{"color":"","row_heading":"Heading","description":"<p>Include frequently asked questions (FAQs) in this section to provide comprehensive information and address common queries.<\/p>"}},"collapse_4":{"type":"collapse","settings":{"color":"","row_heading":"Heading","description":"<p>Include frequently asked questions (FAQs) in this section to provide comprehensive information and address common queries.<\/p>"}},"collapse_5":{"type":"collapse","settings":{"color":"","row_heading":"Heading","description":"<p>Include frequently asked questions (FAQs) in this section to provide comprehensive information and address common queries.<\/p>"}}},"block_order":["collapse_1","collapse_2","collapse_3","collapse_4","collapse_5"],"settings":{"color":"scheme-1","full_width":false,"heading":"Frequently Asked Questions","heading_size":"h3","heading_alignment":"left","button_text":"Button label","button_url":"","button_style":"outline","outline_background":false,"upper_padding":80,"lower_padding":40}},"video":{"type":"video","blocks":{"content":{"type":"content","settings":{"title":"Shop by category","heading_size":"h3","heading_style":"body_style","menu":"main-menu","content_position":"middile-left","overlay":0}}},"block_order":["content"],"settings":{"full_width":false,"color_scheme":"","enable_video_looping":false,"enable_video_autoplay":false,"enable_video_controls":false,"video_url":"https:\/\/www.youtube.com\/watch?v=_9VUPq3SxOc","description":"","padding_top":40,"padding_bottom":40}},"image_showcase_2":{"type":"image-showcase","blocks":{"image_1":{"type":"image","settings":{"color_scheme":"","tagline":"#Tagline","title":"Image Showcase","heading_size":"h2","text":"","link_label":"Button label","link":"","content_position":"middile-left"}},"image_2":{"type":"image","settings":{"color_scheme":"","tagline":"#Tagline","title":"Image Showcase","heading_size":"h2","text":"","link_label":"Button label","link":"","content_position":"middile-left"}}},"block_order":["image_1","image_2"],"settings":{"section_width":false,"title":"","heading_size":"h2","heading_alignment":"left","image_ratio":"square","columns_desktop":"2","swipe_on_mobile":true,"padding_top":40,"padding_bottom":40}},"countdown_clock":{"type":"countdown-clock","blocks":{"clock":{"type":"clock","settings":{"enable_clock":false,"year":"","month":"01","day":"1","hour":"01","minute":"00","clock_size":"h2","clock_style":"body_style","show_clock_small_text":false,"hide_clock":false,"message":"<p>Add the completed clock message here.<\/p>"}},"content":{"type":"content","settings":{"heading":"","heading_size":"h2","heading_style":"body_style","text":"<p>Maximize sales with this timer by creating a sense of urgency.<\/p>"}},"discount":{"type":"discount","settings":{"discount_code":"FLASHSALE24","button_label":"Copy","copied_button_label":"Copied!","button_style":"primary","outline_background":false}}},"block_order":["clock","content","discount"],"settings":{"section_width":false,"color_scheme":"","padding_top":40,"padding_bottom":80}},"marquee_1":{"type":"marquee","blocks":{"scrolling_text_1":{"type":"scrolling_text","settings":{"text":"⚡Auto-scrolling text","link":""}},"scrolling_text_2":{"type":"scrolling_text","settings":{"text":"⚡Auto-scrolling text","link":""}},"scrolling_text_3":{"type":"scrolling_text","settings":{"text":"⚡Auto-scrolling text","link":""}},"scrolling_text_4":{"type":"scrolling_text","settings":{"text":"⚡Auto-scrolling text","link":""}}},"block_order":["scrolling_text_1","scrolling_text_2","scrolling_text_3","scrolling_text_4"],"settings":{"color_scheme":"","full_width":true,"keep_scrolling_effect":false,"show_border":true,"horizontal_flip":false,"left_to_right":false,"scrolling_speed":"0.75","padding_top":16,"padding_bottom":16}},"material_highlights":{"type":"material-highlights","blocks":{"highlights_1":{"type":"highlights","settings":{"highlight_heading":"Highlight","highlight_heading_size":"h1","highlight_description":"","button_label":"Button label","button_link":"","button_style":"outline","outline_background":false}},"highlights_2":{"type":"highlights","settings":{"highlight_heading":"Highlight","highlight_heading_size":"h1","highlight_description":"","button_label":"Button label","button_link":"","button_style":"outline","outline_background":false}},"highlights_3":{"type":"highlights","settings":{"highlight_heading":"Highlight","highlight_heading_size":"h1","highlight_description":"","button_label":"Button label","button_link":"","button_style":"outline","outline_background":false}},"highlights_4":{"type":"highlights","settings":{"highlight_heading":"Highlight","highlight_heading_size":"h1","highlight_description":"","button_label":"Button label","button_link":"","button_style":"outline","outline_background":false}}},"block_order":["highlights_1","highlights_2","highlights_3","highlights_4"],"settings":{"color_scheme":"color-scheme-2","full_width":false,"section_heading":"Material Highlights","heading_size":"h3","content":"","hover_text_color":"#ffffff","swipe_on_mobile":true,"padding_top":40,"padding_bottom":40}},"marquee_2":{"type":"marquee","blocks":{"scrolling_text_1":{"type":"scrolling_text","settings":{"text":"⚡Auto-scrolling text","link":""}},"scrolling_text_2":{"type":"scrolling_text","settings":{"text":"⚡Auto-scrolling text","link":""}},"scrolling_text_3":{"type":"scrolling_text","settings":{"text":"⚡Auto-scrolling text","link":""}},"scrolling_text_4":{"type":"scrolling_text","settings":{"text":"⚡Auto-scrolling text","link":""}}},"block_order":["scrolling_text_1","scrolling_text_2","scrolling_text_3","scrolling_text_4"],"settings":{"color_scheme":"","full_width":true,"keep_scrolling_effect":false,"show_border":true,"horizontal_flip":false,"left_to_right":false,"scrolling_speed":"0.75","padding_top":16,"padding_bottom":16}},"featured_blog":{"type":"featured-blog","settings":{"color_scheme_1":"","full_width":false,"heading":"Blog posts","heading_size":"h3","blog":"","post_limit":4,"columns_desktop":4,"color_scheme":"","show_date":true,"show_author":true,"show_tag":true,"show_view_all":true,"button_style":"outline","outline_background":false,"swipe_on_mobile":true,"padding_top":40,"padding_bottom":40}},"newsletter":{"type":"newsletter","blocks":{"email_form":{"type":"email_form","settings":{"heading":"Subscribe newsletter","heading_size":"h1","text":"<p>Be the first to know about new collections and exclusive offers.<\/p>"}},"image":{"type":"image","settings":{}}},"block_order":["email_form","image"],"settings":{"color_scheme":"","full_width":false,"enable_hover_effect":false,"hover_effect_background":"#ffffff","hover_text_color":"#ffffff","padding_top":0,"padding_bottom":0}},"text_with_icons_2":{"type":"text-with-icons","blocks":{"contact_1":{"type":"contact","settings":{"heading":"Icon with text","phone":"<p>Include a description of the icon.<\/p>","icon":"icon-package"}},"contact_2":{"type":"contact","settings":{"heading":"Icon with text","phone":"<p>Include a description of the icon.<\/p>","icon":"icon-package"}},"contact_3":{"type":"contact","settings":{"heading":"Icon with text","phone":"<p>Include a description of the icon.<\/p>","icon":"icon-package"}},"contact_4":{"type":"contact","settings":{"heading":"Icon with text","phone":"<p>Include a description of the icon.<\/p>","icon":"icon-package"}}},"block_order":["contact_1","contact_2","contact_3","contact_4"],"settings":{"section_width":false,"color_scheme":"scheme-1","section_view":"vertical_view","heading":"","heading_size":"h2","heading_aligment":"center","heading_style":"body_style","block_heading_size":"h5","content_alignment":"left","image_width":65,"swipe_on_mobile":true,"padding_top":40,"padding_bottom":40}}},"order":["slideshow","text_with_icons_1","collection_list","featured_collection_1","image_with_text","featured_collection_2","image_showcase_1","masnory_grid","product_shop_the_look","featured_product","rich_text","customer_feedback","toggle_tabs","video","image_showcase_2","countdown_clock","marquee_1","material_highlights","marquee_2","featured_blog","newsletter","text_with_icons_2"]}