
{
  "sections": {
    "main": {
      "type": "main-page",
      "disabled": true,
      "settings": {
        "padding_top": 40,
        "padding_bottom": 40
      }
    },
    "toggle_tabs": {
      "type": "toggle-tabs",
      "blocks": {
        "collapse_1": {
          "type": "collapse",
          "settings": {
            "color": "",
            "row_heading": "Heading",
            "description": "<p>Include frequently asked questions (FAQs) in this section to provide comprehensive information and address common queries.</p>"
          }
        },
        "collapse_2": {
          "type": "collapse",
          "settings": {
            "color": "",
            "row_heading": "Heading",
            "description": "<p>Include frequently asked questions (FAQs) in this section to provide comprehensive information and address common queries.</p>"
          }
        },
        "collapse_3": {
          "type": "collapse",
          "settings": {
            "color": "",
            "row_heading": "Heading",
            "description": "<p>Include frequently asked questions (FAQs) in this section to provide comprehensive information and address common queries.</p>"
          }
        },
        "collapse_4": {
          "type": "collapse",
          "settings": {
            "color": "",
            "row_heading": "Heading",
            "description": "<p>Include frequently asked questions (FAQs) in this section to provide comprehensive information and address common queries.</p>"
          }
        },
        "collapse_5": {
          "type": "collapse",
          "settings": {
            "color": "",
            "row_heading": "Heading",
            "description": "<p>Include frequently asked questions (FAQs) in this section to provide comprehensive information and address common queries.</p>"
          }
        },
        "collapse_6": {
          "type": "collapse",
          "settings": {
            "color": "scheme-4",
            "row_heading": "Heading",
            "description": "<p>Include frequently asked questions (FAQs) in this section to provide comprehensive information and address common queries.</p>"
          }
        }
      },
      "block_order": [
        "collapse_1",
        "collapse_2",
        "collapse_3",
        "collapse_4",
        "collapse_5",
        "collapse_6"
      ],
      "settings": {
        "color": "scheme-1",
        "full_width": false,
        "heading": "Frequently Asked Questions",
        "heading_size": "h3",
        "button_text": "Button label",
        "button_url": "",
        "button_style": "outline",
        "outline_background": false,
        "upper_padding": 40,
        "lower_padding": 80
      }
    }
  },
  "order": [
    "main",
    "toggle_tabs"
  ]
}
