{"sections":{"main":{"type":"main-article","blocks":{"title":{"type":"title","settings":{"blog_show_date":true,"blog_show_author":false,"share_icon":true}},"featured_image":{"type":"featured_image","settings":{"image_height":"adapt"}},"content":{"type":"content","settings":{}}},"block_order":["title","featured_image","content"],"settings":{"padding_top":100,"padding_bottom":100}},"collection-list":{"type":"collection-list","blocks":{"featured_collection1":{"type":"featured_collection","settings":{"collection":"","color_scheme":"","title":"","link":"","description":""}},"featured_collection2":{"type":"featured_collection","settings":{"collection":"","color_scheme":"scheme-3","title":"","link":"","description":""}}},"block_order":["featured_collection1","featured_collection2"],"settings":{"title":"I’m looking for..","heading_size":"h2","heading_alignment":"left","color_scheme":"","collections_per_row":2,"enable_slider_scrollbar":false,"show_view_all":false,"style":"classic","image_width":"medium","image_ratio":"original","custom_ratio":1.4,"title_size":"h4","grid_alignment":"left","show_product_count":true,"collections_per_row_mobile":"1","swipe_on_mobile":true,"padding_top":0,"padding_bottom":100}},"slideshow":{"type":"slideshow","blocks":{"slide":{"type":"slide","settings":{"image_overlay_opacity":0,"subheading":"Empower","heading":"Strength Boost Formula","heading_size":"h2","description":"","primary_button_label":"Explore Now","primary_button_link":"","primary_button_style":"primary","secondary_button_label":"","secondary_button_link":"","secondary_button_style":"secondary","box_align":"middle-left","text_alignment":"left","show_text_box":false,"color_scheme":"scheme-3","text_alignment_mobile":"center"}}},"block_order":["slide"],"settings":{"expanded_width":false,"slide_height":"medium","auto_rotate":true,"change_slides_speed":5,"image_animation":false,"show_text_below":true}},"text-columns-with-icons":{"type":"text-columns-with-icons","blocks":{"column1":{"type":"column","settings":{"color_scheme":"","icon":"icon-package","title":"FREE SHIPPING","text":"<p>We deliver in 48 hours max!<\/p>"}},"column2":{"type":"column","settings":{"color_scheme":"","icon":"icon-shopping-cart","title":"100% ORIGINAL PROTEIN","text":"<p>Purity for Optimal Muscle Growth<\/p>"}},"column3":{"type":"column","settings":{"color_scheme":"","icon":"icon-user","title":"WE ARE AVAILABLE 24\/7","text":"<p>Contact us by chat, mail, phone<\/p>"}},"column4":{"type":"column","settings":{"color_scheme":"","icon":"icon-lock","title":"SECURE PAYMENT","text":"<p>Visa, Mastercard, Amex, PayPal<\/p>"}}},"block_order":["column1","column2","column3","column4"],"settings":{"title":"","heading_size":"h2","heading_alignment":"center","color_scheme":"scheme-1","style":"simple","column_per_row":4,"title_size":"h5","text_alignment":"center","column_per_row_mobile":"2","padding_top":100,"padding_bottom":100}}},"order":["main","collection-list","slideshow","text-columns-with-icons"]}