{"sections":{"cart-items":{"type":"main-cart-items","blocks":{"subtotal":{"type":"subtotal","settings":{"color_scheme":""}},"buttons":{"type":"buttons","settings":{"secure_payment":true,"payment_enable":true}}},"block_order":["subtotal","buttons"],"settings":{"show_gift_wrap":false,"product_gift":"","product_gift_text":"Prefer gift wrap for your purchase?","product_gift_button":"Add a gift wrap","padding_top":100,"padding_bottom":100}},"featured-collection":{"type":"featured-collection","blocks":{"featured_collection":{"type":"featured_collection","settings":{"collection":"","title":""}}},"block_order":["featured_collection"],"settings":{"title":"customer Favourite","heading_size":"h2","heading_alignment":"center","color_scheme":"","products_to_show":8,"products_per_row":4,"enable_slider_scrollbar":true,"show_view_all":true,"grid_color_scheme":"","grid_style":"classic","image_ratio":"portrait","show_secondary_image":true,"show_vendor":false,"show_rating":false,"enable_quick_add":true,"show_color_swatches":false,"grid_text_alignment":"center","products_per_row_mobile":"2","swipe_on_mobile":true,"padding_top":100,"padding_bottom":100}}},"order":["cart-items","featured-collection"]}