{"sections":{"banner":{"type":"main-collection-banner","settings":{"color_scheme":"","show_collection_description":true,"show_collection_image":false,"collapse_content":true,"padding_top":50,"padding_bottom":50}},"collection_list":{"type":"collection-list","blocks":{"featured_collection_1":{"type":"featured_collection","settings":{"collection":"","color_scheme":"","title":"","link":"","description":""}},"featured_collection_4":{"type":"featured_collection","settings":{"collection":"","color_scheme":"","title":"","link":"","description":""}},"featured_collection_2":{"type":"featured_collection","settings":{"collection":"","color_scheme":"","title":"","link":"","description":""}},"featured_collection_3":{"type":"featured_collection","settings":{"collection":"","color_scheme":"","title":"","link":"","description":""}},"featured_collection_5":{"type":"featured_collection","settings":{"collection":"","color_scheme":"","title":"","link":"","description":""}}},"block_order":["featured_collection_1","featured_collection_4","featured_collection_2","featured_collection_3","featured_collection_5"],"settings":{"title":"","heading_size":"h2","heading_alignment":"center","color_scheme":"","collections_per_row":5,"enable_slider_scrollbar":false,"show_view_all":false,"style":"simple","image_width":"medium","image_ratio":"original","custom_ratio":2.2,"title_size":"h6","grid_alignment":"center","show_product_count":false,"collections_per_row_mobile":"2","swipe_on_mobile":true,"padding_top":0,"padding_bottom":50}},"product-grid":{"type":"main-collection-product-grid","blocks":{"image_block_1":{"type":"image_block","settings":{"color_scheme":"scheme-3","block_position":5,"image_ratio":"normal","image_width":"large","subheading":"Boost","heading":"Power Pump","button_label":"Shop Now","button_link":"shopify:\/\/collections\/endurance-boost","vertical_alignment":"bottom","horizontal_alignment":"left"}},"image_block_2":{"type":"image_block","settings":{"color_scheme":"scheme-3","block_position":11,"image_ratio":"normal","image_width":"small","subheading":"⚡️ Optimize ⚡️","heading":"Muscle Max Formula","button_label":"Explore Now","button_link":"shopify:\/\/collections","vertical_alignment":"middle","horizontal_alignment":"center"}}},"block_order":["image_block_1","image_block_2"],"settings":{"products_per_page":15,"products_per_row":3,"infinite_scroll":false,"grid_color_scheme":"scheme-1","grid_style":"simple","image_ratio":"portrait","show_secondary_image":true,"show_vendor":false,"show_rating":false,"enable_quick_add":true,"show_color_swatches":false,"grid_text_alignment":"center","enable_filtering":true,"color_filter":true,"enable_sorting":true,"products_per_row_mobile":"2","padding_top":0,"padding_bottom":100}},"masonry-grid":{"type":"masonry-grid","blocks":{"image1":{"type":"image","settings":{"color_scheme":"scheme-3","image_height":50,"subheading":"Empower","title":"Stacked Strength","heading_size":"h2","description":"","button_label":"Shop Now","button_link":"shopify:\/\/products\/lean-force-max-burn","button_style":"primary","text_alignment":"left","scrolling_color_scheme":"","scrolling_text":""}},"image2":{"type":"image","settings":{"color_scheme":"scheme-3","image_height":50,"subheading":"Performance Boost","title":"Elevate Performance","heading_size":"h3","description":"","button_label":"Explore Now","button_link":"shopify:\/\/products\/giga-mass-blend","button_style":"outline","text_alignment":"center","scrolling_color_scheme":"","scrolling_text":""}}},"block_order":["image1","image2"],"settings":{"title":"","heading_size":"h2","heading_alignment":"center","color_scheme":"scheme-1","padding_top":0,"padding_bottom":100}}},"order":["banner","collection_list","product-grid","masonry-grid"]}