{"sections":{"rich_text":{"type":"rich-text","blocks":{"heading":{"type":"heading","settings":{"subheading":"<strong>Ultimate Fitness Experience<\/strong>","heading":"THE PERFECT","heading_size":"h0","autoslide":"WARM-UP\nWORKOUT\nWELLNESS"}},"text":{"type":"text","settings":{"text":"<p>Discover the ideal workout with our expertly designed routines for peak performance and optimal fitness.<\/p>"}},"button":{"type":"button","settings":{"button_label":"Flat 60% Off","button_suggestions":"Shop Now","button_link":"","button_style_primary":"primary","button_label_2":"Explore Now","button_suggestions_2":"","button_link_2":"","button_style_secondary":"outline"}}},"block_order":["heading","text","button"],"settings":{"expanded_width":true,"color_scheme":"","padding_top":50,"padding_bottom":100}},"slideshow":{"type":"slideshow","blocks":{"slide_1":{"type":"slide","settings":{"image_overlay_opacity":0,"subheading":"","heading":"","heading_size":"h1","description":"","primary_button_label":"","primary_button_link":"","primary_button_style":"primary","secondary_button_label":"","secondary_button_link":"","secondary_button_style":"secondary","box_align":"middle-center","text_alignment":"center","show_text_box":false,"color_scheme":"","text_alignment_mobile":"center"}}},"block_order":["slide_1"],"settings":{"expanded_width":false,"slide_height":"original","auto_rotate":true,"change_slides_speed":5,"image_animation":false,"show_text_below":false}},"collection_list":{"type":"collection-list","blocks":{"featured_collection_1":{"type":"featured_collection","settings":{"collection":"","color_scheme":"","title":"","link":"","description":""}},"featured_collection_2":{"type":"featured_collection","settings":{"collection":"","color_scheme":"","title":"","link":"","description":""}},"featured_collection_3":{"type":"featured_collection","settings":{"collection":"","color_scheme":"","title":"","link":"","description":""}}},"block_order":["featured_collection_1","featured_collection_2","featured_collection_3"],"settings":{"title":"Shop by goal","heading_size":"h2","heading_alignment":"center","color_scheme":"","collections_per_row":3,"enable_slider_scrollbar":false,"show_view_all":false,"style":"classic","image_width":"small","image_ratio":"original","custom_ratio":1,"title_size":"h5","grid_alignment":"left","show_product_count":true,"collections_per_row_mobile":"1","swipe_on_mobile":true,"padding_top":100,"padding_bottom":100}},"scrolling_text":{"type":"scrolling-text","blocks":{"scrolling_text_1":{"type":"scrolling_text","settings":{"text":"💪🏻 POWER","link":"","text_stroke":false}},"scrolling_text_2":{"type":"scrolling_text","settings":{"text":"🏋️️ muscle","link":"","text_stroke":true}},"scrolling_text_3":{"type":"scrolling_text","settings":{"text":"⚡️ energy","link":"","text_stroke":false}},"scrolling_text_4":{"type":"scrolling_text","settings":{"text":"🏋️️ muscle","link":"","text_stroke":true}}},"block_order":["scrolling_text_1","scrolling_text_2","scrolling_text_3","scrolling_text_4"],"settings":{"expanded_width":true,"color_scheme":"scheme-1","text_size":"h0","scrolling_speed":"0.75","enable_sticky":false,"padding_top":0,"padding_bottom":100}},"featured_collection":{"type":"featured-collection","blocks":{"featured_collection1":{"type":"featured_collection","settings":{"collection":"","title":""}},"featured_collection2":{"type":"featured_collection","settings":{"collection":"","title":""}},"featured_collection3":{"type":"featured_collection","settings":{"collection":"","title":""}}},"block_order":["featured_collection1","featured_collection2","featured_collection3"],"settings":{"title":"Featured collection","heading_size":"h2","heading_alignment":"center","color_scheme":"","products_to_show":8,"products_per_row":4,"enable_slider_scrollbar":true,"show_view_all":true,"grid_color_scheme":"","grid_style":"classic","image_ratio":"portrait","show_secondary_image":true,"show_vendor":false,"show_rating":false,"enable_quick_add":true,"show_color_swatches":false,"grid_text_alignment":"center","products_per_row_mobile":"2","swipe_on_mobile":true,"padding_top":100,"padding_bottom":100}},"logo_list":{"type":"logo-list","blocks":{"logo_1":{"type":"logo","settings":{"title":"ALL BRANDS","link":""}},"logo_2":{"type":"logo","settings":{"title":"Blaze","link":""}},"logo_3":{"type":"logo","settings":{"title":"Corex","link":""}},"logo_4":{"type":"logo","settings":{"title":"Glean","link":""}},"logo_5":{"type":"logo","settings":{"image":"","title":"Vigor","link":""}},"logo_6":{"type":"logo","settings":{"image":"","title":"Nutra","link":""}}},"block_order":["logo_1","logo_2","logo_3","logo_4","logo_5","logo_6"],"settings":{"title":"Top Brands","heading_size":"h2","heading_alignment":"center","color_scheme":"","logo_per_row":6,"enable_slider_scrollbar":false,"image_ratio":"original","title_size":"h6","text_alignment":"center","logo_per_row_mobile":"2","swipe_on_mobile":true,"padding_top":0,"padding_bottom":100}},"countdown_clock":{"type":"countdown-clock","blocks":{"rotating_badge":{"type":"rotating_badge","settings":{"badge_width":50,"outside_rotate_text":"energy energy  energy  energy energy energy"}},"image":{"type":"image","settings":{"image_placement":true}},"content":{"type":"content","settings":{"heading":"THIS WEEK'S HIGHLIGHTS","heading_size":"h2","text":"<p>Only this weekend get an additional 30% Off gym collections.<\/p>"}},"clock":{"type":"clock","settings":{"enable_clock":true,"year":"2026","month":"01","day":"1","hour":"00","minute":"00","clock_size":"h0","hide_clock":false,"text":"<p>Insert the complete clock message in this section.<\/p>"}},"button":{"type":"button","settings":{"button":"Explore Now","button_link":"","button_style":"outline"}}},"block_order":["rotating_badge","image","content","clock","button"],"settings":{"expanded_width":true,"full_screen":true,"color_scheme":"","padding_top":100,"padding_bottom":100}},"text_columns_with_icons":{"type":"text-columns-with-icons","blocks":{"column_1":{"type":"column","settings":{"color_scheme":"","icon":"icon-package","title":"FREE SHIPPING","text":"<p>We deliver in 48 hours max!<\/p>"}},"column_2":{"type":"column","settings":{"color_scheme":"","icon":"icon-shopping-cart","title":"100% ORIGINAL PROTEIN","text":"<p>Purity for Optimal Muscle Growth<\/p>"}},"column_3":{"type":"column","settings":{"color_scheme":"","icon":"icon-user","title":"WE ARE AVAILABLE 24\/7","text":"<p>Contact us by chat, mail, phone<\/p>"}},"column_4":{"type":"column","settings":{"color_scheme":"","icon":"icon-lock","title":"SECURE PAYMENT","text":"<p>Visa, Mastercard, Amex, PayPal<\/p>"}}},"block_order":["column_1","column_2","column_3","column_4"],"settings":{"title":"","heading_size":"h2","heading_alignment":"center","color_scheme":"","style":"simple","column_per_row":4,"title_size":"h5","text_alignment":"center","column_per_row_mobile":"2","padding_top":100,"padding_bottom":100}},"testimonials":{"type":"testimonials","blocks":{"testimonial_1":{"type":"testimonial","settings":{"quote":"<h3>HIGH-QUALITY PRODUCTS, GREAT DEALS, PROMPT SERVICE. I LIKE HOW YOU ALWAYS STAY IN CONTACT. I WAS KEPT ABREAST OF EACH STEP OF THE PROCESS.<\/h3>","author_designation":"Wellness Wonderland","author_name":"ANNA P","varified_customer":true}},"testimonial_2":{"type":"testimonial","settings":{"quote":"<h3>AFFORDABLE YET HIGH-QUALITY GEAR. THE STORE OFFERS FANTASTIC VALUE FOR MONEY. MY POCKET AND MY FITNESS ROUTINE ARE BOTH THANKING ME.<\/h3>","author_designation":"Value for Money","author_name":"THAI R","varified_customer":true}},"testimonial_3":{"type":"testimonial","settings":{"quote":"<h3>MORE THAN A GYM STORE – IT'S A WELLNESS WONDERLAND! FROM SUPPLEMENTS TO SELF-CARE PRODUCTS, THEY CATER TO EVERY ASPECT OF HEALTH.<\/h3>","author_designation":"Wellness Wonderland","author_name":"PETER T","varified_customer":true}}},"block_order":["testimonial_1","testimonial_2","testimonial_3"],"settings":{"color_scheme":"","padding_top":100,"padding_bottom":100}},"multicolumn":{"type":"multicolumn","blocks":{"column_1":{"type":"column","settings":{"color_scheme":"","active_color_scheme":"","title":"ENERGY MAXIMIZER","heading_size":"h3","description":"<p>Unleash the full pote Unleash the full potential of your energy with Energy's Energy Maximizer. This groundbreaking supplement is a meticulously crafted blend of scientifically proven ingredients designed to boost your vitality, providing sustained and long-lasting energy. Welcome to a new era of wellness where each capsule of Energy Maximizer is a powerhouse of natural ingredients known for their energizing properties. From adaptogens that help your body adapt to stress to vitamins and minerals essential for metabolic function, our formula is a comprehensive solution to combat fatigue and invigorate your daily life.  With Energy Maximizer, you'll experience a gradual release of energy that lasts throughout the day, preventing the crashes associated with traditional energy boosters. Whether you're tackling a demanding workout, a busy workday, or simply need a pick-me-up, rely on Energy Maximizer to optimize your energy levels efficiently and sustainably.ntial of your energy with ienergy's energy maximizer. This groundbreaking supplement is a meticulously crafted blend of scientifically proven ingredients designed to boost your vitality, providing sustained and long-lasting energy.  Welcome to a new era of wellness where each capsule of energy maximizer is a powerhouse of natural ingredients known for their energizing properties. From adaptogens that help your body adapt to stress to vitamins and minerals essential for metabolic function, our formula is a comprehensive solution to combat fatigue and invigorate your daily life.  With energy maximizer, you'll experience a gradual release of energy that lasts throughout the day, preventing the crashes associated with traditional energy boosters. Whether you're tackling a demanding workout, a busy workday, or simply need a pick-me-up, rely on energy maximizer to optimize your energy levels efficiently and sustainably.<\/p>","button_label":"View All","button_link":"","button_style":"outline"}},"column_2":{"type":"column","settings":{"color_scheme":"","active_color_scheme":"","title":"ENDURANCE CATALYST","heading_size":"h3","description":"<p>Ignite your endurance with Energy's Endurance Catalyst, a revolutionary supplement designed for those who push their limits. This cutting-edge formula is a fusion of performance-enhancing ingredients that support stamina, endurance, and recovery. Endurance Catalyst is engineered to optimize your physical capabilities, enabling you to go the extra mile in your fitness journey. Our carefully selected ingredients contribute to improved oxygen utilization, muscle recovery, and reduced exercise-induced fatigue. Whether you're an athlete training for a competition or a fitness enthusiast aiming to surpass personal records, Endurance Catalyst is your key to unlocking peak performance.<\/p>","button_label":"View All","button_link":"","button_style":"outline"}},"column_3":{"type":"column","settings":{"color_scheme":"","active_color_scheme":"","title":"FOCUS SYNERGY","heading_size":"h3","description":"<p>Focus Synergy is a cutting-edge productivity and collaboration platform designed to streamline workflow efficiency and enhance team synergy. With its intuitive interface and powerful features, Focus Synergy empowers individuals and teams to achieve their goals with greater clarity and effectiveness. At the heart of Focus Synergy lies its comprehensive task management system, allowing users to organize, prioritize, and delegate tasks effortlessly. Whether you're managing a complex project or tackling daily to-dos, the platform provides customizable task lists, deadlines, and reminders to keep everyone on track. Furthermore, Focus Synergy fosters seamless collaboration through its robust communication tools. With real-time messaging, file sharing, and team discussions, colleagues can easily collaborate on projects, share updates, and brainstorm ideas regardless of their location. Moreover, Focus Synergy integrates seamlessly with popular productivity tools, such as calendars, email clients, and project management software, ensuring smooth interoperability and eliminating the need for constant context switching.<\/p>","button_label":"View All","button_link":"","button_style":"outline"}}},"block_order":["column_1","column_2","column_3"],"settings":{"title":"","heading_size":"h2","heading_alignment":"center","color_scheme":"","columns_per_row":3,"counter":true,"image_ratio":"original","custom_ratio":1,"padding_top":100,"padding_bottom":100}},"featured_product":{"type":"featured-product","blocks":{"vendor":{"type":"vendor","settings":{}},"title":{"type":"title","settings":{"heading_size":"h2"}},"offer":{"type":"offer","settings":{"color_scheme":"scheme-e2d71777-3a08-49ce-9eca-fdba9c9aff20","content":"<p>🔥 Congratulation! Order now to save 10% on your cart. <\/p>"}},"sku":{"type":"sku","settings":{}},"price":{"type":"price","settings":{}},"variant_picker":{"type":"variant_picker","settings":{"picker_type":"button","color_swatch":true}},"inventory":{"type":"inventory","settings":{"inventory_threshold":10,"low_inventory_notice":"Hurry, limited stock available! Only ||count|| left in stock.","available_message":"In stock, and ready to ship"}},"buy_buttons":{"type":"buy_buttons","settings":{"show_dynamic_checkout":true,"button_suggestions":"Order now","position_top":70,"show_gift_card_recipient":true}},"icon_with_text":{"type":"icon-with-text","settings":{"icon_1":"icon-award","heading_1":"<strong>100% Authentic<\/strong>","icon_2":"icon-return","heading_2":"<strong>10 Day Return<\/strong>","icon_3":"icon-package","heading_3":"<strong>Free Shipping<\/strong>"}},"discount_tUaeb3":{"type":"discount","settings":{"title":"Grab the discount","discount_code":"A1B2 3C4D 5E6F 7G8H","button_label":"Copy","copied_button_label":"Copied!"}},"share":{"type":"share","settings":{}}},"block_order":["vendor","title","offer","sku","price","variant_picker","inventory","buy_buttons","icon_with_text","discount_tUaeb3","share"],"settings":{"expanded_width":true,"product":"","color_scheme":"scheme-1","gallery_layout":"thumbnail_slider vertical-scrollbar","constrain_to_viewport":false,"media_fit":false,"image_zoom":true,"hide_variants":false,"enable_video_looping":false,"padding_top":100,"padding_bottom":100}},"masonry_grid":{"type":"masonry-grid","blocks":{"image_1":{"type":"image","settings":{"color_scheme":"scheme-3","image_height":65,"subheading":"Optimal Performance","title":"REVITALIZE THRIVE","heading_size":"h2","description":"","button_label":"Shop Now","button_link":"","button_style":"primary","text_alignment":"left","scrolling_color_scheme":"","scrolling_text":""}},"image_2":{"type":"image","settings":{"color_scheme":"scheme-3","image_height":65,"subheading":"Strength","title":"Muscle Fuel","heading_size":"h3","description":"","button_label":"","button_link":"","button_style":"outline","text_alignment":"right","scrolling_color_scheme":"scheme-1","scrolling_text":""}},"image_3":{"type":"image","settings":{"color_scheme":"scheme-3","image_height":65,"subheading":"Sunrise Wellness Boost","title":"REVITALIZE YOUR DAY, 🤸‍♀️NOURISH YOUR.","heading_size":"h3","description":"","button_label":"","button_link":"","button_style":"primary","text_alignment":"center","scrolling_color_scheme":"scheme-4","scrolling_text":"⚡️ Power Up, Unbeatable Sale!"}}},"block_order":["image_1","image_2","image_3"],"settings":{"title":"","heading_size":"h2","heading_alignment":"center","color_scheme":"","padding_top":100,"padding_bottom":100}},"product_comparison":{"type":"product-comparison","blocks":{"content":{"type":"content","settings":{"subheading":"","heading":"BENEFITS OVERVIEW","heading_size":"h2","description":"<p>Explore the diverse benefits of In Energy supplements, from enhanced energy and endurance to cognitive support, encapsulated for your holistic wellness.<\/p>","button_label":"Learn More","button_link":"","button_style":"primary"}},"product_1":{"type":"product","settings":{"color_scheme":"scheme-2","heading":"ENERGY PROTEIN SUPPLEMENT","heading_size":"h4","description":"<p><strong>✅ No Artificial Colors<\/strong><\/p><p><strong>✅ No Preservatives<\/strong><\/p><p><strong>✅ Gluten Free<\/strong><\/p><p><strong>✅ Gelatin Free<\/strong><\/p><p><strong>✅ 100% Vegan<\/strong><\/p><p>✅ <strong>Focuses on Sleep & Muscle   Recovery<\/strong><\/p>"}},"product_2":{"type":"product","settings":{"color_scheme":"","heading":"OTHER PROTEIN SUPPLEMENT","heading_size":"h4","description":"<p><strong> ❌ Artificial Colors<\/strong><\/p><p><strong> ❌ Contains Preservatives<\/strong><\/p><p><strong>❌  Contains Gluten<\/strong><\/p><p><strong>❌ May Contain Gelatin<\/strong><\/p><p><strong> ❌ May Not Be Vegan<\/strong><\/p><p><strong>❌ Focuses Only On Sleep<\/strong><\/p>"}}},"block_order":["content","product_1","product_2"],"settings":{"title":"","heading_size":"h2","heading_alignment":"center","color_scheme":"","padding_top":100,"padding_bottom":100}},"featured_blog":{"type":"featured-blog","settings":{"heading":"Blog posts","heading_size":"h2","heading_alignment":"center","color_scheme":"","post_limit":3,"show_view_all":true,"color_scheme_blog":"","blog":"","image_ratio":"original","custom_ratio":2.2,"image_second":false,"show_date":true,"show_author":true,"padding_top":100,"padding_bottom":100}},"multirow":{"type":"multirow","blocks":{"content":{"type":"content","settings":{"subheading":"","heading":"KNOW ENERGY FACTS","heading_size":"h2","description":"<p>Energy, a pure and revitalizing blend, supports focus, metabolism, and well-being. Mindfully crafted for effectiveness, it's your eco-conscious choice for vitality.<\/p>","button_label":"Explore Now","button_link":"","button_style":"primary"}},"row_1":{"type":"row","settings":{"color_scheme":"scheme-2","heading":"NATURAL","heading_size":"h3","text":"<p>Energy is derived from natural sources, providing a clean and sustainable energy solution free from artificial additives, offering a wholesome boost to your vitality.<\/p>","button_label":"View all","button_link":""}},"row_2":{"type":"row","settings":{"color_scheme":"scheme-3","heading":"MAGNESIUM","heading_size":"h3","text":"<p>Experience a revitalizing energy surge with Energy, specially formulated to combat fatigue, enhance focus, and support your overall well-being throughout the day.<\/p>","button_label":"View All","button_link":""}},"row_3":{"type":"row","settings":{"color_scheme":"scheme-1","heading":"FOCUSED","heading_size":"h3","text":"<p>Stay focused and alert with Energy's cognitive support, ensuring heightened mental acuity and concentration during work, study, or any daily activity.<\/p>","button_label":"View All","button_link":""}},"row_4":{"type":"row","settings":{"color_scheme":"scheme-4","heading":"METABOLIC","heading_size":"h3","text":"<p>Support your metabolism with Energy, contributing to efficient calorie utilization and aiding in weight management as part of a healthy and active lifestyle.<\/p>","button_label":"View all","button_link":""}}},"block_order":["content","row_1","row_2","row_3","row_4"],"settings":{"title":"","heading_size":"h2","heading_alignment":"center","color_scheme":"","padding_top":100,"padding_bottom":100}},"newsletter":{"type":"newsletter","blocks":{"heading":{"type":"heading","settings":{"heading":"LET'S KEEP IN TOUCH!","heading_size":"h2"}},"paragraph":{"type":"paragraph","settings":{"text":"<p>Subscribe for product updates and exclusive offers!<\/p>"}},"email_form":{"type":"email_form","settings":{}}},"block_order":["heading","paragraph","email_form"],"settings":{"expanded_width":false,"text_alignment":"left","color_scheme":"","padding_top":50,"padding_bottom":50}},"image_gallery":{"type":"image-gallery","blocks":{"text":{"type":"text","settings":{"title":"@ENERGY","title_size":"h3","description":"","button_label":"Follow us","button_link":""}},"image_1":{"type":"image","settings":{"link":""}},"image_2":{"type":"image","settings":{"link":""}},"image_3":{"type":"image","settings":{"link":""}},"image_4":{"type":"image","settings":{"link":""}},"image_5":{"type":"image","settings":{"link":""}}},"block_order":["text","image_1","image_2","image_3","image_4","image_5"],"settings":{"title":"","heading_size":"h2","heading_alignment":"center","color_scheme":"","column_per_row":6,"enable_slider_scrollbar":true,"image_ratio":"square","circular_style":true,"hover_effect":true,"column_per_row_mobile":"2","swipe_on_mobile":true,"padding_top":100,"padding_bottom":100}}},"order":["rich_text","slideshow","collection_list","scrolling_text","featured_collection","logo_list","countdown_clock","text_columns_with_icons","testimonials","multicolumn","featured_product","masonry_grid","product_comparison","featured_blog","multirow","newsletter","image_gallery"]}