{"sections":{"rich_text":{"type":"rich-text","blocks":{"heading":{"type":"heading","settings":{"subheading":"","heading":"ENERGY BOOST COLLECTIONS","heading_size":"h1","autoslide":""}},"text":{"type":"text","settings":{"text":"<p>our Energy Boost Collections, meticulously crafted with premium, natural.<\/p>"}}},"block_order":["heading","text"],"settings":{"expanded_width":true,"color_scheme":"","padding_top":100,"padding_bottom":100}},"collection_list":{"type":"collection-list","blocks":{"featured_collection_1":{"type":"featured_collection","settings":{"collection":"","color_scheme":"","title":"","link":"","description":""}},"featured_collection_2":{"type":"featured_collection","settings":{"collection":"","color_scheme":"scheme-3","title":"","link":"","description":""}},"featured_collection_3":{"type":"featured_collection","settings":{"collection":"","color_scheme":"","title":"","link":"","description":""}}},"block_order":["featured_collection_1","featured_collection_2","featured_collection_3"],"settings":{"title":"","heading_size":"h2","heading_alignment":"center","color_scheme":"","collections_per_row":1,"enable_slider_scrollbar":false,"show_view_all":false,"style":"classic","image_width":"large","image_ratio":"original","custom_ratio":3,"title_size":"h3","grid_alignment":"left","show_product_count":true,"collections_per_row_mobile":"1","swipe_on_mobile":true,"padding_top":0,"padding_bottom":0}},"scrolling_text":{"type":"scrolling-text","blocks":{"scrolling_text_1":{"type":"scrolling_text","settings":{"text":"🏋️️ MUSCLE","link":"","text_stroke":true}},"scrolling_text_2":{"type":"scrolling_text","settings":{"text":"⚡️ ENERGY","link":"","text_stroke":false}},"scrolling_text_3":{"type":"scrolling_text","settings":{"text":"💪🏻 POWER","link":"","text_stroke":true}}},"block_order":["scrolling_text_1","scrolling_text_2","scrolling_text_3"],"settings":{"expanded_width":true,"color_scheme":"scheme-1","text_size":"h0","scrolling_speed":"0.75","enable_sticky":false,"padding_top":100,"padding_bottom":100}},"main":{"type":"main-list-collections","settings":{"title":"Collections","heading_size":"h2","heading_alignment":"center","color_scheme":"","collections_per_page":6,"collections_per_row":3,"sort":"alphabetical","style":"simple","image_width":"medium","image_ratio":"original","custom_ratio":2,"title_size":"h6","grid_alignment":"center","show_product_count":true,"collections_per_row_mobile":"1","padding_top":0,"padding_bottom":0}},"masonry_grid":{"type":"masonry-grid","blocks":{"image":{"type":"image","settings":{"color_scheme":"scheme-3","image_height":65,"subheading":"Enhancers","title":"FOCUS  SUPPLEMENTS","heading_size":"h3","description":"","button_label":"Explore Now","button_link":"","button_style":"primary","text_alignment":"left","scrolling_color_scheme":"scheme-4","scrolling_text":"Unbeatable Sale!"}},"image_1":{"type":"image","settings":{"color_scheme":"scheme-3","image_height":65,"subheading":"Strength","title":"MUSCLE SCULPT","heading_size":"h3","description":"","button_label":"","button_link":"","button_style":"outline","text_alignment":"right","scrolling_color_scheme":"","scrolling_text":""}},"image_2":{"type":"image","settings":{"color_scheme":"scheme-3","image_height":65,"subheading":"Enhance","title":"Power Blend","heading_size":"h3","description":"","button_label":"","button_link":"","button_style":"outline","text_alignment":"left","scrolling_color_scheme":"","scrolling_text":""}}},"block_order":["image","image_1","image_2"],"settings":{"title":"","heading_size":"h4","heading_alignment":"center","color_scheme":"scheme-1","padding_top":100,"padding_bottom":0}},"rich_text_second":{"type":"rich-text","blocks":{"heading":{"type":"heading","settings":{"subheading":"","heading":"Naturally Energize Vitality","heading_size":"h1","autoslide":""}},"text":{"type":"text","settings":{"text":"<p>Naturally Energize Vitality offers a range of natural  energy-boosting.<\/p>"}}},"block_order":["heading","text"],"settings":{"expanded_width":true,"color_scheme":"","padding_top":100,"padding_bottom":100}},"image_gallery":{"type":"image-gallery","blocks":{"text":{"type":"text","settings":{"title":"@ENERGY","title_size":"h3","description":"","button_label":"Follow Us","button_link":"#"}},"image_1":{"type":"image","settings":{"link":""}},"image_2":{"type":"image","settings":{"link":""}},"image_5":{"type":"image","settings":{"link":""}},"image_3":{"type":"image","settings":{"link":""}},"image_4":{"type":"image","settings":{"link":""}}},"block_order":["text","image_1","image_2","image_5","image_3","image_4"],"settings":{"title":"","heading_size":"h2","heading_alignment":"center","color_scheme":"scheme-2","column_per_row":6,"enable_slider_scrollbar":true,"image_ratio":"square","circular_style":true,"hover_effect":true,"column_per_row_mobile":"2","swipe_on_mobile":true,"padding_top":100,"padding_bottom":100}},"text_columns_with_icons":{"type":"text-columns-with-icons","blocks":{"column_1":{"type":"column","settings":{"color_scheme":"","icon":"icon-package","title":"FREE SHIPPING","text":"<p>We deliver in 48 hours max!<\/p>"}},"column_2":{"type":"column","settings":{"color_scheme":"","icon":"icon-shopping-cart","title":"100% ORIGINAL PROTEIN","text":"<p>Purity for Optimal Muscle Growth<\/p>"}},"column_3":{"type":"column","settings":{"color_scheme":"","icon":"icon-user","title":"WE ARE AVAILABLE 24\/7","text":"<p>Contact us by chat, mail, phone<\/p>"}},"column_4":{"type":"column","settings":{"color_scheme":"","icon":"icon-lock","title":"SECURE PAYMENT","text":"<p>Visa, Mastercard, Amex, PayPal<\/p>"}}},"block_order":["column_1","column_2","column_3","column_4"],"settings":{"title":"","heading_size":"h2","heading_alignment":"center","color_scheme":"scheme-1","style":"simple","column_per_row":4,"title_size":"h5","text_alignment":"center","column_per_row_mobile":"2","padding_top":100,"padding_bottom":100}}},"order":["rich_text","collection_list","scrolling_text","main","masonry_grid","rich_text_second","image_gallery","text_columns_with_icons"]}