{"sections":{"main":{"type":"main-page","disabled":true,"settings":{"padding_top":100,"padding_bottom":100}},"faq":{"type":"faq","blocks":{"content":{"type":"content","settings":{"subheading":"","heading":"FAQ's","heading_size":"h2","description":"<p>Explore energy's FAQs to discover essential information about our premium gym facilities and high-quality supplements for holistic fitness support.<\/p>","button_label":"Contact us","button_link":"","button_style":"primary"}},"get_in_touch":{"type":"get_in_touch","settings":{"heading":"Get in touch","description":"<h5>THEMES@ITGEEKS.COM<\/h5><p>The average response time is 24 hours.<\/p><p>Our customer support operates from Monday to Friday, between 8:00 AM and 8:30 PM.<\/p>"}},"faq_1":{"type":"faq","settings":{"heading":"What is Energy Supplement?","description":"<p> Energy Supplement is a natural dietary supplement formulated to boost energy levels and enhance focus and alertness.<\/p>"}},"faq_2":{"type":"faq","settings":{"heading":"How does Energy Supplement work?","description":"<p>Our supplement works by combining a unique blend of ingredients that support energy production at the cellular level, helping you feel more energized and mentally sharp.<\/p>"}},"faq_3":{"type":"faq","settings":{"heading":"What are the main ingredients in  Energy Supplement?","description":"<p>The main ingredients include vitamins, minerals, herbal extracts, and amino acids known for their energy-boosting properties, such as B vitamins, caffeine, ginseng, and taurine.<\/p>"}},"faq_4":{"type":"faq","settings":{"heading":"Is Energy Supplement safe to use?","description":"<p>Yes, our supplement is manufactured in FDA-approved facilities following strict quality control measures to ensure safety and efficacy.<\/p>"}},"faq_5":{"type":"faq","settings":{"heading":"Can I take Energy Supplement with other medications?","description":"<p>It's always best to consult with your healthcare provider before taking any new supplement, especially if you're currently on medication.<\/p>"}},"faq_Cm3KEz":{"type":"faq","settings":{"heading":"How quickly can I expect to feel the effects of Energy Supplement?","description":"<p>Many users report feeling increased energy and mental clarity within 30 minutes to an hour after taking the supplement.<\/p>"}},"faq_fawRKm":{"type":"faq","settings":{"heading":"Can I take Energy Supplement daily?","description":"<p>Yes, our supplement is designed for daily use to support sustained energy levels and focus.<\/p>"}},"faq_kyrn8p":{"type":"faq","settings":{"heading":"Are there any side effects associated with Energy Supplement?","description":"<p>Side effects are rare but may include mild jitteriness or insomnia, especially if taken in large doses or close to bedtime.<\/p>"}},"faq_CmnYMb":{"type":"faq","settings":{"heading":"Is  Energy Supplement suitable for vegans\/vegetarians?","description":"<p>Yes, our supplement is free from animal-derived ingredients and is suitable for vegans and vegetarians.<\/p>"}},"faq_tWjp8j":{"type":"faq","settings":{"heading":"Can children take Energy Supplement?","description":"<p>Our supplement is formulated for adults and is not recommended for children without consulting a healthcare professional.<\/p>"}}},"block_order":["content","get_in_touch","faq_1","faq_2","faq_3","faq_4","faq_5","faq_Cm3KEz","faq_fawRKm","faq_kyrn8p","faq_CmnYMb","faq_tWjp8j"],"settings":{"title":"","heading_size":"h2","heading_alignment":"center","color_scheme":"","vertical_scrolling":false,"padding_top":100,"padding_bottom":100}}},"order":["main","faq"]}