{"sections":{"progress-ticker":{"type":"progress-ticker","blocks":{"image":{"type":"image","settings":{}}},"block_order":["image"],"settings":{"title":"","heading_size":"h2","heading_alignment":"center","color_scheme":"scheme-1","padding_top":100,"padding_bottom":0}},"main":{"type":"main-page","settings":{"padding_top":60,"padding_bottom":100}},"multicolumn":{"type":"multicolumn","blocks":{"content":{"type":"content","settings":{"subheading":"Team Unity","title":"Our Team","title_size":"h2","description":"<p>Our team is a diverse group of individuals united by a common goal, working together harmoniously to achieve success<\/p>","button_label":"","button_link":"","button_style":"primary","text_alignment":"left"}},"column1":{"type":"column","settings":{"color_scheme":"","active_color_scheme":"","title":"Emilia Johnson","heading_size":"h3","description":"<p>Emilia Johnson is more than just a fitness trainer; she's a beacon of inspiration and transformation in the health and wellness industry. With a diverse background in fitness and a passion for helping others, Emilia has dedicated her life to empowering individuals to unlock their full potential and achieve their fitness goals. As a certified personal trainer with years of experience, Emilia understands that each person's fitness journey is unique. That's why she takes a personalized approach to training, tailoring workouts and nutrition plans to meet the specific needs and goals of her clients.<\/p>","button_label":"","button_link":"","button_style":"outline"}},"column2":{"type":"column","settings":{"color_scheme":"","active_color_scheme":"","title":"Gabriel Rodriguez","heading_size":"h3","description":"<p>Gabriel Rodriguez, a seasoned fitness coach, epitomizes dedication, expertise, and passion in the realm of health and wellness. With years of experience in personal training, Gabriel has honed his skills to empower clients to unlock their full potential and achieve their fitness goals. Gabriel's approach to training goes beyond mere physical exercise; it encompasses holistic well-being. He believes in addressing not only the body but also the mind and spirit, guiding his clients towards a balanced and fulfilling lifestyle. Through personalized workout routines, tailored nutrition plans, and motivational coaching, Gabriel helps individuals transform their bodies and elevate their overall quality of life.<\/p>","button_label":"","button_link":"","button_style":"outline"}}},"block_order":["content","column1","column2"],"settings":{"title":"","heading_size":"h2","heading_alignment":"center","color_scheme":"","columns_per_row":3,"counter":false,"image_ratio":"original","custom_ratio":1,"padding_top":100,"padding_bottom":100}}},"order":["progress-ticker","main","multicolumn"]}