{"sections":{"main":{"type":"main-page","disabled":true,"settings":{"padding_top":100,"padding_bottom":100}},"countdown-clock":{"type":"countdown-clock","blocks":{"clock":{"type":"clock","settings":{"enable_clock":true,"year":"2026","month":"01","day":"1","hour":"00","minute":"00","clock_size":"h2","hide_clock":false,"text":"<p>Insert the complete clock message in this section.<\/p>"}}},"block_order":["clock"],"settings":{"expanded_width":true,"full_screen":false,"color_scheme":"scheme-1","padding_top":100,"padding_bottom":0}},"rich-tex":{"type":"rich-text","blocks":{"heading":{"type":"heading","settings":{"subheading":"","heading":"Supports 🏋️ muscle 💪🏻 growth","heading_size":"h1","autoslide":""}},"text":{"type":"text","settings":{"text":"<p>Compare our most popular Protein  below.<\/p>"}},"button":{"type":"button","settings":{"button_label":"Shop Now","button_suggestions":"","button_link":"","button_style_primary":"primary","button_label_2":"","button_suggestions_2":"","button_link_2":"","button_style_secondary":"outline"}}},"block_order":["heading","text","button"],"settings":{"expanded_width":true,"color_scheme":"","padding_top":30,"padding_bottom":100}},"product-comparison":{"type":"product-comparison","blocks":{"product1":{"type":"product","settings":{"color_scheme":"scheme-2","heading":"Biozyme Power Plus","heading_size":"h4","description":"<p>✅ Supports digestive health.<\/p><p>✅ Natural ingredients.<\/p><p>✅ Enzymes and probiotics included.<\/p><p>✅ Focuses on nutrient absorption.<\/p><p> ✅ Promotes gut flora balance.<\/p><p>✅ Enhances overall wellness.<\/p><p>✅ Aids in digestion.<\/p><p>✅ Gentle on the stomach.<\/p><p><strong>❌<\/strong> Improves gut health.<\/p><p><strong>❌<\/strong> Improves gut health.<\/p><p><strong>❌<\/strong> Helps with bloating and discomfort.<\/p><p>✅ Optimizes nutrient utilization.<\/p>"}},"product2":{"type":"product","settings":{"color_scheme":"scheme-1","heading":"Mega Bulk Fuel","heading_size":"h4","description":"<p>✅ Muscle-building support.<\/p><p>✅ Protein-rich formula.<\/p><p><strong>❌<\/strong> Targets muscle recovery.<\/p><p>✅ Enhances strength and endurance.<\/p><p> ✅ Geared towards athletic performance.<\/p><p>✅ Supports muscle growth..<\/p><p>✅ Supports digestive health.<\/p><p><strong>❌ <\/strong>Helps with muscle repair.<\/p><p>✅ Aids in post-workout recovery..<\/p><p><strong>❌<\/strong> Increases protein intake..<\/p><p>✅ Enhances muscle protein synthesis.<\/p><p>✅ Supports lean muscle mass.<\/p>"}}},"block_order":["product1","product2"],"settings":{"title":"","heading_size":"h2","heading_alignment":"center","color_scheme":"","padding_top":0,"padding_bottom":0}},"rich-text1":{"type":"rich-text","blocks":{"heading":{"type":"heading","settings":{"subheading":"","heading":"Pre Workout: Boost Performance","heading_size":"h1","autoslide":""}},"text":{"type":"text","settings":{"text":"<p>Compare our most popular Pre Workout below.<\/p>"}},"button":{"type":"button","settings":{"button_label":"Shop Now","button_suggestions":"","button_link":"","button_style_primary":"primary","button_label_2":"","button_suggestions_2":"","button_link_2":"","button_style_secondary":"outline"}}},"block_order":["heading","text","button"],"settings":{"expanded_width":true,"color_scheme":"","padding_top":100,"padding_bottom":100}},"product-comparison1":{"type":"product-comparison","blocks":{"product1":{"type":"product","settings":{"color_scheme":"scheme-2","heading":"Ripped Edge Boost","heading_size":"h4","description":"<p>✅ Supports digestive health.<\/p><p>✅ Natural ingredients.<\/p><p>✅ Enzymes and probiotics included.<\/p><p><strong>❌<\/strong> Focuses on nutrient absorption.<\/p><p> ✅ Promotes gut flora balance.<\/p><p>✅ Enhances overall wellness.<\/p><p>✅ Aids in digestion.<\/p><p><strong>❌<\/strong> Gentle on the stomach.<\/p><p>✅ Improves gut health.<\/p><p>✅ Helps with bloating and discomfort.<\/p><p> ✅ Optimizes nutrient utilization.<\/p><p><strong>❌ <\/strong>Supports immune function.<\/p>"}},"product2":{"type":"product","settings":{"color_scheme":"","heading":"Power Fuel Pro","heading_size":"h4","description":"<p>✅ Muscle-building support.<\/p><p>✅ Protein-rich formula.<\/p><p>✅ Targets muscle recovery.<\/p><p><strong>❌<\/strong> Enhances strength and endurance.<\/p><p> ✅ Geared towards athletic performance.<\/p><p>✅ Provides energy boost.<\/p><p><strong>❌<\/strong> Supports muscle growth<\/p><p>✅ Helps with muscle repair.<\/p><p>✅ Aids in post-workout recovery.<\/p><p><strong>❌<\/strong> Increases protein intake.<\/p><p> ✅ Enhances muscle protein synthesis.<\/p><p>✅ Supports lean muscle mass.<\/p>"}}},"block_order":["product1","product2"],"settings":{"title":"","heading_size":"h2","heading_alignment":"center","color_scheme":"","padding_top":0,"padding_bottom":100}},"progress-ticker":{"type":"progress-ticker","blocks":{"content":{"type":"content","settings":{"badge_width":50,"outside_rotate_text":"Circle rotating text! Circle rotating text! Circle rotating text!","subheading":"Reenergize","heading":"Revitalize Your Energy","heading_size":"h2","description":"<p>Discover renewed vitality with our premium energy supplements, scientifically formulated to boost energy levels and enhance overall well-being.<\/p>","button_label":"Explore Now","button_link":"","button_style":"primary","content_alignment":"left"}},"image":{"type":"image","settings":{}},"progress":{"type":"progress","settings":{"color_scheme":"scheme-3","heading":"Progress ticker","heading_size":"h3","description":"","heading_1":"<strong>Increased Energy Levels<\/strong>","progress_1":70,"heading_2":"<strong>Improved Physical Performance<\/strong>","progress_2":40,"heading_3":"<strong>Balanced Blood Sugar Levels<\/strong>","progress_3":80,"heading_4":"<strong>Mood Enhancement<\/strong>","progress_4":30,"heading_5":"","progress_5":0,"heading_6":"","progress_6":0}}},"block_order":["content","image","progress"],"settings":{"title":"","heading_size":"h2","heading_alignment":"center","color_scheme":"scheme-2","padding_top":100,"padding_bottom":100}},"video":{"type":"video","settings":{"title":"","heading_size":"h2","heading_alignment":"center","expanded_width":false,"color_scheme":"scheme-1","enable_video_looping":true,"enable_video_autoplay":true,"video_url":"https:\/\/www.youtube.com\/watch?v=_9VUPq3SxOc","description":"","padding_top":100,"padding_bottom":100}}},"order":["main","countdown-clock","rich-tex","product-comparison","rich-text1","product-comparison1","progress-ticker","video"]}