{"sections":{"main":{"type":"main-page","disabled":true,"settings":{"padding_top":36,"padding_bottom":36}},"form":{"type":"contact-form","settings":{"title":"We are at your service!","heading_size":"h2","description":"<p>If you have any general inquiries, sales-related questions, or press inquiries, please provide us with your contact <br\/>information below. We will promptly get back to you to assist you further.<\/p>","color_scheme":"scheme-2","email":"THEMES@ITGEEKS.COM","phone":"+1 123-456-7890","address":"<p>United States<\/p>","shop_time":"<p>Monday — Friday, 9am — 5pm ET<\/p>","padding_top":100,"padding_bottom":100}},"map":{"type":"map","settings":{"title":"","heading_size":"h2","heading_alignment":"center","color_scheme":"scheme-1","image_height":"small","api_key":"","grayscale":true,"color_scheme_location":"","loaction_name":"Our Retail Store","location_heading_size":"h3","map_address":"CN Tower, 301 Front St W, Toronto, ON M5V 2T6, Canada","address":"<p>Example hours:<br\/>Mon - Fri, 10am - 9pm<br\/>Saturday, 11am - 9pm<br\/>Sunday, 11am - 5pm<\/p>","button_text":"Get directions","padding_top":0,"padding_bottom":100}}},"order":["main","form","map"]}