{"sections":{"main":{"type":"main-product","blocks":{"vendor":{"type":"vendor","settings":{}},"title":{"type":"title","settings":{"heading_size":"h3"}},"offer":{"type":"offer","settings":{"color_scheme":"scheme-e2d71777-3a08-49ce-9eca-fdba9c9aff20","content":"<p>🔥 Congratulation! Order now to save 10% on your cart.<\/p>"}},"sku":{"type":"sku","settings":{}},"price":{"type":"price","settings":{}},"variant_picker":{"type":"variant_picker","settings":{"picker_type":"button","color_swatch":true}},"inventory":{"type":"inventory","settings":{"inventory_threshold":10,"low_inventory_notice":"Hurry, limited stock available! Only ||count|| left in stock.","available_message":"In stock, and ready to ship"}},"buy_buttons":{"type":"buy_buttons","settings":{"show_dynamic_checkout":true,"button_suggestions":"Order now","position_top":70,"show_gift_card_recipient":true}},"icon-with-text":{"type":"icon-with-text","settings":{"icon_1":"icon-award","heading_1":"<strong>100% Authentic<\/strong>","icon_2":"icon-return","heading_2":"<strong>10 Day Return<\/strong>","icon_3":"icon-package","heading_3":"<strong>Free Shipping<\/strong>"}},"discount_P97QNY":{"type":"discount","settings":{"title":"Grab the discount","discount_code":"A1B2 3C4D 5E6F 7G8H","button_label":"Copy","copied_button_label":"Copied!"}},"share":{"type":"share","settings":{}},"complementary":{"type":"complementary","settings":{"block_heading":"Complementary products","product_list_limit":5,"image_ratio":"portrait","enable_quick_add":true}}},"block_order":["vendor","title","offer","sku","price","variant_picker","inventory","buy_buttons","icon-with-text","discount_P97QNY","share","complementary"],"settings":{"expanded_width":true,"color_scheme":"","gallery_layout":"thumbnail_slider vertical-scrollbar","constrain_to_viewport":false,"media_fit":false,"image_zoom":true,"hide_variants":false,"enable_video_looping":false,"padding_top":50,"padding_bottom":50}},"product_tabs":{"type":"product-tabs","blocks":{"tabs_1":{"type":"tabs","settings":{"heading":"Shipping & returns","content":"<p>Shopping online offers unparalleled convenience, but what happens when the product doesn't meet your expectations or arrives damaged? That's where our comprehensive shipping and returns policy comes into play, ensuring your satisfaction every step of the way. At ENERGY, we prioritize your shopping experience, from the moment you click \"checkout\" to the instant your package arrives at your doorstep. Our shipping process is streamlined and efficient, designed to get your items to you as quickly as possible while maintaining the highest standards of care. Upon placing your order, our dedicated team gets to work immediately, carefully packaging your items to prevent any damage during transit. We partner with trusted shipping carriers to ensure reliable delivery to your preferred address, whether it's your home, office, or elsewhere. We understand that waiting for your eagerly anticipated purchase can feel like an eternity, which is why we strive to dispatch orders swiftly. Depending on your location and the shipping method selected, you can expect your package to arrive within [insert estimated delivery time], allowing you to enjoy your new purchase without delay. Despite our best efforts, we recognize that sometimes things don't go as planned. If you receive a damaged, defective, or incorrect item, don't worry – we've got you covered with our hassle-free returns process.<\/p>","page":""}},"tabs_2":{"type":"tabs","settings":{"heading":"Key features","content":"<p>The key features of Energy protein powder could vary depending on the specific product and its formulation. However, here are some common key features you might find in Energy protein powder:<\/p><ol><li><strong>High-Quality Protein Source<\/strong>: Energy protein powder likely contains a high-quality protein source such as whey protein, casein protein, soy protein, pea protein, or a blend of these.<\/li><li><strong>Protein Content<\/strong>: It provides a significant amount of protein per serving to support muscle repair, growth, and overall health. The protein content may vary depending on the product and serving size.<\/li><li><strong>Low in Added Sugars<\/strong>: Energy protein powder may be formulated to be low in added sugars or may contain natural sweeteners like stevia or monk fruit extract.<\/li><li><strong>Nutrient Profile<\/strong>: It may contain essential vitamins and minerals to support overall health and wellness.<\/li><li><strong>Flavor Options<\/strong>: Energy protein powder likely comes in a variety of flavors to suit different preferences, such as chocolate, vanilla, strawberry, etc.<\/li><li><strong>Mixability<\/strong>: It should mix easily with water, milk, or other liquids, creating a smooth and consistent texture without clumps.<\/li><li><strong>Digestibility<\/strong>: Energy protein powder may be formulated for easy digestion, minimizing discomfort often associated with consuming protein supplements.<\/li><li><strong>Versatility<\/strong>: It can be used in various ways, such as post-workout shakes, meal replacements, or added to recipes for an extra protein boost.<\/li><li><strong>Certifications<\/strong>: Energy protein powder may be certified by third-party organizations for quality, purity, and safety, such as NSF International, Informed-Sport, or USP Verified.<\/li><li><strong>Added Functional Ingredients<\/strong>: Some variants of Energy protein powder might include additional functional ingredients like branched-chain amino acids (BCAAs), creatine, glutamine, or probiotics to enhance muscle recovery, immune function, or overall performance.<\/li><\/ol><p>Always check the specific product label or website for detailed information on ingredients, nutritional content, and any special features or benefits.<\/p>","page":""}}},"block_order":["tabs_1","tabs_2"],"settings":{"title":"","heading_size":"h2","heading_alignment":"center","color_scheme":"","color_scheme_tab":"","tab_heading_size":"h3","description_tab":true,"collapse_content":true,"padding_top":100,"padding_bottom":100}},"progress_ticker":{"type":"progress-ticker","blocks":{"image":{"type":"image","settings":{}},"progress":{"type":"progress","settings":{"color_scheme":"scheme-3","heading":"Transformative Benefits of Energy Supplement","heading_size":"h3","description":"","heading_1":"Increased Energy Levels","progress_1":90,"heading_2":"Improved Physical Performance","progress_2":80,"heading_3":"Balanced Blood Sugar Levels","progress_3":70,"heading_4":"Mood Enhancement","progress_4":65,"heading_5":"","progress_5":0,"heading_6":"","progress_6":0}}},"block_order":["image","progress"],"settings":{"title":"","heading_size":"h2","heading_alignment":"center","color_scheme":"scheme-1","padding_top":100,"padding_bottom":100}},"testimonials":{"type":"testimonials","blocks":{"testimonial_1":{"type":"testimonial","settings":{"quote":"<h3>HIGH-QUALITY PRODUCTS, GREAT DEALS, PROMPT SERVICE. I LIKE HOW YOU ALWAYS STAY IN CONTACT. I WAS KEPT ABREAST OF EACH STEP OF THE PROCESS.<\/h3>","author_designation":"Wellness Wonderland","author_name":"ANNA P","varified_customer":true}},"testimonial_2":{"type":"testimonial","settings":{"quote":"<h3>AFFORDABLE YET HIGH-QUALITY GEAR. THE STORE OFFERS FANTASTIC VALUE FOR MONEY. MY POCKET AND MY FITNESS ROUTINE ARE BOTH THANKING ME.<\/h3>","author_designation":"Value for Money","author_name":"THAI R","varified_customer":true}},"testimonial_3":{"type":"testimonial","settings":{"quote":"<h3>MORE THAN A GYM STORE – IT'S A WELLNESS WONDERLAND! FROM SUPPLEMENTS TO SELF-CARE PRODUCTS, THEY CATER TO EVERY ASPECT OF HEALTH.<\/h3>","author_designation":"Wellness Wonderland","author_name":"PETER T","varified_customer":true}}},"block_order":["testimonial_1","testimonial_2","testimonial_3"],"settings":{"color_scheme":"scheme-2","padding_top":100,"padding_bottom":100}},"text-columns-with-icons":{"type":"text-columns-with-icons","blocks":{"column1":{"type":"column","settings":{"color_scheme":"","icon":"icon-package","title":"ENERGY BOOST","text":""}},"column2":{"type":"column","settings":{"color_scheme":"","icon":"icon-package","title":"NATURAL  INGREDIENTS","text":""}},"column3":{"type":"column","settings":{"color_scheme":"","icon":"icon-package","title":"QUALITY ASSURANCE","text":""}},"column4":{"type":"column","settings":{"color_scheme":"","icon":"icon-package","title":"METABOLIC SUPPORT","text":""}},"column5":{"type":"column","settings":{"color_scheme":"","icon":"icon-package","title":"FOCUSED MIND","text":""}},"column6":{"type":"column","settings":{"color_scheme":"","icon":"icon-package","title":"NON-GMO","text":""}}},"block_order":["column1","column2","column3","column4","column5","column6"],"settings":{"title":"Key Ingredient","heading_size":"h2","heading_alignment":"center","color_scheme":"scheme-3","style":"simple","column_per_row":6,"title_size":"h6","text_alignment":"center","column_per_row_mobile":"2","padding_top":100,"padding_bottom":100}},"faq":{"type":"faq","blocks":{"content":{"type":"content","settings":{"subheading":"","heading":"FAQ's","heading_size":"h2","description":"<p>Explore energy's FAQs to discover essential information about our premium gym facilities and high-quality supplements for holistic fitness support.<\/p>","button_label":"Contact us","button_link":"","button_style":"primary"}},"get_in_touch":{"type":"get_in_touch","settings":{"heading":"Get in touch","description":"<h5>THEMES@ITGEEKS.COM<\/h5><p>The average response time is 24 hours.<\/p><p>Our customer support operates from Monday to Friday, between 8:00 AM and 8:30 PM.<\/p>"}},"faq_1":{"type":"faq","settings":{"heading":"What is Energy Supplement?","description":"<p>Energy Supplement is a natural dietary supplement formulated to boost energy levels and enhance focus and alertness.<\/p>"}},"faq_2":{"type":"faq","settings":{"heading":"How does Energy Supplement work?","description":"<p>Our supplement works by combining a unique blend of ingredients that support energy production at the cellular level, helping you feel more energized and mentally sharp.<\/p>"}},"faq_3":{"type":"faq","settings":{"heading":"What are the main ingredients in  Energy Supplement?","description":"<p>The main ingredients include vitamins, minerals, herbal extracts, and amino acids known for their energy-boosting properties, such as B vitamins, caffeine, ginseng, and taurine.<\/p>"}},"faq_4":{"type":"faq","settings":{"heading":"Is Energy Supplement safe to use?","description":"<p>Yes, our supplement is manufactured in FDA-approved facilities following strict quality control measures to ensure safety and efficacy.<\/p>"}},"faq_5":{"type":"faq","settings":{"heading":"Can I take Energy Supplement with other medications?","description":"<p>It's always best to consult with your healthcare provider before taking any new supplement, especially if you're currently on medication.<\/p>"}},"faq_6":{"type":"faq","settings":{"heading":"How quickly can I expect to feel the effects of Energy Supplement?","description":"<p>Many users report feeling increased energy and mental clarity within 30 minutes to an hour after taking the supplement.<\/p>"}},"faq_7":{"type":"faq","settings":{"heading":"How long do the effects of [Brand Name] Energy Supplement last?","description":"<p>The duration of effects can vary from person to person but typically lasts for several hours.<\/p>"}}},"block_order":["content","get_in_touch","faq_1","faq_2","faq_3","faq_4","faq_5","faq_6","faq_7"],"settings":{"title":"","heading_size":"h2","heading_alignment":"center","color_scheme":"","vertical_scrolling":true,"padding_top":100,"padding_bottom":100}},"image_with_text":{"type":"image-with-text","blocks":{"heading":{"type":"heading","settings":{"subheading":"<strong>Sustained Daily Vitality<\/strong>","heading":"ENERGIZE YOUR DAY","heading_size":"h2"}},"text":{"type":"text","settings":{"text":"<p>Energize your day with i Energy – the ultimate solution for sustained vitality and mental clarity. Our scientifically proven formulas are crafted with natural ingredients to provide a smooth and steady energy boost without the crash or jitters. Whether you're tackling a busy workday, crushing your fitness goals, or simply need a pick-me-up, i Energy has you covered. Experience the difference with our customizable solutions, including convenient capsules, refreshing drinks, and versatile powders, designed to fit seamlessly into your lifestyle. With i Energy, you can say goodbye to fatigue and hello to boundless energy, focus, and productivity. <\/p>"}}},"block_order":["heading","text"],"settings":{"section_color_scheme":"","image_position_right":false,"height":"original","color_scheme":"scheme-3","desktop_content_position":"middle","desktop_content_alignment":"left","image_animation":false,"mobile_content_alignment":"center","padding_top":0,"padding_bottom":0}},"text_columns_with_icons_1":{"type":"text-columns-with-icons","blocks":{"column_1":{"type":"column","settings":{"color_scheme":"","icon":"icon-package","title":"Best time to take energy","text":"<p>For optimal effectiveness, take Energy during the morning or early afternoon. This helps provide a sustained energy boost throughout the day without interfering with your sleep patterns.<\/p>"}},"column_2":{"type":"column","settings":{"color_scheme":"","icon":"icon-shopping-cart","title":"Use as pre-workout support","text":"<p>Consider taking Energy before your workout sessions for an added energy boost. This can contribute to improved exercise performance and endurance, making your workouts more effective.<\/p>"}},"column_3":{"type":"column","settings":{"color_scheme":"","icon":"icon-user","title":"POST-WORKOUT RECOVERY","text":"<p>After your workout, replenish protein stores within 30 minutes with a post-workout protein shake or meal. This accelerates muscle recovery, minimizes soreness, and maximizes the benefits of your gym session.<\/p>"}}},"block_order":["column_1","column_2","column_3"],"settings":{"title":"How to use","heading_size":"h2","heading_alignment":"center","color_scheme":"scheme-1","style":"classic","column_per_row":3,"title_size":"h5","text_alignment":"center","column_per_row_mobile":"1","padding_top":100,"padding_bottom":100}},"related-products":{"type":"related-products","settings":{"title":"You may also like","heading_size":"h2","heading_alignment":"center","color_scheme":"","products_to_show":4,"products_per_row":4,"enable_slider_scrollbar":true,"grid_color_scheme":"","grid_style":"classic","image_ratio":"portrait","show_secondary_image":true,"show_vendor":true,"show_rating":true,"enable_quick_add":true,"show_color_swatches":true,"grid_text_alignment":"center","products_per_row_mobile":"1","swipe_on_mobile":true,"padding_top":100,"padding_bottom":100}},"text_columns_with_icons_2":{"type":"text-columns-with-icons","blocks":{"column_1":{"type":"column","settings":{"color_scheme":"","icon":"icon-package","title":"FREE SHIPPING","text":"<p>We deliver in 48 hours max!<\/p>"}},"column_2":{"type":"column","settings":{"color_scheme":"","icon":"icon-shopping-cart","title":"100% ORIGINAL PROTEIN","text":"<p>Purity for Optimal Muscle Growth<\/p>"}},"column_3":{"type":"column","settings":{"color_scheme":"","icon":"icon-user","title":"WE ARE AVAILABLE 24\/7","text":"<p>Contact us by chat, mail, phone<\/p>"}},"column_4":{"type":"column","settings":{"color_scheme":"","icon":"icon-lock","title":"SECURE PAYMENT","text":"<p>Visa, Mastercard, Amex, PayPal<\/p>"}}},"block_order":["column_1","column_2","column_3","column_4"],"settings":{"title":"","heading_size":"h2","heading_alignment":"center","color_scheme":"scheme-1","style":"simple","column_per_row":4,"title_size":"h5","text_alignment":"center","column_per_row_mobile":"2","padding_top":100,"padding_bottom":100}}},"order":["main","product_tabs","progress_ticker","testimonials","text-columns-with-icons","faq","image_with_text","text_columns_with_icons_1","related-products","text_columns_with_icons_2"]}