{"current":{"page_width":1400,"theme_radius":true,"animations_reveal_on_scroll":false,"show_shadow":true,"scroll_to_top_homepage":false,"currency_code_enabled":false,"enable_loader":false,"type_header_font":"syne_n7","heading_base_size":16,"heading_font_type":"large","heading_font_case":"uppercase","type_body_font":"montserrat_n4","body_base_size":16,"sale_badge_color_scheme":"scheme-2","sale_promotion":"","sold_out_badge_color_scheme":"scheme-1","custom_badge_color_scheme":"scheme-7","social_facebook_link":"#","social_instagram_link":"#","social_youtube_link":"#","social_tiktok_link":"","social_twitter_link":"#","social_snapchat_link":"","social_pinterest_link":"","social_tumblr_link":"","social_vimeo_link":"","predictive_search_enabled":true,"suggestions_heading":"Popular collections","suggestions_menu":"main-menu","suggestions_collection":"popular-bars","search_product_shadow":true,"show_cart_note":true,"terms_checkbox":true,"enable_shipping":false,"custom_cursor":false,"heading_scale":130,"body_scale":100,"checkout_sidebar_background_color":"#ffffff","checkout_accent_color":"#28282a","checkout_button_color":"#baf67c","checkout_error_color":"#CA514E","sections":{"main-password-header":{"type":"main-password-header","settings":{"color_scheme":"scheme-1"}},"main-password-footer":{"type":"main-password-footer","settings":{"color_scheme":"scheme-1"}}},"content_for_index":[],"blocks":{"15683396631634586217":{"type":"shopify:\/\/apps\/inbox\/blocks\/chat\/841fc607-4181-4ad1-842d-e24d7f8bad6b","disabled":true,"settings":{"button_color":"#000000","secondary_color":"#ffffff","ternary_color":"#6a6a6a","button_icon":"chat_bubble","button_text":"chat_with_us","button_horizontal_position":"bottom_right","button_vertical_position":"lowest","greeting_message":""}},"1768834845299682660":{"type":"shopify:\/\/apps\/subscriptions\/blocks\/app-embed-block\/a3bfe9ec-96f8-4508-a003-df608a36d2ad","disabled":true,"settings":{"color_text_title":"#6d7175","color_text_body":"#6d7175","dividers_color":"#8f8d8d","bacgkround_color":"#ffffff","border_thickness":1,"border_radius":0,"subscription_policy_url":""}}},"color_schemes":{"scheme-1":{"settings":{"background":"#ff6628","text":"#ffffff","extra_color":"#ffffff","button":"#ffffff","button_label":"#05070b","primary_button_border":"#05070b","primary_button_shadow":"#05070b","secondary_button_background":"#05070b","secondary_button_label":"#ffffff","secondary_button_border":"#ffffff","secondary_button_shadow":"#ffffff"}},"scheme-2":{"settings":{"background":"#ffffff","text":"#28282a","extra_color":"#ffe0d4","button":"#ff6628","button_label":"#ffffff","primary_button_border":"#ff6628","primary_button_shadow":"#121212","secondary_button_background":"#ffffff","secondary_button_label":"#28282a","secondary_button_border":"#121212","secondary_button_shadow":"#121212"}},"scheme-3":{"settings":{"background":"#ff6628","text":"#05070b","extra_color":"#ffffff","button":"#ff6628","button_label":"#28282a","primary_button_border":"#05070b","primary_button_shadow":"#121212","secondary_button_background":"#ffffff","secondary_button_label":"#28282a","secondary_button_border":"#d1d1d1","secondary_button_shadow":"#121212"}},"scheme-4":{"settings":{"background":"#aa78ff","text":"#28282a","extra_color":"#ffffff","button":"#28282a","button_label":"#ffffff","primary_button_border":"#28282a","primary_button_shadow":"#121212","secondary_button_background":"#ffffff","secondary_button_label":"#28282a","secondary_button_border":"#d1d1d1","secondary_button_shadow":"#121212"}},"scheme-5":{"settings":{"background":"#e5d6ff","text":"#000000","extra_color":"#fee0d6","button":"#ff6628","button_label":"#ffffff","primary_button_border":"#05070b","primary_button_shadow":"#05070b","secondary_button_background":"#05070b","secondary_button_label":"#ffffff","secondary_button_border":"#ffffff","secondary_button_shadow":"#ffffff"}},"scheme-6":{"settings":{"background":"#faf4f2","text":"#121212","extra_color":"#121212","button":"#ffffff","button_label":"#121212","primary_button_border":"#e5d6ff","primary_button_shadow":"#e5d6ff","secondary_button_background":"#e5d6ff","secondary_button_label":"#121212","secondary_button_border":"#e5d6ff","secondary_button_shadow":"#e5d6ff"}},"scheme-7":{"settings":{"background":"#ffe0d4","text":"#121212","extra_color":"#ff6628","button":"#ff6628","button_label":"#ffffff","primary_button_border":"#05070b","primary_button_shadow":"#05070b","secondary_button_background":"#ffe0d4","secondary_button_label":"#000000","secondary_button_border":"#000000","secondary_button_shadow":"#000000"}}}},"presets":{"Active":{"page_width":1600,"theme_radius":true,"animations_reveal_on_scroll":true,"currency_code_enabled":false,"loader_heading":"Are you ready","type_header_font":"oswald_n4","heading_base_size":18,"heading_font_case":"uppercase","type_body_font":"dm_sans_n4","sale_badge_color_scheme":"scheme-4","sold_out_badge_color_scheme":"scheme-3","social_facebook_link":"","social_instagram_link":"","social_youtube_link":"","social_tiktok_link":"","social_twitter_link":"","social_snapchat_link":"","social_pinterest_link":"","social_tumblr_link":"","social_vimeo_link":"","predictive_search_enabled":true,"show_cart_note":true,"heading_scale":130,"body_scale":100,"checkout_sidebar_background_color":"#ffffff","checkout_accent_color":"#28282a","checkout_button_color":"#baf67c","checkout_error_color":"#CA514E","sections":{"main-password-header":{"type":"main-password-header","settings":{"color_scheme":"scheme-1"}},"main-password-footer":{"type":"main-password-footer","settings":{"color_scheme":"scheme-1"}}},"content_for_index":[],"color_schemes":{"scheme-1":{"settings":{"background":"#ffffff","text":"#28282a","button":"#baf67c","button_label":"#28282a","primary_button_border":"#baf67c","secondary_button_background":"#ffffff","secondary_button_label":"#28282a","secondary_button_border":"#d1d1d1"}},"scheme-2":{"settings":{"background":"#f1f1f1","text":"#28282a","button":"#baf67c","button_label":"#28282a","primary_button_border":"#baf67c","secondary_button_background":"#ffffff","secondary_button_label":"#28282a","secondary_button_border":"#d1d1d1"}},"scheme-3":{"settings":{"background":"#28282a","text":"#ffffff","button":"#baf67c","button_label":"#28282a","primary_button_border":"#baf67c","secondary_button_background":"#ffffff","secondary_button_label":"#28282a","secondary_button_border":"#d1d1d1"}},"scheme-4":{"settings":{"background":"#baf67c","text":"#28282a","button":"#28282a","button_label":"#ffffff","primary_button_border":"#28282a","secondary_button_background":"#ffffff","secondary_button_label":"#28282a","secondary_button_border":"#d1d1d1"}}}},"Phenomena":{"page_width":1600,"theme_radius":false,"custom_cursor":false,"animations_reveal_on_scroll":true,"scroll_to_top":true,"currency_code_enabled":false,"enable_loader":false,"type_header_font":"poppins_n5","heading_base_size":18,"heading_font_type":"medium","heading_font_case":"normal","type_body_font":"dm_sans_n4","sale_badge_color_scheme":"scheme-4","sold_out_badge_color_scheme":"scheme-3","social_facebook_link":"","social_instagram_link":"","social_youtube_link":"","social_tiktok_link":"","social_twitter_link":"","social_snapchat_link":"","social_pinterest_link":"","social_tumblr_link":"","social_vimeo_link":"","predictive_search_enabled":true,"show_cart_note":true,"checkout_sidebar_background_color":"#ffffff","checkout_accent_color":"#28282a","checkout_button_color":"#28282a","checkout_error_color":"#CA514E","heading_scale":130,"body_scale":100,"sections":{"main-password-header":{"type":"main-password-header","settings":{"color_scheme":"scheme-1"}},"main-password-footer":{"type":"main-password-footer","settings":{"color_scheme":"scheme-1"}}},"content_for_index":[],"color_schemes":{"scheme-1":{"settings":{"background":"#ffffff","text":"#0d2249","button":"#0d2249","button_label":"#ffffff","primary_button_border":"#baf67c","secondary_button_background":"#ffffff","secondary_button_label":"#28282a","secondary_button_border":"#d1d1d1"}},"scheme-2":{"settings":{"background":"#f7f7f7","text":"#28282a","button":"#0d2249","button_label":"#ffffff","primary_button_border":"#baf67c","secondary_button_background":"#ffffff","secondary_button_label":"#28282a","secondary_button_border":"#d1d1d1"}},"scheme-3":{"settings":{"background":"#0d2249","text":"#ffffff","button":"#ffffff","button_label":"#0d2249","primary_button_border":"#baf67c","secondary_button_background":"#ffffff","secondary_button_label":"#28282a","secondary_button_border":"#d1d1d1"}},"scheme-4":{"settings":{"background":"#f0f7fa","text":"#0d2349","button":"#28282a","button_label":"#ffffff","primary_button_border":"#28282a","secondary_button_background":"#ffffff","secondary_button_label":"#28282a","secondary_button_border":"#d1d1d1"}}}},"Power":{"page_width":1600,"theme_radius":false,"custom_cursor":true,"currency_code_enabled":false,"loader_color_scheme":"scheme-4","enable_loader":false,"type_header_font":"prompt_n5","heading_base_size":18,"heading_font_type":"large","heading_font_case":"uppercase","type_body_font":"dm_sans_n4","sale_badge_color_scheme":"scheme-4","sold_out_badge_color_scheme":"scheme-3","social_facebook_link":"","social_instagram_link":"","social_youtube_link":"","social_tiktok_link":"","social_twitter_link":"","social_snapchat_link":"","social_pinterest_link":"","social_tumblr_link":"","social_vimeo_link":"","predictive_search_enabled":true,"show_cart_note":true,"heading_scale":130,"body_scale":100,"checkout_sidebar_background_color":"#ffffff","checkout_accent_color":"#28282a","checkout_button_color":"#e6f263","checkout_error_color":"#CA514E","sections":{"main-password-header":{"type":"main-password-header","settings":{"color_scheme":"scheme-1"}},"main-password-footer":{"type":"main-password-footer","settings":{"color_scheme":"scheme-1"}}},"content_for_index":[],"color_schemes":{"scheme-1":{"settings":{"background":"#f5f3eb","text":"#283230","button":"#e6f263","button_label":"#283230","primary_button_border":"#baf67c","secondary_button_background":"#ffffff","secondary_button_label":"#28282a","secondary_button_border":"#d1d1d1"}},"scheme-2":{"settings":{"background":"#ffffff","text":"#283230","button":"#e6f263","button_label":"#28282a","primary_button_border":"#e6f263","secondary_button_background":"#ffffff","secondary_button_label":"#28282a","secondary_button_border":"#d1d1d1"}},"scheme-3":{"settings":{"background":"#28282a","text":"#ffffff","button":"#e6f263","button_label":"#28282a","primary_button_border":"#baf67c","secondary_button_background":"#ffffff","secondary_button_label":"#28282a","secondary_button_border":"#d1d1d1"}},"scheme-4":{"settings":{"background":"#e6f263","text":"#28282a","button":"#28282a","button_label":"#ffffff","primary_button_border":"#28282a","secondary_button_background":"#ffffff","secondary_button_label":"#28282a","secondary_button_border":"#d1d1d1"}}}}}}